2026.09.22 08:52:06 INFO  Started: Metals version 1.6.9 in folders 'C:\Users\chidi\Desktop\Scala_Project' for client Visual Studio Code 1.137.0.
2026.09.22 08:52:06 INFO  Memory monitor started
2026.09.22 08:52:08 WARN  Using H2 2.5.250 which is newer than the version Flyway has been verified with. The latest verified version of H2 is 2.3.232.
2026.09.22 08:52:08 INFO  no build target found for C:\Users\chidi\Desktop\Scala_Project\build.sbt. Using presentation compiler with project's scala-library version: 3.3.8
2026.09.22 08:52:12 INFO  no build target found for C:\Users\chidi\Desktop\Scala_Project\build.sbt. Using presentation compiler with project's scala-library version: 3.3.8
2026.09.22 08:53:40 INFO  no build target found for C:\Users\chidi\Desktop\Scala_Project\build.sbt. Using presentation compiler with project's scala-library version: 3.3.8
2026.09.22 08:53:40 WARN  no build target for: C:\Users\chidi\Desktop\Scala_Project\build.sbt
Sept. 22, 2026 8:53:40 AM org.eclipse.lsp4j.jsonrpc.RemoteEndpoint handleCancellation
WARNUNG: Unmatched cancel notification for request id 8
2026.09.22 08:53:40 INFO  no build target found for C:\Users\chidi\Desktop\Scala_Project\build.sbt. Using presentation compiler with project's scala-library version: 3.3.8
2026.09.22 08:53:40 INFO  no build target found for C:\Users\chidi\Desktop\Scala_Project\build.sbt. Using presentation compiler with project's scala-library version: 3.3.8
2026.09.22 08:53:40 INFO  no build target found for C:\Users\chidi\Desktop\Scala_Project\build.sbt. Using presentation compiler with project's scala-library version: 3.3.8
2026.09.22 08:53:42 INFO  no build target found for C:\Users\chidi\Desktop\Scala_Project\build.sbt. Using presentation compiler with project's scala-library version: 3.3.8
2026.09.22 08:53:42 INFO  no build target found for C:\Users\chidi\Desktop\Scala_Project\build.sbt. Using presentation compiler with project's scala-library version: 3.3.8
2026.09.22 08:53:42 INFO  no build target found for C:\Users\chidi\Desktop\Scala_Project\build.sbt. Using presentation compiler with project's scala-library version: 3.3.8
2026.09.22 08:53:44 WARN  no build target for: C:\Users\chidi\Desktop\Scala_Project\build.sbt
2026.09.22 08:53:44 INFO  no build target found for C:\Users\chidi\Desktop\Scala_Project\build.sbt. Using presentation compiler with project's scala-library version: 3.3.8
2026.09.22 08:53:44 INFO  no build target found for C:\Users\chidi\Desktop\Scala_Project\build.sbt. Using presentation compiler with project's scala-library version: 3.3.8
2026.09.22 08:53:44 INFO  no build target found for C:\Users\chidi\Desktop\Scala_Project\build.sbt. Using presentation compiler with project's scala-library version: 3.3.8
2026.09.22 08:53:44 WARN  no build target for: C:\Users\chidi\Desktop\Scala_Project\build.sbt
2026.09.22 08:53:44 INFO  no build target found for C:\Users\chidi\Desktop\Scala_Project\build.sbt. Using presentation compiler with project's scala-library version: 3.3.8
2026.09.22 08:54:02 INFO  no build target found for C:\Users\chidi\Desktop\Scala_Project\build.sbt. Using presentation compiler with project's scala-library version: 3.3.8
2026.09.22 08:54:02 INFO  no build target found for C:\Users\chidi\Desktop\Scala_Project\build.sbt. Using presentation compiler with project's scala-library version: 3.3.8
2026.09.22 08:54:02 INFO  no build target found for C:\Users\chidi\Desktop\Scala_Project\build.sbt. Using presentation compiler with project's scala-library version: 3.3.8
2026.09.22 08:54:02 INFO  no build target found for C:\Users\chidi\Desktop\Scala_Project\build.sbt. Using presentation compiler with project's scala-library version: 3.3.8
2026.09.22 08:54:03 INFO  no build target found for C:\Users\chidi\Desktop\Scala_Project\build.sbt. Using presentation compiler with project's scala-library version: 3.3.8
2026.09.22 08:54:03 WARN  no build target for: C:\Users\chidi\Desktop\Scala_Project\build.sbt
2026.09.22 08:54:03 INFO  no build target found for C:\Users\chidi\Desktop\Scala_Project\build.sbt. Using presentation compiler with project's scala-library version: 3.3.8
2026.09.22 08:54:03 INFO  no build target found for C:\Users\chidi\Desktop\Scala_Project\build.sbt. Using presentation compiler with project's scala-library version: 3.3.8
2026.09.22 08:54:04 WARN  no build target for: C:\Users\chidi\Desktop\Scala_Project\build.sbt
2026.09.22 08:54:04 INFO  no build target found for C:\Users\chidi\Desktop\Scala_Project\build.sbt. Using presentation compiler with project's scala-library version: 3.3.8
2026.09.22 08:54:05 INFO  no build target found for C:\Users\chidi\Desktop\Scala_Project\build.sbt. Using presentation compiler with project's scala-library version: 3.3.8
2026.09.22 08:54:18 INFO  no build target found for C:\Users\chidi\Desktop\Scala_Project\model\Card.scala. Using presentation compiler with project's scala-library version: 3.3.8
2026.09.22 08:54:18 WARN  Could not find semantic tokens for: file:///C:/Users/chidi/Desktop/Scala_Project/model/Card.scala
2026.09.22 08:54:28 INFO  no build target found for C:\Users\chidi\Desktop\Scala_Project\model\Card.scala. Using presentation compiler with project's scala-library version: 3.3.8
2026.09.22 08:54:28 INFO  no build target found for C:\Users\chidi\Desktop\Scala_Project\model\Card.scala. Using presentation compiler with project's scala-library version: 3.3.8
2026.09.22 08:54:29 INFO  no build target found for C:\Users\chidi\Desktop\Scala_Project\model\Card.scala. Using presentation compiler with project's scala-library version: 3.3.8
2026.09.22 08:54:29 WARN  no build target for: C:\Users\chidi\Desktop\Scala_Project\model\Card.scala
2026.09.22 08:54:29 INFO  no build target found for C:\Users\chidi\Desktop\Scala_Project\model\Card.scala. Using presentation compiler with project's scala-library version: 3.3.8
2026.09.22 08:54:31 INFO  no build target found for C:\Users\chidi\Desktop\Scala_Project\model\Card.scala. Using presentation compiler with project's scala-library version: 3.3.8
2026.09.22 08:54:31 INFO  no build target found for C:\Users\chidi\Desktop\Scala_Project\model\Card.scala. Using presentation compiler with project's scala-library version: 3.3.8
2026.09.22 08:54:32 INFO  no build target found for C:\Users\chidi\Desktop\Scala_Project\model\Card.scala. Using presentation compiler with project's scala-library version: 3.3.8
2026.09.22 08:54:32 INFO  no build target found for C:\Users\chidi\Desktop\Scala_Project\model\Card.scala. Using presentation compiler with project's scala-library version: 3.3.8
2026.09.22 08:54:32 INFO  no build target found for C:\Users\chidi\Desktop\Scala_Project\model\Card.scala. Using presentation compiler with project's scala-library version: 3.3.8
2026.09.22 08:54:32 INFO  no build target found for C:\Users\chidi\Desktop\Scala_Project\model\Card.scala. Using presentation compiler with project's scala-library version: 3.3.8
2026.09.22 08:54:33 WARN  no build target for: C:\Users\chidi\Desktop\Scala_Project\model\Card.scala
2026.09.22 08:54:33 INFO  no build target found for C:\Users\chidi\Desktop\Scala_Project\model\Card.scala. Using presentation compiler with project's scala-library version: 3.3.8
2026.09.22 08:54:52 INFO  no build target found for C:\Users\chidi\Desktop\Scala_Project\model\Card.scala. Using presentation compiler with project's scala-library version: 3.3.8
2026.09.22 08:55:07 INFO  no build target found for C:\Users\chidi\Desktop\Scala_Project\Main.scala. Using presentation compiler with project's scala-library version: 3.3.8
2026.09.22 08:55:07 WARN  Could not find semantic tokens for: file:///C:/Users/chidi/Desktop/Scala_Project/Main.scala
2026.09.22 08:55:08 INFO  no build target found for C:\Users\chidi\Desktop\Scala_Project\Main.scala. Using presentation compiler with project's scala-library version: 3.3.8
2026.09.22 08:55:08 INFO  no build target found for C:\Users\chidi\Desktop\Scala_Project\Main.scala. Using presentation compiler with project's scala-library version: 3.3.8
2026.09.22 08:55:08 INFO  no build target found for C:\Users\chidi\Desktop\Scala_Project\Main.scala. Using presentation compiler with project's scala-library version: 3.3.8
2026.09.22 08:55:09 WARN  no build target for: C:\Users\chidi\Desktop\Scala_Project\Main.scala
2026.09.22 08:55:09 INFO  no build target found for C:\Users\chidi\Desktop\Scala_Project\Main.scala. Using presentation compiler with project's scala-library version: 3.3.8
2026.09.22 08:55:09 INFO  no build target found for C:\Users\chidi\Desktop\Scala_Project\Main.scala. Using presentation compiler with project's scala-library version: 3.3.8
2026.09.22 08:57:28 INFO  Shutting down server
2026.09.22 08:57:28 INFO  Memory monitor stopped
2026.09.22 08:57:28 INFO  shutting down Metals
2026.09.22 08:57:28 INFO  Exiting server
2026.09.22 09:00:42 INFO  Started: Metals version 1.6.9 in folders 'C:\Users\chidi\Desktop\Scala_Project' for client Visual Studio Code 1.138.0.
2026.09.22 09:00:42 INFO  Memory monitor started
2026.09.22 09:00:43 WARN  Using H2 2.5.250 which is newer than the version Flyway has been verified with. The latest verified version of H2 is 2.3.232.
2026.09.22 09:00:43 INFO  no build target found for C:\Users\chidi\Desktop\Scala_Project\Main.scala. Using presentation compiler with project's scala-library version: 3.3.8
Sept. 22, 2026 9:00:45 AM org.eclipse.lsp4j.jsonrpc.RemoteEndpoint handleCancellation
WARNUNG: Unmatched cancel notification for request id 1
2026.09.22 09:00:45 INFO  no build target found for C:\Users\chidi\Desktop\Scala_Project\Main.scala. Using presentation compiler with project's scala-library version: 3.3.8
2026.09.22 09:00:45 INFO  no build target found for C:\Users\chidi\Desktop\Scala_Project\Main.scala. Using presentation compiler with project's scala-library version: 3.3.8
2026.09.22 09:00:45 INFO  no build target found for C:\Users\chidi\Desktop\Scala_Project\Main.scala. Using presentation compiler with project's scala-library version: 3.3.8
2026.09.22 09:00:50 INFO  no build target found for C:\Users\chidi\Desktop\Scala_Project\model\Deck.scala. Using presentation compiler with project's scala-library version: 3.3.8
2026.09.22 09:00:50 WARN  Could not find semantic tokens for: file:///C:/Users/chidi/Desktop/Scala_Project/model/Deck.scala
2026.09.22 09:00:52 INFO  no build target found for C:\Users\chidi\Desktop\Scala_Project\model\Deck.scala. Using presentation compiler with project's scala-library version: 3.3.8
2026.09.22 09:00:52 INFO  no build target found for C:\Users\chidi\Desktop\Scala_Project\model\Deck.scala. Using presentation compiler with project's scala-library version: 3.3.8
2026.09.22 09:00:52 INFO  no build target found for C:\Users\chidi\Desktop\Scala_Project\model\Deck.scala. Using presentation compiler with project's scala-library version: 3.3.8
2026.09.22 09:00:52 INFO  no build target found for C:\Users\chidi\Desktop\Scala_Project\model\Deck.scala. Using presentation compiler with project's scala-library version: 3.3.8
2026.09.22 09:00:53 INFO  no build target found for C:\Users\chidi\Desktop\Scala_Project\model\Deck.scala. Using presentation compiler with project's scala-library version: 3.3.8
2026.09.22 09:00:52 INFO  no build target found for C:\Users\chidi\Desktop\Scala_Project\model\Deck.scala. Using presentation compiler with project's scala-library version: 3.3.8
2026.09.22 09:00:53 WARN  Could not find semantic tokens for: file:///C:/Users/chidi/Desktop/Scala_Project/model/Deck.scala
2026.09.22 09:00:52 INFO  no build target found for C:\Users\chidi\Desktop\Scala_Project\model\Deck.scala. Using presentation compiler with project's scala-library version: 3.3.8
2026.09.22 09:00:53 INFO  no build target found for C:\Users\chidi\Desktop\Scala_Project\model\Deck.scala. Using presentation compiler with project's scala-library version: 3.3.8
2026.09.22 09:00:53 WARN  Could not find semantic tokens for: file:///C:/Users/chidi/Desktop/Scala_Project/model/Deck.scala
2026.09.22 09:00:52 INFO  no build target found for C:\Users\chidi\Desktop\Scala_Project\model\Deck.scala. Using presentation compiler with project's scala-library version: 3.3.8
2026.09.22 09:00:52 INFO  no build target found for C:\Users\chidi\Desktop\Scala_Project\model\Deck.scala. Using presentation compiler with project's scala-library version: 3.3.8
2026.09.22 09:00:53 INFO  no build target found for C:\Users\chidi\Desktop\Scala_Project\model\Deck.scala. Using presentation compiler with project's scala-library version: 3.3.8
2026.09.22 09:00:53 INFO  no build target found for C:\Users\chidi\Desktop\Scala_Project\model\Deck.scala. Using presentation compiler with project's scala-library version: 3.3.8
2026.09.22 09:00:53 INFO  no build target found for C:\Users\chidi\Desktop\Scala_Project\model\Deck.scala. Using presentation compiler with project's scala-library version: 3.3.8
2026.09.22 09:00:53 WARN  Could not find semantic tokens for: file:///C:/Users/chidi/Desktop/Scala_Project/model/Deck.scala
2026.09.22 09:00:53 INFO  no build target found for C:\Users\chidi\Desktop\Scala_Project\model\Deck.scala. Using presentation compiler with project's scala-library version: 3.3.8
2026.09.22 09:00:53 INFO  no build target found for C:\Users\chidi\Desktop\Scala_Project\model\Deck.scala. Using presentation compiler with project's scala-library version: 3.3.8
2026.09.22 09:00:53 INFO  no build target found for C:\Users\chidi\Desktop\Scala_Project\model\Deck.scala. Using presentation compiler with project's scala-library version: 3.3.8
2026.09.22 09:00:53 INFO  no build target found for C:\Users\chidi\Desktop\Scala_Project\model\Deck.scala. Using presentation compiler with project's scala-library version: 3.3.8
2026.09.22 09:00:53 INFO  no build target found for C:\Users\chidi\Desktop\Scala_Project\model\Deck.scala. Using presentation compiler with project's scala-library version: 3.3.8
2026.09.22 09:00:53 INFO  no build target found for C:\Users\chidi\Desktop\Scala_Project\model\Deck.scala. Using presentation compiler with project's scala-library version: 3.3.8
2026.09.22 09:00:53 INFO  no build target found for C:\Users\chidi\Desktop\Scala_Project\model\Deck.scala. Using presentation compiler with project's scala-library version: 3.3.8
2026.09.22 09:00:53 INFO  no build target found for C:\Users\chidi\Desktop\Scala_Project\model\Deck.scala. Using presentation compiler with project's scala-library version: 3.3.8
2026.09.22 09:00:55 INFO  no build target found for C:\Users\chidi\Desktop\Scala_Project\model\Deck.scala. Using presentation compiler with project's scala-library version: 3.3.8
2026.09.22 09:00:55 INFO  no build target found for C:\Users\chidi\Desktop\Scala_Project\model\Deck.scala. Using presentation compiler with project's scala-library version: 3.3.8
2026.09.22 09:00:56 INFO  no build target found for C:\Users\chidi\Desktop\Scala_Project\model\Deck.scala. Using presentation compiler with project's scala-library version: 3.3.8
2026.09.22 09:00:56 WARN  no build target for: C:\Users\chidi\Desktop\Scala_Project\model\Deck.scala
2026.09.22 09:00:55 INFO  no build target found for C:\Users\chidi\Desktop\Scala_Project\model\Deck.scala. Using presentation compiler with project's scala-library version: 3.3.8
2026.09.22 09:01:08 INFO  no build target found for C:\Users\chidi\Desktop\Scala_Project\model\Deck.scala. Using presentation compiler with project's scala-library version: 3.3.8
2026.09.22 09:01:08 INFO  no build target found for C:\Users\chidi\Desktop\Scala_Project\model\Deck.scala. Using presentation compiler with project's scala-library version: 3.3.8
2026.09.22 09:01:09 INFO  no build target found for C:\Users\chidi\Desktop\Scala_Project\model\Deck.scala. Using presentation compiler with project's scala-library version: 3.3.8
2026.09.22 09:01:09 INFO  no build target found for C:\Users\chidi\Desktop\Scala_Project\model\Deck.scala. Using presentation compiler with project's scala-library version: 3.3.8
2026.09.22 09:01:09 INFO  no build target found for C:\Users\chidi\Desktop\Scala_Project\model\Deck.scala. Using presentation compiler with project's scala-library version: 3.3.8
2026.09.22 09:01:09 INFO  no build target found for C:\Users\chidi\Desktop\Scala_Project\model\Deck.scala. Using presentation compiler with project's scala-library version: 3.3.8
2026.09.22 09:01:10 INFO  no build target found for C:\Users\chidi\Desktop\Scala_Project\model\Deck.scala. Using presentation compiler with project's scala-library version: 3.3.8
2026.09.22 09:01:09 INFO  no build target found for C:\Users\chidi\Desktop\Scala_Project\model\Deck.scala. Using presentation compiler with project's scala-library version: 3.3.8
2026.09.22 09:01:09 INFO  no build target found for C:\Users\chidi\Desktop\Scala_Project\model\Deck.scala. Using presentation compiler with project's scala-library version: 3.3.8
2026.09.22 09:01:09 INFO  no build target found for C:\Users\chidi\Desktop\Scala_Project\model\Deck.scala. Using presentation compiler with project's scala-library version: 3.3.8
2026.09.22 09:01:09 INFO  no build target found for C:\Users\chidi\Desktop\Scala_Project\model\Deck.scala. Using presentation compiler with project's scala-library version: 3.3.8
2026.09.22 09:01:10 INFO  no build target found for C:\Users\chidi\Desktop\Scala_Project\model\Deck.scala. Using presentation compiler with project's scala-library version: 3.3.8
2026.09.22 09:01:09 INFO  no build target found for C:\Users\chidi\Desktop\Scala_Project\model\Deck.scala. Using presentation compiler with project's scala-library version: 3.3.8
2026.09.22 09:01:10 INFO  no build target found for C:\Users\chidi\Desktop\Scala_Project\model\Deck.scala. Using presentation compiler with project's scala-library version: 3.3.8
2026.09.22 09:01:10 INFO  no build target found for C:\Users\chidi\Desktop\Scala_Project\model\Deck.scala. Using presentation compiler with project's scala-library version: 3.3.8
2026.09.22 09:01:10 INFO  no build target found for C:\Users\chidi\Desktop\Scala_Project\model\Deck.scala. Using presentation compiler with project's scala-library version: 3.3.8
2026.09.22 09:01:10 INFO  no build target found for C:\Users\chidi\Desktop\Scala_Project\model\Deck.scala. Using presentation compiler with project's scala-library version: 3.3.8
2026.09.22 09:01:10 INFO  no build target found for C:\Users\chidi\Desktop\Scala_Project\model\Deck.scala. Using presentation compiler with project's scala-library version: 3.3.8
2026.09.22 09:01:11 INFO  no build target found for C:\Users\chidi\Desktop\Scala_Project\model\Deck.scala. Using presentation compiler with project's scala-library version: 3.3.8
2026.09.22 09:01:10 INFO  no build target found for C:\Users\chidi\Desktop\Scala_Project\model\Deck.scala. Using presentation compiler with project's scala-library version: 3.3.8
2026.09.22 09:01:10 INFO  no build target found for C:\Users\chidi\Desktop\Scala_Project\model\Deck.scala. Using presentation compiler with project's scala-library version: 3.3.8
2026.09.22 09:01:12 INFO  no build target found for C:\Users\chidi\Desktop\Scala_Project\model\Deck.scala. Using presentation compiler with project's scala-library version: 3.3.8
2026.09.22 09:01:12 INFO  no build target found for C:\Users\chidi\Desktop\Scala_Project\model\Deck.scala. Using presentation compiler with project's scala-library version: 3.3.8
2026.09.22 09:01:12 INFO  no build target found for C:\Users\chidi\Desktop\Scala_Project\model\Deck.scala. Using presentation compiler with project's scala-library version: 3.3.8
2026.09.22 09:01:12 INFO  no build target found for C:\Users\chidi\Desktop\Scala_Project\model\Deck.scala. Using presentation compiler with project's scala-library version: 3.3.8
2026.09.22 09:01:12 INFO  no build target found for C:\Users\chidi\Desktop\Scala_Project\model\Deck.scala. Using presentation compiler with project's scala-library version: 3.3.8
2026.09.22 09:01:12 INFO  no build target found for C:\Users\chidi\Desktop\Scala_Project\model\Deck.scala. Using presentation compiler with project's scala-library version: 3.3.8
2026.09.22 09:01:13 INFO  no build target found for C:\Users\chidi\Desktop\Scala_Project\model\Deck.scala. Using presentation compiler with project's scala-library version: 3.3.8
2026.09.22 09:01:13 WARN  no build target for: C:\Users\chidi\Desktop\Scala_Project\model\Deck.scala
2026.09.22 09:01:13 INFO  no build target found for C:\Users\chidi\Desktop\Scala_Project\model\Deck.scala. Using presentation compiler with project's scala-library version: 3.3.8
2026.09.22 09:01:15 INFO  no build target found for C:\Users\chidi\Desktop\Scala_Project\model\Deck.scala. Using presentation compiler with project's scala-library version: 3.3.8
2026.09.22 09:01:16 INFO  no build target found for C:\Users\chidi\Desktop\Scala_Project\model\Deck.scala. Using presentation compiler with project's scala-library version: 3.3.8
2026.09.22 09:01:15 INFO  no build target found for C:\Users\chidi\Desktop\Scala_Project\model\Deck.scala. Using presentation compiler with project's scala-library version: 3.3.8
2026.09.22 09:01:15 INFO  no build target found for C:\Users\chidi\Desktop\Scala_Project\model\Deck.scala. Using presentation compiler with project's scala-library version: 3.3.8
2026.09.22 09:01:15 INFO  no build target found for C:\Users\chidi\Desktop\Scala_Project\model\Deck.scala. Using presentation compiler with project's scala-library version: 3.3.8
2026.09.22 09:01:15 INFO  no build target found for C:\Users\chidi\Desktop\Scala_Project\model\Deck.scala. Using presentation compiler with project's scala-library version: 3.3.8
2026.09.22 09:01:16 INFO  no build target found for C:\Users\chidi\Desktop\Scala_Project\model\Deck.scala. Using presentation compiler with project's scala-library version: 3.3.8
2026.09.22 09:01:16 INFO  no build target found for C:\Users\chidi\Desktop\Scala_Project\model\Deck.scala. Using presentation compiler with project's scala-library version: 3.3.8
2026.09.22 09:01:16 INFO  no build target found for C:\Users\chidi\Desktop\Scala_Project\model\Deck.scala. Using presentation compiler with project's scala-library version: 3.3.8
2026.09.22 09:01:16 INFO  no build target found for C:\Users\chidi\Desktop\Scala_Project\model\Deck.scala. Using presentation compiler with project's scala-library version: 3.3.8
2026.09.22 09:01:16 INFO  no build target found for C:\Users\chidi\Desktop\Scala_Project\model\Deck.scala. Using presentation compiler with project's scala-library version: 3.3.8
2026.09.22 09:01:16 INFO  no build target found for C:\Users\chidi\Desktop\Scala_Project\model\Deck.scala. Using presentation compiler with project's scala-library version: 3.3.8
2026.09.22 09:01:16 INFO  no build target found for C:\Users\chidi\Desktop\Scala_Project\model\Deck.scala. Using presentation compiler with project's scala-library version: 3.3.8
2026.09.22 09:01:16 INFO  no build target found for C:\Users\chidi\Desktop\Scala_Project\model\Deck.scala. Using presentation compiler with project's scala-library version: 3.3.8
2026.09.22 09:01:16 INFO  no build target found for C:\Users\chidi\Desktop\Scala_Project\model\Deck.scala. Using presentation compiler with project's scala-library version: 3.3.8
2026.09.22 09:01:16 INFO  no build target found for C:\Users\chidi\Desktop\Scala_Project\model\Deck.scala. Using presentation compiler with project's scala-library version: 3.3.8
2026.09.22 09:01:16 INFO  no build target found for C:\Users\chidi\Desktop\Scala_Project\model\Deck.scala. Using presentation compiler with project's scala-library version: 3.3.8
2026.09.22 09:01:16 INFO  no build target found for C:\Users\chidi\Desktop\Scala_Project\model\Deck.scala. Using presentation compiler with project's scala-library version: 3.3.8
2026.09.22 09:01:16 INFO  no build target found for C:\Users\chidi\Desktop\Scala_Project\model\Deck.scala. Using presentation compiler with project's scala-library version: 3.3.8
2026.09.22 09:01:16 INFO  no build target found for C:\Users\chidi\Desktop\Scala_Project\model\Deck.scala. Using presentation compiler with project's scala-library version: 3.3.8
2026.09.22 09:01:17 INFO  no build target found for C:\Users\chidi\Desktop\Scala_Project\model\Deck.scala. Using presentation compiler with project's scala-library version: 3.3.8
2026.09.22 09:01:18 INFO  no build target found for C:\Users\chidi\Desktop\Scala_Project\model\Deck.scala. Using presentation compiler with project's scala-library version: 3.3.8
2026.09.22 09:01:18 INFO  no build target found for C:\Users\chidi\Desktop\Scala_Project\model\Deck.scala. Using presentation compiler with project's scala-library version: 3.3.8
2026.09.22 09:01:18 WARN  no build target for: C:\Users\chidi\Desktop\Scala_Project\model\Deck.scala
2026.09.22 09:01:18 INFO  no build target found for C:\Users\chidi\Desktop\Scala_Project\model\Deck.scala. Using presentation compiler with project's scala-library version: 3.3.8
2026.09.22 09:01:19 INFO  no build target found for C:\Users\chidi\Desktop\Scala_Project\model\Deck.scala. Using presentation compiler with project's scala-library version: 3.3.8
2026.09.22 09:01:19 INFO  no build target found for C:\Users\chidi\Desktop\Scala_Project\model\Deck.scala. Using presentation compiler with project's scala-library version: 3.3.8
2026.09.22 09:01:18 INFO  no build target found for C:\Users\chidi\Desktop\Scala_Project\model\Deck.scala. Using presentation compiler with project's scala-library version: 3.3.8
2026.09.22 09:01:19 INFO  no build target found for C:\Users\chidi\Desktop\Scala_Project\model\Deck.scala. Using presentation compiler with project's scala-library version: 3.3.8
2026.09.22 09:01:19 INFO  no build target found for C:\Users\chidi\Desktop\Scala_Project\model\Deck.scala. Using presentation compiler with project's scala-library version: 3.3.8
2026.09.22 09:01:19 INFO  no build target found for C:\Users\chidi\Desktop\Scala_Project\model\Deck.scala. Using presentation compiler with project's scala-library version: 3.3.8
2026.09.22 09:01:19 INFO  no build target found for C:\Users\chidi\Desktop\Scala_Project\model\Deck.scala. Using presentation compiler with project's scala-library version: 3.3.8
2026.09.22 09:01:20 INFO  no build target found for C:\Users\chidi\Desktop\Scala_Project\model\Deck.scala. Using presentation compiler with project's scala-library version: 3.3.8
2026.09.22 09:01:19 INFO  no build target found for C:\Users\chidi\Desktop\Scala_Project\model\Deck.scala. Using presentation compiler with project's scala-library version: 3.3.8
2026.09.22 09:01:19 INFO  no build target found for C:\Users\chidi\Desktop\Scala_Project\model\Deck.scala. Using presentation compiler with project's scala-library version: 3.3.8
2026.09.22 09:01:20 INFO  no build target found for C:\Users\chidi\Desktop\Scala_Project\model\Deck.scala. Using presentation compiler with project's scala-library version: 3.3.8
Sept. 22, 2026 9:01:20 AM org.eclipse.lsp4j.jsonrpc.RemoteEndpoint handleCancellation
WARNUNG: Unmatched cancel notification for request id 154
2026.09.22 09:01:20 INFO  no build target found for C:\Users\chidi\Desktop\Scala_Project\model\Deck.scala. Using presentation compiler with project's scala-library version: 3.3.8
2026.09.22 09:01:20 INFO  no build target found for C:\Users\chidi\Desktop\Scala_Project\model\Deck.scala. Using presentation compiler with project's scala-library version: 3.3.8
2026.09.22 09:01:20 INFO  no build target found for C:\Users\chidi\Desktop\Scala_Project\model\Deck.scala. Using presentation compiler with project's scala-library version: 3.3.8
2026.09.22 09:01:21 WARN  no build target for: C:\Users\chidi\Desktop\Scala_Project\model\Deck.scala
2026.09.22 09:01:21 INFO  no build target found for C:\Users\chidi\Desktop\Scala_Project\model\Deck.scala. Using presentation compiler with project's scala-library version: 3.3.8
2026.09.22 09:01:21 INFO  no build target found for C:\Users\chidi\Desktop\Scala_Project\model\Deck.scala. Using presentation compiler with project's scala-library version: 3.3.8
2026.09.22 09:01:22 INFO  no build target found for C:\Users\chidi\Desktop\Scala_Project\model\Deck.scala. Using presentation compiler with project's scala-library version: 3.3.8
2026.09.22 09:01:22 INFO  no build target found for C:\Users\chidi\Desktop\Scala_Project\model\Deck.scala. Using presentation compiler with project's scala-library version: 3.3.8
2026.09.22 09:01:22 INFO  no build target found for C:\Users\chidi\Desktop\Scala_Project\model\Deck.scala. Using presentation compiler with project's scala-library version: 3.3.8
2026.09.22 09:01:22 INFO  no build target found for C:\Users\chidi\Desktop\Scala_Project\model\Deck.scala. Using presentation compiler with project's scala-library version: 3.3.8
2026.09.22 09:01:23 INFO  no build target found for C:\Users\chidi\Desktop\Scala_Project\model\Deck.scala. Using presentation compiler with project's scala-library version: 3.3.8
2026.09.22 09:01:23 WARN  no build target for: C:\Users\chidi\Desktop\Scala_Project\model\Deck.scala
2026.09.22 09:01:22 INFO  no build target found for C:\Users\chidi\Desktop\Scala_Project\model\Deck.scala. Using presentation compiler with project's scala-library version: 3.3.8
2026.09.22 09:01:24 INFO  no build target found for C:\Users\chidi\Desktop\Scala_Project\model\Deck.scala. Using presentation compiler with project's scala-library version: 3.3.8
2026.09.22 09:01:24 INFO  no build target found for C:\Users\chidi\Desktop\Scala_Project\model\Deck.scala. Using presentation compiler with project's scala-library version: 3.3.8
2026.09.22 09:01:24 INFO  no build target found for C:\Users\chidi\Desktop\Scala_Project\model\Deck.scala. Using presentation compiler with project's scala-library version: 3.3.8
2026.09.22 09:01:24 INFO  no build target found for C:\Users\chidi\Desktop\Scala_Project\model\Deck.scala. Using presentation compiler with project's scala-library version: 3.3.8
2026.09.22 09:01:24 INFO  no build target found for C:\Users\chidi\Desktop\Scala_Project\model\Deck.scala. Using presentation compiler with project's scala-library version: 3.3.8
2026.09.22 09:01:24 INFO  no build target found for C:\Users\chidi\Desktop\Scala_Project\model\Deck.scala. Using presentation compiler with project's scala-library version: 3.3.8
2026.09.22 09:01:24 INFO  no build target found for C:\Users\chidi\Desktop\Scala_Project\model\Deck.scala. Using presentation compiler with project's scala-library version: 3.3.8
2026.09.22 09:01:24 INFO  no build target found for C:\Users\chidi\Desktop\Scala_Project\model\Deck.scala. Using presentation compiler with project's scala-library version: 3.3.8
2026.09.22 09:01:24 INFO  no build target found for C:\Users\chidi\Desktop\Scala_Project\model\Deck.scala. Using presentation compiler with project's scala-library version: 3.3.8
2026.09.22 09:01:24 INFO  no build target found for C:\Users\chidi\Desktop\Scala_Project\model\Deck.scala. Using presentation compiler with project's scala-library version: 3.3.8
2026.09.22 09:01:24 INFO  no build target found for C:\Users\chidi\Desktop\Scala_Project\model\Deck.scala. Using presentation compiler with project's scala-library version: 3.3.8
2026.09.22 09:01:24 INFO  no build target found for C:\Users\chidi\Desktop\Scala_Project\model\Deck.scala. Using presentation compiler with project's scala-library version: 3.3.8
2026.09.22 09:01:25 INFO  no build target found for C:\Users\chidi\Desktop\Scala_Project\model\Deck.scala. Using presentation compiler with project's scala-library version: 3.3.8
2026.09.22 09:01:25 INFO  no build target found for C:\Users\chidi\Desktop\Scala_Project\model\Deck.scala. Using presentation compiler with project's scala-library version: 3.3.8
2026.09.22 09:01:25 INFO  no build target found for C:\Users\chidi\Desktop\Scala_Project\model\Deck.scala. Using presentation compiler with project's scala-library version: 3.3.8
2026.09.22 09:01:25 INFO  no build target found for C:\Users\chidi\Desktop\Scala_Project\model\Deck.scala. Using presentation compiler with project's scala-library version: 3.3.8
2026.09.22 09:01:25 INFO  no build target found for C:\Users\chidi\Desktop\Scala_Project\model\Deck.scala. Using presentation compiler with project's scala-library version: 3.3.8
2026.09.22 09:01:26 INFO  no build target found for C:\Users\chidi\Desktop\Scala_Project\model\Deck.scala. Using presentation compiler with project's scala-library version: 3.3.8
2026.09.22 09:01:25 INFO  no build target found for C:\Users\chidi\Desktop\Scala_Project\model\Deck.scala. Using presentation compiler with project's scala-library version: 3.3.8
2026.09.22 09:01:25 INFO  no build target found for C:\Users\chidi\Desktop\Scala_Project\model\Deck.scala. Using presentation compiler with project's scala-library version: 3.3.8
2026.09.22 09:01:27 INFO  no build target found for C:\Users\chidi\Desktop\Scala_Project\model\Deck.scala. Using presentation compiler with project's scala-library version: 3.3.8
2026.09.22 09:01:27 INFO  no build target found for C:\Users\chidi\Desktop\Scala_Project\model\Deck.scala. Using presentation compiler with project's scala-library version: 3.3.8
2026.09.22 09:01:27 WARN  no build target for: C:\Users\chidi\Desktop\Scala_Project\model\Deck.scala
2026.09.22 09:01:27 INFO  no build target found for C:\Users\chidi\Desktop\Scala_Project\model\Deck.scala. Using presentation compiler with project's scala-library version: 3.3.8
2026.09.22 09:01:28 INFO  no build target found for C:\Users\chidi\Desktop\Scala_Project\model\Deck.scala. Using presentation compiler with project's scala-library version: 3.3.8
2026.09.22 09:01:28 INFO  no build target found for C:\Users\chidi\Desktop\Scala_Project\model\Deck.scala. Using presentation compiler with project's scala-library version: 3.3.8
2026.09.22 09:01:28 INFO  no build target found for C:\Users\chidi\Desktop\Scala_Project\model\Deck.scala. Using presentation compiler with project's scala-library version: 3.3.8
2026.09.22 09:01:28 INFO  no build target found for C:\Users\chidi\Desktop\Scala_Project\model\Deck.scala. Using presentation compiler with project's scala-library version: 3.3.8
2026.09.22 09:01:28 INFO  no build target found for C:\Users\chidi\Desktop\Scala_Project\model\Deck.scala. Using presentation compiler with project's scala-library version: 3.3.8
2026.09.22 09:01:28 INFO  no build target found for C:\Users\chidi\Desktop\Scala_Project\model\Deck.scala. Using presentation compiler with project's scala-library version: 3.3.8
2026.09.22 09:01:28 INFO  no build target found for C:\Users\chidi\Desktop\Scala_Project\model\Deck.scala. Using presentation compiler with project's scala-library version: 3.3.8
Sept. 22, 2026 9:01:28 AM org.eclipse.lsp4j.jsonrpc.RemoteEndpoint handleCancellation
WARNUNG: Unmatched cancel notification for request id 225
2026.09.22 09:01:28 INFO  no build target found for C:\Users\chidi\Desktop\Scala_Project\model\Deck.scala. Using presentation compiler with project's scala-library version: 3.3.8
2026.09.22 09:01:29 INFO  no build target found for C:\Users\chidi\Desktop\Scala_Project\model\Deck.scala. Using presentation compiler with project's scala-library version: 3.3.8
2026.09.22 09:01:29 INFO  no build target found for C:\Users\chidi\Desktop\Scala_Project\model\Deck.scala. Using presentation compiler with project's scala-library version: 3.3.8
2026.09.22 09:01:29 INFO  no build target found for C:\Users\chidi\Desktop\Scala_Project\model\Deck.scala. Using presentation compiler with project's scala-library version: 3.3.8
2026.09.22 09:01:29 INFO  no build target found for C:\Users\chidi\Desktop\Scala_Project\model\Deck.scala. Using presentation compiler with project's scala-library version: 3.3.8
2026.09.22 09:01:29 INFO  no build target found for C:\Users\chidi\Desktop\Scala_Project\model\Deck.scala. Using presentation compiler with project's scala-library version: 3.3.8
2026.09.22 09:01:30 INFO  no build target found for C:\Users\chidi\Desktop\Scala_Project\model\Deck.scala. Using presentation compiler with project's scala-library version: 3.3.8
2026.09.22 09:01:30 WARN  no build target for: C:\Users\chidi\Desktop\Scala_Project\model\Deck.scala
2026.09.22 09:01:30 INFO  no build target found for C:\Users\chidi\Desktop\Scala_Project\model\Deck.scala. Using presentation compiler with project's scala-library version: 3.3.8
2026.09.22 09:01:32 INFO  no build target found for C:\Users\chidi\Desktop\Scala_Project\model\Deck.scala. Using presentation compiler with project's scala-library version: 3.3.8
2026.09.22 09:01:32 INFO  no build target found for C:\Users\chidi\Desktop\Scala_Project\model\Deck.scala. Using presentation compiler with project's scala-library version: 3.3.8
2026.09.22 09:01:32 INFO  no build target found for C:\Users\chidi\Desktop\Scala_Project\model\Deck.scala. Using presentation compiler with project's scala-library version: 3.3.8
2026.09.22 09:01:32 INFO  no build target found for C:\Users\chidi\Desktop\Scala_Project\model\Deck.scala. Using presentation compiler with project's scala-library version: 3.3.8
2026.09.22 09:01:33 INFO  no build target found for C:\Users\chidi\Desktop\Scala_Project\model\Deck.scala. Using presentation compiler with project's scala-library version: 3.3.8
2026.09.22 09:01:33 INFO  no build target found for C:\Users\chidi\Desktop\Scala_Project\model\Deck.scala. Using presentation compiler with project's scala-library version: 3.3.8
2026.09.22 09:01:33 INFO  no build target found for C:\Users\chidi\Desktop\Scala_Project\model\Deck.scala. Using presentation compiler with project's scala-library version: 3.3.8
2026.09.22 09:01:33 INFO  no build target found for C:\Users\chidi\Desktop\Scala_Project\model\Deck.scala. Using presentation compiler with project's scala-library version: 3.3.8
2026.09.22 09:01:33 INFO  no build target found for C:\Users\chidi\Desktop\Scala_Project\model\Deck.scala. Using presentation compiler with project's scala-library version: 3.3.8
2026.09.22 09:01:33 INFO  no build target found for C:\Users\chidi\Desktop\Scala_Project\model\Deck.scala. Using presentation compiler with project's scala-library version: 3.3.8
2026.09.22 09:01:33 INFO  no build target found for C:\Users\chidi\Desktop\Scala_Project\model\Deck.scala. Using presentation compiler with project's scala-library version: 3.3.8
2026.09.22 09:01:33 INFO  no build target found for C:\Users\chidi\Desktop\Scala_Project\model\Deck.scala. Using presentation compiler with project's scala-library version: 3.3.8
2026.09.22 09:01:33 INFO  no build target found for C:\Users\chidi\Desktop\Scala_Project\model\Deck.scala. Using presentation compiler with project's scala-library version: 3.3.8
2026.09.22 09:01:34 INFO  no build target found for C:\Users\chidi\Desktop\Scala_Project\model\Deck.scala. Using presentation compiler with project's scala-library version: 3.3.8
2026.09.22 09:01:34 INFO  no build target found for C:\Users\chidi\Desktop\Scala_Project\model\Deck.scala. Using presentation compiler with project's scala-library version: 3.3.8
2026.09.22 09:01:34 INFO  no build target found for C:\Users\chidi\Desktop\Scala_Project\model\Deck.scala. Using presentation compiler with project's scala-library version: 3.3.8
2026.09.22 09:01:34 INFO  no build target found for C:\Users\chidi\Desktop\Scala_Project\model\Deck.scala. Using presentation compiler with project's scala-library version: 3.3.8
2026.09.22 09:01:34 INFO  no build target found for C:\Users\chidi\Desktop\Scala_Project\model\Deck.scala. Using presentation compiler with project's scala-library version: 3.3.8
2026.09.22 09:01:34 INFO  no build target found for C:\Users\chidi\Desktop\Scala_Project\model\Deck.scala. Using presentation compiler with project's scala-library version: 3.3.8
2026.09.22 09:01:35 INFO  no build target found for C:\Users\chidi\Desktop\Scala_Project\model\Deck.scala. Using presentation compiler with project's scala-library version: 3.3.8
2026.09.22 09:01:36 WARN  no build target for: C:\Users\chidi\Desktop\Scala_Project\model\Deck.scala
2026.09.22 09:01:36 INFO  no build target found for C:\Users\chidi\Desktop\Scala_Project\model\Deck.scala. Using presentation compiler with project's scala-library version: 3.3.8
2026.09.22 09:01:36 INFO  no build target found for C:\Users\chidi\Desktop\Scala_Project\model\Deck.scala. Using presentation compiler with project's scala-library version: 3.3.8
2026.09.22 09:01:37 INFO  no build target found for C:\Users\chidi\Desktop\Scala_Project\model\Deck.scala. Using presentation compiler with project's scala-library version: 3.3.8
2026.09.22 09:01:37 INFO  no build target found for C:\Users\chidi\Desktop\Scala_Project\model\Deck.scala. Using presentation compiler with project's scala-library version: 3.3.8
2026.09.22 09:01:37 INFO  no build target found for C:\Users\chidi\Desktop\Scala_Project\model\Deck.scala. Using presentation compiler with project's scala-library version: 3.3.8
2026.09.22 09:01:37 INFO  no build target found for C:\Users\chidi\Desktop\Scala_Project\model\Deck.scala. Using presentation compiler with project's scala-library version: 3.3.8
2026.09.22 09:01:37 INFO  no build target found for C:\Users\chidi\Desktop\Scala_Project\model\Deck.scala. Using presentation compiler with project's scala-library version: 3.3.8
2026.09.22 09:01:37 INFO  no build target found for C:\Users\chidi\Desktop\Scala_Project\model\Deck.scala. Using presentation compiler with project's scala-library version: 3.3.8
2026.09.22 09:01:37 INFO  no build target found for C:\Users\chidi\Desktop\Scala_Project\model\Deck.scala. Using presentation compiler with project's scala-library version: 3.3.8
2026.09.22 09:01:37 INFO  no build target found for C:\Users\chidi\Desktop\Scala_Project\model\Deck.scala. Using presentation compiler with project's scala-library version: 3.3.8
2026.09.22 09:01:38 INFO  no build target found for C:\Users\chidi\Desktop\Scala_Project\model\Deck.scala. Using presentation compiler with project's scala-library version: 3.3.8
2026.09.22 09:01:38 INFO  no build target found for C:\Users\chidi\Desktop\Scala_Project\model\Deck.scala. Using presentation compiler with project's scala-library version: 3.3.8
2026.09.22 09:01:38 INFO  no build target found for C:\Users\chidi\Desktop\Scala_Project\model\Deck.scala. Using presentation compiler with project's scala-library version: 3.3.8
2026.09.22 09:01:38 INFO  no build target found for C:\Users\chidi\Desktop\Scala_Project\model\Deck.scala. Using presentation compiler with project's scala-library version: 3.3.8
2026.09.22 09:01:39 INFO  no build target found for C:\Users\chidi\Desktop\Scala_Project\model\Deck.scala. Using presentation compiler with project's scala-library version: 3.3.8
2026.09.22 09:01:38 INFO  no build target found for C:\Users\chidi\Desktop\Scala_Project\model\Deck.scala. Using presentation compiler with project's scala-library version: 3.3.8
2026.09.22 09:01:38 INFO  no build target found for C:\Users\chidi\Desktop\Scala_Project\model\Deck.scala. Using presentation compiler with project's scala-library version: 3.3.8
2026.09.22 09:01:39 INFO  no build target found for C:\Users\chidi\Desktop\Scala_Project\model\Deck.scala. Using presentation compiler with project's scala-library version: 3.3.8
2026.09.22 09:01:39 INFO  no build target found for C:\Users\chidi\Desktop\Scala_Project\model\Deck.scala. Using presentation compiler with project's scala-library version: 3.3.8
2026.09.22 09:01:39 INFO  no build target found for C:\Users\chidi\Desktop\Scala_Project\model\Deck.scala. Using presentation compiler with project's scala-library version: 3.3.8
2026.09.22 09:01:39 INFO  no build target found for C:\Users\chidi\Desktop\Scala_Project\model\Deck.scala. Using presentation compiler with project's scala-library version: 3.3.8
2026.09.22 09:01:40 INFO  no build target found for C:\Users\chidi\Desktop\Scala_Project\model\Deck.scala. Using presentation compiler with project's scala-library version: 3.3.8
2026.09.22 09:01:39 INFO  no build target found for C:\Users\chidi\Desktop\Scala_Project\model\Deck.scala. Using presentation compiler with project's scala-library version: 3.3.8
2026.09.22 09:01:39 INFO  no build target found for C:\Users\chidi\Desktop\Scala_Project\model\Deck.scala. Using presentation compiler with project's scala-library version: 3.3.8
2026.09.22 09:01:39 INFO  no build target found for C:\Users\chidi\Desktop\Scala_Project\model\Deck.scala. Using presentation compiler with project's scala-library version: 3.3.8
2026.09.22 09:01:40 INFO  no build target found for C:\Users\chidi\Desktop\Scala_Project\model\Deck.scala. Using presentation compiler with project's scala-library version: 3.3.8
2026.09.22 09:01:40 INFO  no build target found for C:\Users\chidi\Desktop\Scala_Project\model\Deck.scala. Using presentation compiler with project's scala-library version: 3.3.8
2026.09.22 09:01:40 INFO  no build target found for C:\Users\chidi\Desktop\Scala_Project\model\Deck.scala. Using presentation compiler with project's scala-library version: 3.3.8
2026.09.22 09:01:40 INFO  no build target found for C:\Users\chidi\Desktop\Scala_Project\model\Deck.scala. Using presentation compiler with project's scala-library version: 3.3.8
2026.09.22 09:01:40 INFO  no build target found for C:\Users\chidi\Desktop\Scala_Project\model\Deck.scala. Using presentation compiler with project's scala-library version: 3.3.8
2026.09.22 09:01:41 INFO  no build target found for C:\Users\chidi\Desktop\Scala_Project\model\Deck.scala. Using presentation compiler with project's scala-library version: 3.3.8
2026.09.22 09:01:42 INFO  no build target found for C:\Users\chidi\Desktop\Scala_Project\model\Deck.scala. Using presentation compiler with project's scala-library version: 3.3.8
2026.09.22 09:01:42 WARN  no build target for: C:\Users\chidi\Desktop\Scala_Project\model\Deck.scala
2026.09.22 09:01:42 INFO  no build target found for C:\Users\chidi\Desktop\Scala_Project\model\Deck.scala. Using presentation compiler with project's scala-library version: 3.3.8
2026.09.22 09:01:42 INFO  no build target found for C:\Users\chidi\Desktop\Scala_Project\model\Deck.scala. Using presentation compiler with project's scala-library version: 3.3.8
2026.09.22 09:01:42 INFO  no build target found for C:\Users\chidi\Desktop\Scala_Project\model\Deck.scala. Using presentation compiler with project's scala-library version: 3.3.8
2026.09.22 09:01:42 INFO  no build target found for C:\Users\chidi\Desktop\Scala_Project\model\Deck.scala. Using presentation compiler with project's scala-library version: 3.3.8
2026.09.22 09:01:42 INFO  no build target found for C:\Users\chidi\Desktop\Scala_Project\model\Deck.scala. Using presentation compiler with project's scala-library version: 3.3.8
2026.09.22 09:01:42 INFO  no build target found for C:\Users\chidi\Desktop\Scala_Project\model\Deck.scala. Using presentation compiler with project's scala-library version: 3.3.8
2026.09.22 09:01:42 INFO  no build target found for C:\Users\chidi\Desktop\Scala_Project\model\Deck.scala. Using presentation compiler with project's scala-library version: 3.3.8
Sept. 22, 2026 9:01:42 AM org.eclipse.lsp4j.jsonrpc.RemoteEndpoint handleCancellation
WARNUNG: Unmatched cancel notification for request id 362
2026.09.22 09:01:42 INFO  no build target found for C:\Users\chidi\Desktop\Scala_Project\model\Deck.scala. Using presentation compiler with project's scala-library version: 3.3.8
2026.09.22 09:01:43 INFO  no build target found for C:\Users\chidi\Desktop\Scala_Project\model\Deck.scala. Using presentation compiler with project's scala-library version: 3.3.8
2026.09.22 09:01:42 INFO  no build target found for C:\Users\chidi\Desktop\Scala_Project\model\Deck.scala. Using presentation compiler with project's scala-library version: 3.3.8
2026.09.22 09:01:42 INFO  no build target found for C:\Users\chidi\Desktop\Scala_Project\model\Deck.scala. Using presentation compiler with project's scala-library version: 3.3.8
2026.09.22 09:01:43 INFO  no build target found for C:\Users\chidi\Desktop\Scala_Project\model\Deck.scala. Using presentation compiler with project's scala-library version: 3.3.8
2026.09.22 09:01:42 INFO  no build target found for C:\Users\chidi\Desktop\Scala_Project\model\Deck.scala. Using presentation compiler with project's scala-library version: 3.3.8
2026.09.22 09:01:43 INFO  no build target found for C:\Users\chidi\Desktop\Scala_Project\model\Deck.scala. Using presentation compiler with project's scala-library version: 3.3.8
2026.09.22 09:01:43 INFO  no build target found for C:\Users\chidi\Desktop\Scala_Project\model\Deck.scala. Using presentation compiler with project's scala-library version: 3.3.8
2026.09.22 09:01:44 INFO  no build target found for C:\Users\chidi\Desktop\Scala_Project\model\Deck.scala. Using presentation compiler with project's scala-library version: 3.3.8
2026.09.22 09:01:44 INFO  no build target found for C:\Users\chidi\Desktop\Scala_Project\model\Deck.scala. Using presentation compiler with project's scala-library version: 3.3.8
2026.09.22 09:01:44 WARN  no build target for: C:\Users\chidi\Desktop\Scala_Project\model\Deck.scala
2026.09.22 09:01:45 INFO  no build target found for C:\Users\chidi\Desktop\Scala_Project\model\Deck.scala. Using presentation compiler with project's scala-library version: 3.3.8
2026.09.22 09:01:45 INFO  no build target found for C:\Users\chidi\Desktop\Scala_Project\model\Deck.scala. Using presentation compiler with project's scala-library version: 3.3.8
2026.09.22 09:01:45 INFO  no build target found for C:\Users\chidi\Desktop\Scala_Project\model\Deck.scala. Using presentation compiler with project's scala-library version: 3.3.8
2026.09.22 09:01:45 INFO  no build target found for C:\Users\chidi\Desktop\Scala_Project\model\Deck.scala. Using presentation compiler with project's scala-library version: 3.3.8
2026.09.22 09:01:45 INFO  no build target found for C:\Users\chidi\Desktop\Scala_Project\model\Deck.scala. Using presentation compiler with project's scala-library version: 3.3.8
2026.09.22 09:01:45 INFO  no build target found for C:\Users\chidi\Desktop\Scala_Project\model\Deck.scala. Using presentation compiler with project's scala-library version: 3.3.8
2026.09.22 09:01:44 INFO  no build target found for C:\Users\chidi\Desktop\Scala_Project\model\Deck.scala. Using presentation compiler with project's scala-library version: 3.3.8
2026.09.22 09:01:45 INFO  no build target found for C:\Users\chidi\Desktop\Scala_Project\model\Deck.scala. Using presentation compiler with project's scala-library version: 3.3.8
2026.09.22 09:01:45 INFO  no build target found for C:\Users\chidi\Desktop\Scala_Project\model\Deck.scala. Using presentation compiler with project's scala-library version: 3.3.8
2026.09.22 09:01:45 INFO  no build target found for C:\Users\chidi\Desktop\Scala_Project\model\Deck.scala. Using presentation compiler with project's scala-library version: 3.3.8
2026.09.22 09:01:46 INFO  no build target found for C:\Users\chidi\Desktop\Scala_Project\model\Deck.scala. Using presentation compiler with project's scala-library version: 3.3.8
2026.09.22 09:01:46 INFO  no build target found for C:\Users\chidi\Desktop\Scala_Project\model\Deck.scala. Using presentation compiler with project's scala-library version: 3.3.8
2026.09.22 09:01:46 INFO  no build target found for C:\Users\chidi\Desktop\Scala_Project\model\Deck.scala. Using presentation compiler with project's scala-library version: 3.3.8
2026.09.22 09:01:46 INFO  no build target found for C:\Users\chidi\Desktop\Scala_Project\model\Deck.scala. Using presentation compiler with project's scala-library version: 3.3.8
Sept. 22, 2026 9:01:47 AM org.eclipse.lsp4j.jsonrpc.RemoteEndpoint handleCancellation
WARNUNG: Unmatched cancel notification for request id 402
2026.09.22 09:01:46 INFO  no build target found for C:\Users\chidi\Desktop\Scala_Project\model\Deck.scala. Using presentation compiler with project's scala-library version: 3.3.8
2026.09.22 09:01:47 INFO  no build target found for C:\Users\chidi\Desktop\Scala_Project\model\Deck.scala. Using presentation compiler with project's scala-library version: 3.3.8
2026.09.22 09:01:46 INFO  no build target found for C:\Users\chidi\Desktop\Scala_Project\model\Deck.scala. Using presentation compiler with project's scala-library version: 3.3.8
2026.09.22 09:01:46 INFO  no build target found for C:\Users\chidi\Desktop\Scala_Project\model\Deck.scala. Using presentation compiler with project's scala-library version: 3.3.8
2026.09.22 09:01:47 INFO  no build target found for C:\Users\chidi\Desktop\Scala_Project\model\Deck.scala. Using presentation compiler with project's scala-library version: 3.3.8
2026.09.22 09:01:46 INFO  no build target found for C:\Users\chidi\Desktop\Scala_Project\model\Deck.scala. Using presentation compiler with project's scala-library version: 3.3.8
2026.09.22 09:01:46 INFO  no build target found for C:\Users\chidi\Desktop\Scala_Project\model\Deck.scala. Using presentation compiler with project's scala-library version: 3.3.8
2026.09.22 09:01:46 INFO  no build target found for C:\Users\chidi\Desktop\Scala_Project\model\Deck.scala. Using presentation compiler with project's scala-library version: 3.3.8
2026.09.22 09:01:47 INFO  no build target found for C:\Users\chidi\Desktop\Scala_Project\model\Deck.scala. Using presentation compiler with project's scala-library version: 3.3.8
2026.09.22 09:01:47 INFO  no build target found for C:\Users\chidi\Desktop\Scala_Project\model\Deck.scala. Using presentation compiler with project's scala-library version: 3.3.8
2026.09.22 09:01:47 INFO  no build target found for C:\Users\chidi\Desktop\Scala_Project\model\Deck.scala. Using presentation compiler with project's scala-library version: 3.3.8
2026.09.22 09:01:48 WARN  no build target for: C:\Users\chidi\Desktop\Scala_Project\model\Deck.scala
2026.09.22 09:01:48 INFO  no build target found for C:\Users\chidi\Desktop\Scala_Project\model\Deck.scala. Using presentation compiler with project's scala-library version: 3.3.8
2026.09.22 09:01:48 INFO  no build target found for C:\Users\chidi\Desktop\Scala_Project\model\Deck.scala. Using presentation compiler with project's scala-library version: 3.3.8
2026.09.22 09:01:52 INFO  no build target found for C:\Users\chidi\Desktop\Scala_Project\model\Deck.scala. Using presentation compiler with project's scala-library version: 3.3.8
2026.09.22 09:01:52 INFO  no build target found for C:\Users\chidi\Desktop\Scala_Project\model\Deck.scala. Using presentation compiler with project's scala-library version: 3.3.8
2026.09.22 09:01:52 INFO  no build target found for C:\Users\chidi\Desktop\Scala_Project\model\Deck.scala. Using presentation compiler with project's scala-library version: 3.3.8
2026.09.22 09:01:52 INFO  no build target found for C:\Users\chidi\Desktop\Scala_Project\model\Deck.scala. Using presentation compiler with project's scala-library version: 3.3.8
2026.09.22 09:01:52 INFO  no build target found for C:\Users\chidi\Desktop\Scala_Project\model\Deck.scala. Using presentation compiler with project's scala-library version: 3.3.8
2026.09.22 09:01:52 INFO  no build target found for C:\Users\chidi\Desktop\Scala_Project\model\Deck.scala. Using presentation compiler with project's scala-library version: 3.3.8
2026.09.22 09:01:52 INFO  no build target found for C:\Users\chidi\Desktop\Scala_Project\model\Deck.scala. Using presentation compiler with project's scala-library version: 3.3.8
2026.09.22 09:01:52 INFO  no build target found for C:\Users\chidi\Desktop\Scala_Project\model\Deck.scala. Using presentation compiler with project's scala-library version: 3.3.8
2026.09.22 09:01:52 INFO  no build target found for C:\Users\chidi\Desktop\Scala_Project\model\Deck.scala. Using presentation compiler with project's scala-library version: 3.3.8
2026.09.22 09:01:52 INFO  no build target found for C:\Users\chidi\Desktop\Scala_Project\model\Deck.scala. Using presentation compiler with project's scala-library version: 3.3.8
2026.09.22 09:01:52 INFO  no build target found for C:\Users\chidi\Desktop\Scala_Project\model\Deck.scala. Using presentation compiler with project's scala-library version: 3.3.8
2026.09.22 09:01:52 INFO  no build target found for C:\Users\chidi\Desktop\Scala_Project\model\Deck.scala. Using presentation compiler with project's scala-library version: 3.3.8
2026.09.22 09:01:52 INFO  no build target found for C:\Users\chidi\Desktop\Scala_Project\model\Deck.scala. Using presentation compiler with project's scala-library version: 3.3.8
2026.09.22 09:01:54 WARN  no build target for: C:\Users\chidi\Desktop\Scala_Project\model\Deck.scala
2026.09.22 09:01:54 INFO  no build target found for C:\Users\chidi\Desktop\Scala_Project\model\Deck.scala. Using presentation compiler with project's scala-library version: 3.3.8
2026.09.22 09:01:54 INFO  no build target found for C:\Users\chidi\Desktop\Scala_Project\model\Deck.scala. Using presentation compiler with project's scala-library version: 3.3.8
2026.09.22 09:01:56 INFO  no build target found for C:\Users\chidi\Desktop\Scala_Project\model\Deck.scala. Using presentation compiler with project's scala-library version: 3.3.8
2026.09.22 09:01:56 INFO  no build target found for C:\Users\chidi\Desktop\Scala_Project\model\Deck.scala. Using presentation compiler with project's scala-library version: 3.3.8
2026.09.22 09:01:56 INFO  no build target found for C:\Users\chidi\Desktop\Scala_Project\model\Deck.scala. Using presentation compiler with project's scala-library version: 3.3.8
2026.09.22 09:01:57 INFO  no build target found for C:\Users\chidi\Desktop\Scala_Project\model\Deck.scala. Using presentation compiler with project's scala-library version: 3.3.8
2026.09.22 09:01:57 INFO  no build target found for C:\Users\chidi\Desktop\Scala_Project\model\Deck.scala. Using presentation compiler with project's scala-library version: 3.3.8
2026.09.22 09:01:57 INFO  no build target found for C:\Users\chidi\Desktop\Scala_Project\model\Deck.scala. Using presentation compiler with project's scala-library version: 3.3.8
2026.09.22 09:01:58 INFO  no build target found for C:\Users\chidi\Desktop\Scala_Project\model\Deck.scala. Using presentation compiler with project's scala-library version: 3.3.8
2026.09.22 09:01:58 WARN  no build target for: C:\Users\chidi\Desktop\Scala_Project\model\Deck.scala
2026.09.22 09:01:58 INFO  no build target found for C:\Users\chidi\Desktop\Scala_Project\model\Deck.scala. Using presentation compiler with project's scala-library version: 3.3.8
2026.09.22 09:02:07 INFO  no build target found for C:\Users\chidi\Desktop\Scala_Project\model\Card.scala. Using presentation compiler with project's scala-library version: 3.3.8
2026.09.22 09:02:07 INFO  no build target found for C:\Users\chidi\Desktop\Scala_Project\model\Card.scala. Using presentation compiler with project's scala-library version: 3.3.8
Sept. 22, 2026 9:02:07 AM org.eclipse.lsp4j.jsonrpc.RemoteEndpoint handleCancellation
WARNUNG: Unmatched cancel notification for request id 460
2026.09.22 09:02:07 INFO  no build target found for C:\Users\chidi\Desktop\Scala_Project\model\Card.scala. Using presentation compiler with project's scala-library version: 3.3.8
2026.09.22 09:02:07 INFO  no build target found for C:\Users\chidi\Desktop\Scala_Project\model\Card.scala. Using presentation compiler with project's scala-library version: 3.3.8
2026.09.22 09:02:09 INFO  no build target found for C:\Users\chidi\Desktop\Scala_Project\Main.scala. Using presentation compiler with project's scala-library version: 3.3.8
2026.09.22 09:02:09 WARN  no build target for: C:\Users\chidi\Desktop\Scala_Project\Main.scala
2026.09.22 09:02:09 INFO  no build target found for C:\Users\chidi\Desktop\Scala_Project\Main.scala. Using presentation compiler with project's scala-library version: 3.3.8
2026.09.22 09:02:09 INFO  no build target found for C:\Users\chidi\Desktop\Scala_Project\Main.scala. Using presentation compiler with project's scala-library version: 3.3.8
2026.09.22 09:02:09 INFO  no build target found for C:\Users\chidi\Desktop\Scala_Project\Main.scala. Using presentation compiler with project's scala-library version: 3.3.8
2026.09.22 09:02:09 INFO  no build target found for C:\Users\chidi\Desktop\Scala_Project\Main.scala. Using presentation compiler with project's scala-library version: 3.3.8
2026.09.22 09:02:14 INFO  no build target found for C:\Users\chidi\Desktop\Scala_Project\Main.scala. Using presentation compiler with project's scala-library version: 3.3.8
2026.09.22 09:02:14 INFO  no build target found for C:\Users\chidi\Desktop\Scala_Project\Main.scala. Using presentation compiler with project's scala-library version: 3.3.8
2026.09.22 09:02:15 INFO  no build target found for C:\Users\chidi\Desktop\Scala_Project\Main.scala. Using presentation compiler with project's scala-library version: 3.3.8
2026.09.22 09:02:15 INFO  no build target found for C:\Users\chidi\Desktop\Scala_Project\Main.scala. Using presentation compiler with project's scala-library version: 3.3.8
2026.09.22 09:02:15 INFO  no build target found for C:\Users\chidi\Desktop\Scala_Project\Main.scala. Using presentation compiler with project's scala-library version: 3.3.8
2026.09.22 09:02:15 INFO  no build target found for C:\Users\chidi\Desktop\Scala_Project\Main.scala. Using presentation compiler with project's scala-library version: 3.3.8
2026.09.22 09:02:15 INFO  no build target found for C:\Users\chidi\Desktop\Scala_Project\Main.scala. Using presentation compiler with project's scala-library version: 3.3.8
2026.09.22 09:02:16 INFO  no build target found for C:\Users\chidi\Desktop\Scala_Project\Main.scala. Using presentation compiler with project's scala-library version: 3.3.8
2026.09.22 09:02:16 INFO  no build target found for C:\Users\chidi\Desktop\Scala_Project\Main.scala. Using presentation compiler with project's scala-library version: 3.3.8
2026.09.22 09:02:16 INFO  no build target found for C:\Users\chidi\Desktop\Scala_Project\Main.scala. Using presentation compiler with project's scala-library version: 3.3.8
2026.09.22 09:02:17 INFO  no build target found for C:\Users\chidi\Desktop\Scala_Project\Main.scala. Using presentation compiler with project's scala-library version: 3.3.8
2026.09.22 09:02:17 INFO  no build target found for C:\Users\chidi\Desktop\Scala_Project\Main.scala. Using presentation compiler with project's scala-library version: 3.3.8
2026.09.22 09:02:17 INFO  no build target found for C:\Users\chidi\Desktop\Scala_Project\Main.scala. Using presentation compiler with project's scala-library version: 3.3.8
2026.09.22 09:02:17 INFO  no build target found for C:\Users\chidi\Desktop\Scala_Project\Main.scala. Using presentation compiler with project's scala-library version: 3.3.8
2026.09.22 09:02:17 INFO  no build target found for C:\Users\chidi\Desktop\Scala_Project\Main.scala. Using presentation compiler with project's scala-library version: 3.3.8
2026.09.22 09:02:18 INFO  no build target found for C:\Users\chidi\Desktop\Scala_Project\Main.scala. Using presentation compiler with project's scala-library version: 3.3.8
2026.09.22 09:02:19 INFO  no build target found for C:\Users\chidi\Desktop\Scala_Project\Main.scala. Using presentation compiler with project's scala-library version: 3.3.8
2026.09.22 09:02:19 WARN  no build target for: C:\Users\chidi\Desktop\Scala_Project\Main.scala
2026.09.22 09:02:19 INFO  no build target found for C:\Users\chidi\Desktop\Scala_Project\Main.scala. Using presentation compiler with project's scala-library version: 3.3.8
2026.09.22 09:02:19 INFO  no build target found for C:\Users\chidi\Desktop\Scala_Project\Main.scala. Using presentation compiler with project's scala-library version: 3.3.8
2026.09.22 09:02:19 INFO  no build target found for C:\Users\chidi\Desktop\Scala_Project\Main.scala. Using presentation compiler with project's scala-library version: 3.3.8
2026.09.22 09:02:19 INFO  no build target found for C:\Users\chidi\Desktop\Scala_Project\Main.scala. Using presentation compiler with project's scala-library version: 3.3.8
2026.09.22 09:02:19 INFO  no build target found for C:\Users\chidi\Desktop\Scala_Project\Main.scala. Using presentation compiler with project's scala-library version: 3.3.8
2026.09.22 09:02:19 INFO  no build target found for C:\Users\chidi\Desktop\Scala_Project\Main.scala. Using presentation compiler with project's scala-library version: 3.3.8
2026.09.22 09:02:19 INFO  no build target found for C:\Users\chidi\Desktop\Scala_Project\Main.scala. Using presentation compiler with project's scala-library version: 3.3.8
2026.09.22 09:02:19 INFO  no build target found for C:\Users\chidi\Desktop\Scala_Project\Main.scala. Using presentation compiler with project's scala-library version: 3.3.8
2026.09.22 09:02:19 INFO  no build target found for C:\Users\chidi\Desktop\Scala_Project\Main.scala. Using presentation compiler with project's scala-library version: 3.3.8
2026.09.22 09:02:20 INFO  no build target found for C:\Users\chidi\Desktop\Scala_Project\Main.scala. Using presentation compiler with project's scala-library version: 3.3.8
2026.09.22 09:02:21 INFO  no build target found for C:\Users\chidi\Desktop\Scala_Project\Main.scala. Using presentation compiler with project's scala-library version: 3.3.8
2026.09.22 09:02:20 INFO  no build target found for C:\Users\chidi\Desktop\Scala_Project\Main.scala. Using presentation compiler with project's scala-library version: 3.3.8
2026.09.22 09:02:20 INFO  no build target found for C:\Users\chidi\Desktop\Scala_Project\Main.scala. Using presentation compiler with project's scala-library version: 3.3.8
2026.09.22 09:02:20 INFO  no build target found for C:\Users\chidi\Desktop\Scala_Project\Main.scala. Using presentation compiler with project's scala-library version: 3.3.8
2026.09.22 09:02:20 INFO  no build target found for C:\Users\chidi\Desktop\Scala_Project\Main.scala. Using presentation compiler with project's scala-library version: 3.3.8
2026.09.22 09:02:20 INFO  no build target found for C:\Users\chidi\Desktop\Scala_Project\Main.scala. Using presentation compiler with project's scala-library version: 3.3.8
2026.09.22 09:02:21 INFO  no build target found for C:\Users\chidi\Desktop\Scala_Project\Main.scala. Using presentation compiler with project's scala-library version: 3.3.8
2026.09.22 09:02:22 INFO  no build target found for C:\Users\chidi\Desktop\Scala_Project\Main.scala. Using presentation compiler with project's scala-library version: 3.3.8
2026.09.22 09:02:22 INFO  no build target found for C:\Users\chidi\Desktop\Scala_Project\Main.scala. Using presentation compiler with project's scala-library version: 3.3.8
2026.09.22 09:02:22 WARN  no build target for: C:\Users\chidi\Desktop\Scala_Project\Main.scala
2026.09.22 09:02:22 INFO  no build target found for C:\Users\chidi\Desktop\Scala_Project\Main.scala. Using presentation compiler with project's scala-library version: 3.3.8
2026.09.22 09:02:24 INFO  no build target found for C:\Users\chidi\Desktop\Scala_Project\Main.scala. Using presentation compiler with project's scala-library version: 3.3.8
2026.09.22 09:02:24 INFO  no build target found for C:\Users\chidi\Desktop\Scala_Project\Main.scala. Using presentation compiler with project's scala-library version: 3.3.8
2026.09.22 09:02:24 INFO  no build target found for C:\Users\chidi\Desktop\Scala_Project\Main.scala. Using presentation compiler with project's scala-library version: 3.3.8
2026.09.22 09:02:24 INFO  no build target found for C:\Users\chidi\Desktop\Scala_Project\Main.scala. Using presentation compiler with project's scala-library version: 3.3.8
2026.09.22 09:02:25 WARN  no build target for: C:\Users\chidi\Desktop\Scala_Project\Main.scala
2026.09.22 09:02:25 INFO  no build target found for C:\Users\chidi\Desktop\Scala_Project\Main.scala. Using presentation compiler with project's scala-library version: 3.3.8
2026.09.22 09:02:25 INFO  no build target found for C:\Users\chidi\Desktop\Scala_Project\Main.scala. Using presentation compiler with project's scala-library version: 3.3.8
2026.09.22 09:02:29 INFO  no build target found for C:\Users\chidi\Desktop\Scala_Project\Main.scala. Using presentation compiler with project's scala-library version: 3.3.8
2026.09.22 09:02:29 INFO  no build target found for C:\Users\chidi\Desktop\Scala_Project\Main.scala. Using presentation compiler with project's scala-library version: 3.3.8
2026.09.22 09:02:30 INFO  no build target found for C:\Users\chidi\Desktop\Scala_Project\Main.scala. Using presentation compiler with project's scala-library version: 3.3.8
2026.09.22 09:02:29 INFO  no build target found for C:\Users\chidi\Desktop\Scala_Project\Main.scala. Using presentation compiler with project's scala-library version: 3.3.8
2026.09.22 09:02:29 INFO  no build target found for C:\Users\chidi\Desktop\Scala_Project\Main.scala. Using presentation compiler with project's scala-library version: 3.3.8
2026.09.22 09:02:29 INFO  no build target found for C:\Users\chidi\Desktop\Scala_Project\Main.scala. Using presentation compiler with project's scala-library version: 3.3.8
2026.09.22 09:02:29 INFO  no build target found for C:\Users\chidi\Desktop\Scala_Project\Main.scala. Using presentation compiler with project's scala-library version: 3.3.8
2026.09.22 09:02:29 INFO  no build target found for C:\Users\chidi\Desktop\Scala_Project\Main.scala. Using presentation compiler with project's scala-library version: 3.3.8
2026.09.22 09:02:30 INFO  no build target found for C:\Users\chidi\Desktop\Scala_Project\Main.scala. Using presentation compiler with project's scala-library version: 3.3.8
2026.09.22 09:02:29 INFO  no build target found for C:\Users\chidi\Desktop\Scala_Project\Main.scala. Using presentation compiler with project's scala-library version: 3.3.8
2026.09.22 09:02:29 INFO  no build target found for C:\Users\chidi\Desktop\Scala_Project\Main.scala. Using presentation compiler with project's scala-library version: 3.3.8
2026.09.22 09:02:31 INFO  no build target found for C:\Users\chidi\Desktop\Scala_Project\Main.scala. Using presentation compiler with project's scala-library version: 3.3.8
2026.09.22 09:02:31 WARN  no build target for: C:\Users\chidi\Desktop\Scala_Project\Main.scala
2026.09.22 09:02:31 INFO  no build target found for C:\Users\chidi\Desktop\Scala_Project\Main.scala. Using presentation compiler with project's scala-library version: 3.3.8
2026.09.22 09:02:32 INFO  no build target found for C:\Users\chidi\Desktop\Scala_Project\Main.scala. Using presentation compiler with project's scala-library version: 3.3.8
2026.09.22 09:02:32 INFO  no build target found for C:\Users\chidi\Desktop\Scala_Project\Main.scala. Using presentation compiler with project's scala-library version: 3.3.8
2026.09.22 09:02:32 INFO  no build target found for C:\Users\chidi\Desktop\Scala_Project\Main.scala. Using presentation compiler with project's scala-library version: 3.3.8
2026.09.22 09:02:32 INFO  no build target found for C:\Users\chidi\Desktop\Scala_Project\Main.scala. Using presentation compiler with project's scala-library version: 3.3.8
2026.09.22 09:02:32 INFO  no build target found for C:\Users\chidi\Desktop\Scala_Project\Main.scala. Using presentation compiler with project's scala-library version: 3.3.8
2026.09.22 09:02:32 INFO  no build target found for C:\Users\chidi\Desktop\Scala_Project\Main.scala. Using presentation compiler with project's scala-library version: 3.3.8
2026.09.22 09:02:32 INFO  no build target found for C:\Users\chidi\Desktop\Scala_Project\Main.scala. Using presentation compiler with project's scala-library version: 3.3.8
2026.09.22 09:02:32 INFO  no build target found for C:\Users\chidi\Desktop\Scala_Project\Main.scala. Using presentation compiler with project's scala-library version: 3.3.8
2026.09.22 09:02:32 INFO  no build target found for C:\Users\chidi\Desktop\Scala_Project\Main.scala. Using presentation compiler with project's scala-library version: 3.3.8
2026.09.22 09:02:32 INFO  no build target found for C:\Users\chidi\Desktop\Scala_Project\Main.scala. Using presentation compiler with project's scala-library version: 3.3.8
2026.09.22 09:02:32 INFO  no build target found for C:\Users\chidi\Desktop\Scala_Project\Main.scala. Using presentation compiler with project's scala-library version: 3.3.8
2026.09.22 09:02:32 INFO  no build target found for C:\Users\chidi\Desktop\Scala_Project\Main.scala. Using presentation compiler with project's scala-library version: 3.3.8
2026.09.22 09:02:33 INFO  no build target found for C:\Users\chidi\Desktop\Scala_Project\Main.scala. Using presentation compiler with project's scala-library version: 3.3.8
2026.09.22 09:02:33 INFO  no build target found for C:\Users\chidi\Desktop\Scala_Project\Main.scala. Using presentation compiler with project's scala-library version: 3.3.8
2026.09.22 09:02:34 INFO  no build target found for C:\Users\chidi\Desktop\Scala_Project\Main.scala. Using presentation compiler with project's scala-library version: 3.3.8
2026.09.22 09:02:34 WARN  no build target for: C:\Users\chidi\Desktop\Scala_Project\Main.scala
2026.09.22 09:02:34 INFO  no build target found for C:\Users\chidi\Desktop\Scala_Project\Main.scala. Using presentation compiler with project's scala-library version: 3.3.8
2026.09.22 09:02:35 INFO  no build target found for C:\Users\chidi\Desktop\Scala_Project\Main.scala. Using presentation compiler with project's scala-library version: 3.3.8
2026.09.22 09:02:35 INFO  no build target found for C:\Users\chidi\Desktop\Scala_Project\Main.scala. Using presentation compiler with project's scala-library version: 3.3.8
2026.09.22 09:02:35 INFO  no build target found for C:\Users\chidi\Desktop\Scala_Project\Main.scala. Using presentation compiler with project's scala-library version: 3.3.8
2026.09.22 09:02:35 INFO  no build target found for C:\Users\chidi\Desktop\Scala_Project\Main.scala. Using presentation compiler with project's scala-library version: 3.3.8
2026.09.22 09:02:38 INFO  no build target found for C:\Users\chidi\Desktop\Scala_Project\Main.scala. Using presentation compiler with project's scala-library version: 3.3.8
2026.09.22 09:02:38 INFO  no build target found for C:\Users\chidi\Desktop\Scala_Project\Main.scala. Using presentation compiler with project's scala-library version: 3.3.8
2026.09.22 09:02:39 INFO  no build target found for C:\Users\chidi\Desktop\Scala_Project\Main.scala. Using presentation compiler with project's scala-library version: 3.3.8
2026.09.22 09:02:39 INFO  no build target found for C:\Users\chidi\Desktop\Scala_Project\Main.scala. Using presentation compiler with project's scala-library version: 3.3.8
2026.09.22 09:02:39 INFO  no build target found for C:\Users\chidi\Desktop\Scala_Project\Main.scala. Using presentation compiler with project's scala-library version: 3.3.8
2026.09.22 09:02:39 INFO  no build target found for C:\Users\chidi\Desktop\Scala_Project\Main.scala. Using presentation compiler with project's scala-library version: 3.3.8
2026.09.22 09:02:40 INFO  no build target found for C:\Users\chidi\Desktop\Scala_Project\Main.scala. Using presentation compiler with project's scala-library version: 3.3.8
2026.09.22 09:02:40 INFO  no build target found for C:\Users\chidi\Desktop\Scala_Project\Main.scala. Using presentation compiler with project's scala-library version: 3.3.8
2026.09.22 09:02:40 INFO  no build target found for C:\Users\chidi\Desktop\Scala_Project\Main.scala. Using presentation compiler with project's scala-library version: 3.3.8
2026.09.22 09:02:41 INFO  no build target found for C:\Users\chidi\Desktop\Scala_Project\Main.scala. Using presentation compiler with project's scala-library version: 3.3.8
2026.09.22 09:02:41 WARN  no build target for: C:\Users\chidi\Desktop\Scala_Project\Main.scala
2026.09.22 09:02:41 INFO  no build target found for C:\Users\chidi\Desktop\Scala_Project\Main.scala. Using presentation compiler with project's scala-library version: 3.3.8
2026.09.22 09:02:41 INFO  no build target found for C:\Users\chidi\Desktop\Scala_Project\Main.scala. Using presentation compiler with project's scala-library version: 3.3.8
2026.09.22 09:02:41 INFO  no build target found for C:\Users\chidi\Desktop\Scala_Project\Main.scala. Using presentation compiler with project's scala-library version: 3.3.8
2026.09.22 09:02:41 INFO  no build target found for C:\Users\chidi\Desktop\Scala_Project\Main.scala. Using presentation compiler with project's scala-library version: 3.3.8
2026.09.22 09:02:41 INFO  no build target found for C:\Users\chidi\Desktop\Scala_Project\Main.scala. Using presentation compiler with project's scala-library version: 3.3.8
2026.09.22 09:02:41 INFO  no build target found for C:\Users\chidi\Desktop\Scala_Project\Main.scala. Using presentation compiler with project's scala-library version: 3.3.8
2026.09.22 09:02:41 INFO  no build target found for C:\Users\chidi\Desktop\Scala_Project\Main.scala. Using presentation compiler with project's scala-library version: 3.3.8
2026.09.22 09:02:41 INFO  no build target found for C:\Users\chidi\Desktop\Scala_Project\Main.scala. Using presentation compiler with project's scala-library version: 3.3.8
2026.09.22 09:02:41 INFO  no build target found for C:\Users\chidi\Desktop\Scala_Project\Main.scala. Using presentation compiler with project's scala-library version: 3.3.8
2026.09.22 09:02:41 INFO  no build target found for C:\Users\chidi\Desktop\Scala_Project\Main.scala. Using presentation compiler with project's scala-library version: 3.3.8
2026.09.22 09:02:42 INFO  no build target found for C:\Users\chidi\Desktop\Scala_Project\Main.scala. Using presentation compiler with project's scala-library version: 3.3.8
2026.09.22 09:02:41 INFO  no build target found for C:\Users\chidi\Desktop\Scala_Project\Main.scala. Using presentation compiler with project's scala-library version: 3.3.8
2026.09.22 09:02:42 INFO  no build target found for C:\Users\chidi\Desktop\Scala_Project\Main.scala. Using presentation compiler with project's scala-library version: 3.3.8
2026.09.22 09:02:42 INFO  no build target found for C:\Users\chidi\Desktop\Scala_Project\Main.scala. Using presentation compiler with project's scala-library version: 3.3.8
2026.09.22 09:02:42 INFO  no build target found for C:\Users\chidi\Desktop\Scala_Project\Main.scala. Using presentation compiler with project's scala-library version: 3.3.8
2026.09.22 09:02:42 INFO  no build target found for C:\Users\chidi\Desktop\Scala_Project\Main.scala. Using presentation compiler with project's scala-library version: 3.3.8
2026.09.22 09:02:42 INFO  no build target found for C:\Users\chidi\Desktop\Scala_Project\Main.scala. Using presentation compiler with project's scala-library version: 3.3.8
2026.09.22 09:02:42 INFO  no build target found for C:\Users\chidi\Desktop\Scala_Project\Main.scala. Using presentation compiler with project's scala-library version: 3.3.8
2026.09.22 09:02:43 INFO  no build target found for C:\Users\chidi\Desktop\Scala_Project\Main.scala. Using presentation compiler with project's scala-library version: 3.3.8
2026.09.22 09:02:43 WARN  no build target for: C:\Users\chidi\Desktop\Scala_Project\Main.scala
2026.09.22 09:02:43 INFO  no build target found for C:\Users\chidi\Desktop\Scala_Project\Main.scala. Using presentation compiler with project's scala-library version: 3.3.8
2026.09.22 09:02:44 INFO  no build target found for C:\Users\chidi\Desktop\Scala_Project\Main.scala. Using presentation compiler with project's scala-library version: 3.3.8
2026.09.22 09:02:44 INFO  no build target found for C:\Users\chidi\Desktop\Scala_Project\Main.scala. Using presentation compiler with project's scala-library version: 3.3.8
2026.09.22 09:02:44 INFO  no build target found for C:\Users\chidi\Desktop\Scala_Project\Main.scala. Using presentation compiler with project's scala-library version: 3.3.8
2026.09.22 09:02:44 INFO  no build target found for C:\Users\chidi\Desktop\Scala_Project\Main.scala. Using presentation compiler with project's scala-library version: 3.3.8
2026.09.22 09:02:44 INFO  no build target found for C:\Users\chidi\Desktop\Scala_Project\Main.scala. Using presentation compiler with project's scala-library version: 3.3.8
2026.09.22 09:02:44 INFO  no build target found for C:\Users\chidi\Desktop\Scala_Project\Main.scala. Using presentation compiler with project's scala-library version: 3.3.8
2026.09.22 09:02:44 INFO  no build target found for C:\Users\chidi\Desktop\Scala_Project\Main.scala. Using presentation compiler with project's scala-library version: 3.3.8
2026.09.22 09:02:45 INFO  no build target found for C:\Users\chidi\Desktop\Scala_Project\Main.scala. Using presentation compiler with project's scala-library version: 3.3.8
2026.09.22 09:02:45 INFO  no build target found for C:\Users\chidi\Desktop\Scala_Project\Main.scala. Using presentation compiler with project's scala-library version: 3.3.8
2026.09.22 09:02:45 INFO  no build target found for C:\Users\chidi\Desktop\Scala_Project\Main.scala. Using presentation compiler with project's scala-library version: 3.3.8
2026.09.22 09:02:45 INFO  no build target found for C:\Users\chidi\Desktop\Scala_Project\Main.scala. Using presentation compiler with project's scala-library version: 3.3.8
2026.09.22 09:02:45 INFO  no build target found for C:\Users\chidi\Desktop\Scala_Project\Main.scala. Using presentation compiler with project's scala-library version: 3.3.8
2026.09.22 09:02:45 INFO  no build target found for C:\Users\chidi\Desktop\Scala_Project\Main.scala. Using presentation compiler with project's scala-library version: 3.3.8
2026.09.22 09:02:45 INFO  no build target found for C:\Users\chidi\Desktop\Scala_Project\Main.scala. Using presentation compiler with project's scala-library version: 3.3.8
2026.09.22 09:02:45 INFO  no build target found for C:\Users\chidi\Desktop\Scala_Project\Main.scala. Using presentation compiler with project's scala-library version: 3.3.8
2026.09.22 09:02:46 INFO  no build target found for C:\Users\chidi\Desktop\Scala_Project\Main.scala. Using presentation compiler with project's scala-library version: 3.3.8
2026.09.22 09:02:46 INFO  no build target found for C:\Users\chidi\Desktop\Scala_Project\Main.scala. Using presentation compiler with project's scala-library version: 3.3.8
2026.09.22 09:02:46 INFO  no build target found for C:\Users\chidi\Desktop\Scala_Project\Main.scala. Using presentation compiler with project's scala-library version: 3.3.8
2026.09.22 09:02:46 INFO  no build target found for C:\Users\chidi\Desktop\Scala_Project\Main.scala. Using presentation compiler with project's scala-library version: 3.3.8
2026.09.22 09:02:46 INFO  no build target found for C:\Users\chidi\Desktop\Scala_Project\Main.scala. Using presentation compiler with project's scala-library version: 3.3.8
2026.09.22 09:02:46 INFO  no build target found for C:\Users\chidi\Desktop\Scala_Project\Main.scala. Using presentation compiler with project's scala-library version: 3.3.8
2026.09.22 09:02:46 INFO  no build target found for C:\Users\chidi\Desktop\Scala_Project\Main.scala. Using presentation compiler with project's scala-library version: 3.3.8
2026.09.22 09:02:46 INFO  no build target found for C:\Users\chidi\Desktop\Scala_Project\Main.scala. Using presentation compiler with project's scala-library version: 3.3.8
2026.09.22 09:02:47 INFO  no build target found for C:\Users\chidi\Desktop\Scala_Project\Main.scala. Using presentation compiler with project's scala-library version: 3.3.8
2026.09.22 09:02:47 INFO  no build target found for C:\Users\chidi\Desktop\Scala_Project\Main.scala. Using presentation compiler with project's scala-library version: 3.3.8
2026.09.22 09:02:48 INFO  no build target found for C:\Users\chidi\Desktop\Scala_Project\Main.scala. Using presentation compiler with project's scala-library version: 3.3.8
2026.09.22 09:02:47 INFO  no build target found for C:\Users\chidi\Desktop\Scala_Project\Main.scala. Using presentation compiler with project's scala-library version: 3.3.8
2026.09.22 09:02:47 INFO  no build target found for C:\Users\chidi\Desktop\Scala_Project\Main.scala. Using presentation compiler with project's scala-library version: 3.3.8
2026.09.22 09:02:48 INFO  no build target found for C:\Users\chidi\Desktop\Scala_Project\Main.scala. Using presentation compiler with project's scala-library version: 3.3.8
2026.09.22 09:02:49 INFO  no build target found for C:\Users\chidi\Desktop\Scala_Project\Main.scala. Using presentation compiler with project's scala-library version: 3.3.8
2026.09.22 09:02:48 WARN  no build target for: C:\Users\chidi\Desktop\Scala_Project\Main.scala
2026.09.22 09:02:49 INFO  no build target found for C:\Users\chidi\Desktop\Scala_Project\Main.scala. Using presentation compiler with project's scala-library version: 3.3.8
2026.09.22 09:02:48 INFO  no build target found for C:\Users\chidi\Desktop\Scala_Project\Main.scala. Using presentation compiler with project's scala-library version: 3.3.8
2026.09.22 09:02:50 INFO  no build target found for C:\Users\chidi\Desktop\Scala_Project\Main.scala. Using presentation compiler with project's scala-library version: 3.3.8
2026.09.22 09:02:50 INFO  no build target found for C:\Users\chidi\Desktop\Scala_Project\Main.scala. Using presentation compiler with project's scala-library version: 3.3.8
2026.09.22 09:02:51 INFO  no build target found for C:\Users\chidi\Desktop\Scala_Project\Main.scala. Using presentation compiler with project's scala-library version: 3.3.8
2026.09.22 09:02:50 INFO  no build target found for C:\Users\chidi\Desktop\Scala_Project\Main.scala. Using presentation compiler with project's scala-library version: 3.3.8
2026.09.22 09:02:51 INFO  no build target found for C:\Users\chidi\Desktop\Scala_Project\Main.scala. Using presentation compiler with project's scala-library version: 3.3.8
2026.09.22 09:02:51 INFO  no build target found for C:\Users\chidi\Desktop\Scala_Project\Main.scala. Using presentation compiler with project's scala-library version: 3.3.8
2026.09.22 09:02:51 INFO  no build target found for C:\Users\chidi\Desktop\Scala_Project\Main.scala. Using presentation compiler with project's scala-library version: 3.3.8
2026.09.22 09:02:51 INFO  no build target found for C:\Users\chidi\Desktop\Scala_Project\Main.scala. Using presentation compiler with project's scala-library version: 3.3.8
2026.09.22 09:02:52 INFO  no build target found for C:\Users\chidi\Desktop\Scala_Project\Main.scala. Using presentation compiler with project's scala-library version: 3.3.8
2026.09.22 09:02:51 INFO  no build target found for C:\Users\chidi\Desktop\Scala_Project\Main.scala. Using presentation compiler with project's scala-library version: 3.3.8
2026.09.22 09:02:51 INFO  no build target found for C:\Users\chidi\Desktop\Scala_Project\Main.scala. Using presentation compiler with project's scala-library version: 3.3.8
2026.09.22 09:02:52 INFO  no build target found for C:\Users\chidi\Desktop\Scala_Project\Main.scala. Using presentation compiler with project's scala-library version: 3.3.8
2026.09.22 09:02:51 INFO  no build target found for C:\Users\chidi\Desktop\Scala_Project\Main.scala. Using presentation compiler with project's scala-library version: 3.3.8
2026.09.22 09:02:51 INFO  no build target found for C:\Users\chidi\Desktop\Scala_Project\Main.scala. Using presentation compiler with project's scala-library version: 3.3.8
2026.09.22 09:02:51 INFO  no build target found for C:\Users\chidi\Desktop\Scala_Project\Main.scala. Using presentation compiler with project's scala-library version: 3.3.8
2026.09.22 09:02:52 INFO  no build target found for C:\Users\chidi\Desktop\Scala_Project\Main.scala. Using presentation compiler with project's scala-library version: 3.3.8
2026.09.22 09:02:52 INFO  no build target found for C:\Users\chidi\Desktop\Scala_Project\Main.scala. Using presentation compiler with project's scala-library version: 3.3.8
2026.09.22 09:02:52 INFO  no build target found for C:\Users\chidi\Desktop\Scala_Project\Main.scala. Using presentation compiler with project's scala-library version: 3.3.8
2026.09.22 09:02:52 INFO  no build target found for C:\Users\chidi\Desktop\Scala_Project\Main.scala. Using presentation compiler with project's scala-library version: 3.3.8
2026.09.22 09:02:52 INFO  no build target found for C:\Users\chidi\Desktop\Scala_Project\Main.scala. Using presentation compiler with project's scala-library version: 3.3.8
2026.09.22 09:02:52 INFO  no build target found for C:\Users\chidi\Desktop\Scala_Project\Main.scala. Using presentation compiler with project's scala-library version: 3.3.8
2026.09.22 09:02:53 INFO  no build target found for C:\Users\chidi\Desktop\Scala_Project\Main.scala. Using presentation compiler with project's scala-library version: 3.3.8
2026.09.22 09:02:52 INFO  no build target found for C:\Users\chidi\Desktop\Scala_Project\Main.scala. Using presentation compiler with project's scala-library version: 3.3.8
2026.09.22 09:02:52 INFO  no build target found for C:\Users\chidi\Desktop\Scala_Project\Main.scala. Using presentation compiler with project's scala-library version: 3.3.8
2026.09.22 09:02:52 INFO  no build target found for C:\Users\chidi\Desktop\Scala_Project\Main.scala. Using presentation compiler with project's scala-library version: 3.3.8
2026.09.22 09:02:53 INFO  no build target found for C:\Users\chidi\Desktop\Scala_Project\Main.scala. Using presentation compiler with project's scala-library version: 3.3.8
2026.09.22 09:02:53 INFO  no build target found for C:\Users\chidi\Desktop\Scala_Project\Main.scala. Using presentation compiler with project's scala-library version: 3.3.8
2026.09.22 09:02:53 INFO  no build target found for C:\Users\chidi\Desktop\Scala_Project\Main.scala. Using presentation compiler with project's scala-library version: 3.3.8
2026.09.22 09:02:53 INFO  no build target found for C:\Users\chidi\Desktop\Scala_Project\Main.scala. Using presentation compiler with project's scala-library version: 3.3.8
2026.09.22 09:02:53 INFO  no build target found for C:\Users\chidi\Desktop\Scala_Project\Main.scala. Using presentation compiler with project's scala-library version: 3.3.8
2026.09.22 09:02:53 INFO  no build target found for C:\Users\chidi\Desktop\Scala_Project\Main.scala. Using presentation compiler with project's scala-library version: 3.3.8
2026.09.22 09:02:54 INFO  no build target found for C:\Users\chidi\Desktop\Scala_Project\Main.scala. Using presentation compiler with project's scala-library version: 3.3.8
2026.09.22 09:02:53 INFO  no build target found for C:\Users\chidi\Desktop\Scala_Project\Main.scala. Using presentation compiler with project's scala-library version: 3.3.8
2026.09.22 09:02:53 INFO  no build target found for C:\Users\chidi\Desktop\Scala_Project\Main.scala. Using presentation compiler with project's scala-library version: 3.3.8
2026.09.22 09:02:53 INFO  no build target found for C:\Users\chidi\Desktop\Scala_Project\Main.scala. Using presentation compiler with project's scala-library version: 3.3.8
2026.09.22 09:02:54 INFO  no build target found for C:\Users\chidi\Desktop\Scala_Project\Main.scala. Using presentation compiler with project's scala-library version: 3.3.8
2026.09.22 09:02:53 INFO  no build target found for C:\Users\chidi\Desktop\Scala_Project\Main.scala. Using presentation compiler with project's scala-library version: 3.3.8
2026.09.22 09:02:53 INFO  no build target found for C:\Users\chidi\Desktop\Scala_Project\Main.scala. Using presentation compiler with project's scala-library version: 3.3.8
2026.09.22 09:02:55 INFO  no build target found for C:\Users\chidi\Desktop\Scala_Project\Main.scala. Using presentation compiler with project's scala-library version: 3.3.8
2026.09.22 09:02:55 INFO  no build target found for C:\Users\chidi\Desktop\Scala_Project\Main.scala. Using presentation compiler with project's scala-library version: 3.3.8
2026.09.22 09:02:55 INFO  no build target found for C:\Users\chidi\Desktop\Scala_Project\Main.scala. Using presentation compiler with project's scala-library version: 3.3.8
2026.09.22 09:02:55 INFO  no build target found for C:\Users\chidi\Desktop\Scala_Project\Main.scala. Using presentation compiler with project's scala-library version: 3.3.8
2026.09.22 09:02:55 INFO  no build target found for C:\Users\chidi\Desktop\Scala_Project\Main.scala. Using presentation compiler with project's scala-library version: 3.3.8
2026.09.22 09:02:55 INFO  no build target found for C:\Users\chidi\Desktop\Scala_Project\Main.scala. Using presentation compiler with project's scala-library version: 3.3.8
2026.09.22 09:02:55 INFO  no build target found for C:\Users\chidi\Desktop\Scala_Project\Main.scala. Using presentation compiler with project's scala-library version: 3.3.8
2026.09.22 09:02:55 INFO  no build target found for C:\Users\chidi\Desktop\Scala_Project\Main.scala. Using presentation compiler with project's scala-library version: 3.3.8
2026.09.22 09:02:56 WARN  no build target for: C:\Users\chidi\Desktop\Scala_Project\Main.scala
2026.09.22 09:02:56 INFO  no build target found for C:\Users\chidi\Desktop\Scala_Project\Main.scala. Using presentation compiler with project's scala-library version: 3.3.8
2026.09.22 09:02:56 INFO  no build target found for C:\Users\chidi\Desktop\Scala_Project\Main.scala. Using presentation compiler with project's scala-library version: 3.3.8
2026.09.22 09:02:57 INFO  no build target found for C:\Users\chidi\Desktop\Scala_Project\Main.scala. Using presentation compiler with project's scala-library version: 3.3.8
2026.09.22 09:02:57 INFO  no build target found for C:\Users\chidi\Desktop\Scala_Project\Main.scala. Using presentation compiler with project's scala-library version: 3.3.8
2026.09.22 09:02:57 INFO  no build target found for C:\Users\chidi\Desktop\Scala_Project\Main.scala. Using presentation compiler with project's scala-library version: 3.3.8
2026.09.22 09:02:57 INFO  no build target found for C:\Users\chidi\Desktop\Scala_Project\Main.scala. Using presentation compiler with project's scala-library version: 3.3.8
2026.09.22 09:02:57 INFO  no build target found for C:\Users\chidi\Desktop\Scala_Project\Main.scala. Using presentation compiler with project's scala-library version: 3.3.8
2026.09.22 09:02:57 INFO  no build target found for C:\Users\chidi\Desktop\Scala_Project\Main.scala. Using presentation compiler with project's scala-library version: 3.3.8
2026.09.22 09:02:57 INFO  no build target found for C:\Users\chidi\Desktop\Scala_Project\Main.scala. Using presentation compiler with project's scala-library version: 3.3.8
2026.09.22 09:02:57 INFO  no build target found for C:\Users\chidi\Desktop\Scala_Project\Main.scala. Using presentation compiler with project's scala-library version: 3.3.8
2026.09.22 09:02:57 INFO  no build target found for C:\Users\chidi\Desktop\Scala_Project\Main.scala. Using presentation compiler with project's scala-library version: 3.3.8
2026.09.22 09:02:57 INFO  no build target found for C:\Users\chidi\Desktop\Scala_Project\Main.scala. Using presentation compiler with project's scala-library version: 3.3.8
2026.09.22 09:02:57 INFO  no build target found for C:\Users\chidi\Desktop\Scala_Project\Main.scala. Using presentation compiler with project's scala-library version: 3.3.8
2026.09.22 09:02:57 INFO  no build target found for C:\Users\chidi\Desktop\Scala_Project\Main.scala. Using presentation compiler with project's scala-library version: 3.3.8
2026.09.22 09:02:58 INFO  no build target found for C:\Users\chidi\Desktop\Scala_Project\Main.scala. Using presentation compiler with project's scala-library version: 3.3.8
2026.09.22 09:02:58 INFO  no build target found for C:\Users\chidi\Desktop\Scala_Project\Main.scala. Using presentation compiler with project's scala-library version: 3.3.8
2026.09.22 09:02:58 INFO  no build target found for C:\Users\chidi\Desktop\Scala_Project\Main.scala. Using presentation compiler with project's scala-library version: 3.3.8
2026.09.22 09:02:58 INFO  no build target found for C:\Users\chidi\Desktop\Scala_Project\Main.scala. Using presentation compiler with project's scala-library version: 3.3.8
2026.09.22 09:02:58 INFO  no build target found for C:\Users\chidi\Desktop\Scala_Project\Main.scala. Using presentation compiler with project's scala-library version: 3.3.8
2026.09.22 09:02:59 INFO  no build target found for C:\Users\chidi\Desktop\Scala_Project\Main.scala. Using presentation compiler with project's scala-library version: 3.3.8
2026.09.22 09:02:59 WARN  no build target for: C:\Users\chidi\Desktop\Scala_Project\Main.scala
2026.09.22 09:02:59 INFO  no build target found for C:\Users\chidi\Desktop\Scala_Project\Main.scala. Using presentation compiler with project's scala-library version: 3.3.8
2026.09.22 09:03:00 INFO  no build target found for C:\Users\chidi\Desktop\Scala_Project\Main.scala. Using presentation compiler with project's scala-library version: 3.3.8
2026.09.22 09:03:00 INFO  no build target found for C:\Users\chidi\Desktop\Scala_Project\Main.scala. Using presentation compiler with project's scala-library version: 3.3.8
2026.09.22 09:03:00 INFO  no build target found for C:\Users\chidi\Desktop\Scala_Project\Main.scala. Using presentation compiler with project's scala-library version: 3.3.8
2026.09.22 09:03:00 INFO  no build target found for C:\Users\chidi\Desktop\Scala_Project\Main.scala. Using presentation compiler with project's scala-library version: 3.3.8
2026.09.22 09:02:59 INFO  no build target found for C:\Users\chidi\Desktop\Scala_Project\Main.scala. Using presentation compiler with project's scala-library version: 3.3.8
2026.09.22 09:03:00 INFO  no build target found for C:\Users\chidi\Desktop\Scala_Project\Main.scala. Using presentation compiler with project's scala-library version: 3.3.8
2026.09.22 09:03:00 INFO  no build target found for C:\Users\chidi\Desktop\Scala_Project\Main.scala. Using presentation compiler with project's scala-library version: 3.3.8
2026.09.22 09:03:00 INFO  no build target found for C:\Users\chidi\Desktop\Scala_Project\Main.scala. Using presentation compiler with project's scala-library version: 3.3.8
2026.09.22 09:03:00 INFO  no build target found for C:\Users\chidi\Desktop\Scala_Project\Main.scala. Using presentation compiler with project's scala-library version: 3.3.8
2026.09.22 09:03:00 INFO  no build target found for C:\Users\chidi\Desktop\Scala_Project\Main.scala. Using presentation compiler with project's scala-library version: 3.3.8
2026.09.22 09:03:00 INFO  no build target found for C:\Users\chidi\Desktop\Scala_Project\Main.scala. Using presentation compiler with project's scala-library version: 3.3.8
2026.09.22 09:03:01 INFO  no build target found for C:\Users\chidi\Desktop\Scala_Project\Main.scala. Using presentation compiler with project's scala-library version: 3.3.8
2026.09.22 09:03:01 INFO  no build target found for C:\Users\chidi\Desktop\Scala_Project\Main.scala. Using presentation compiler with project's scala-library version: 3.3.8
2026.09.22 09:03:01 INFO  no build target found for C:\Users\chidi\Desktop\Scala_Project\Main.scala. Using presentation compiler with project's scala-library version: 3.3.8
2026.09.22 09:03:01 INFO  no build target found for C:\Users\chidi\Desktop\Scala_Project\Main.scala. Using presentation compiler with project's scala-library version: 3.3.8
2026.09.22 09:03:01 INFO  no build target found for C:\Users\chidi\Desktop\Scala_Project\Main.scala. Using presentation compiler with project's scala-library version: 3.3.8
2026.09.22 09:03:01 INFO  no build target found for C:\Users\chidi\Desktop\Scala_Project\Main.scala. Using presentation compiler with project's scala-library version: 3.3.8
2026.09.22 09:03:01 INFO  no build target found for C:\Users\chidi\Desktop\Scala_Project\Main.scala. Using presentation compiler with project's scala-library version: 3.3.8
2026.09.22 09:03:01 INFO  no build target found for C:\Users\chidi\Desktop\Scala_Project\Main.scala. Using presentation compiler with project's scala-library version: 3.3.8
2026.09.22 09:03:02 INFO  no build target found for C:\Users\chidi\Desktop\Scala_Project\Main.scala. Using presentation compiler with project's scala-library version: 3.3.8
2026.09.22 09:03:02 WARN  no build target for: C:\Users\chidi\Desktop\Scala_Project\Main.scala
2026.09.22 09:03:02 INFO  no build target found for C:\Users\chidi\Desktop\Scala_Project\Main.scala. Using presentation compiler with project's scala-library version: 3.3.8
2026.09.22 09:03:03 INFO  no build target found for C:\Users\chidi\Desktop\Scala_Project\Main.scala. Using presentation compiler with project's scala-library version: 3.3.8
2026.09.22 09:03:03 INFO  no build target found for C:\Users\chidi\Desktop\Scala_Project\Main.scala. Using presentation compiler with project's scala-library version: 3.3.8
2026.09.22 09:03:03 INFO  no build target found for C:\Users\chidi\Desktop\Scala_Project\Main.scala. Using presentation compiler with project's scala-library version: 3.3.8
2026.09.22 09:03:03 INFO  no build target found for C:\Users\chidi\Desktop\Scala_Project\Main.scala. Using presentation compiler with project's scala-library version: 3.3.8
2026.09.22 09:03:03 INFO  no build target found for C:\Users\chidi\Desktop\Scala_Project\Main.scala. Using presentation compiler with project's scala-library version: 3.3.8
2026.09.22 09:03:02 INFO  no build target found for C:\Users\chidi\Desktop\Scala_Project\Main.scala. Using presentation compiler with project's scala-library version: 3.3.8
2026.09.22 09:03:03 INFO  no build target found for C:\Users\chidi\Desktop\Scala_Project\Main.scala. Using presentation compiler with project's scala-library version: 3.3.8
2026.09.22 09:03:03 INFO  no build target found for C:\Users\chidi\Desktop\Scala_Project\Main.scala. Using presentation compiler with project's scala-library version: 3.3.8
2026.09.22 09:03:03 INFO  no build target found for C:\Users\chidi\Desktop\Scala_Project\Main.scala. Using presentation compiler with project's scala-library version: 3.3.8
2026.09.22 09:03:04 INFO  no build target found for C:\Users\chidi\Desktop\Scala_Project\Main.scala. Using presentation compiler with project's scala-library version: 3.3.8
2026.09.22 09:03:03 INFO  no build target found for C:\Users\chidi\Desktop\Scala_Project\Main.scala. Using presentation compiler with project's scala-library version: 3.3.8
2026.09.22 09:03:04 INFO  no build target found for C:\Users\chidi\Desktop\Scala_Project\Main.scala. Using presentation compiler with project's scala-library version: 3.3.8
2026.09.22 09:03:04 INFO  no build target found for C:\Users\chidi\Desktop\Scala_Project\Main.scala. Using presentation compiler with project's scala-library version: 3.3.8
2026.09.22 09:03:04 INFO  no build target found for C:\Users\chidi\Desktop\Scala_Project\Main.scala. Using presentation compiler with project's scala-library version: 3.3.8
2026.09.22 09:03:04 INFO  no build target found for C:\Users\chidi\Desktop\Scala_Project\Main.scala. Using presentation compiler with project's scala-library version: 3.3.8
2026.09.22 09:03:05 INFO  no build target found for C:\Users\chidi\Desktop\Scala_Project\Main.scala. Using presentation compiler with project's scala-library version: 3.3.8
2026.09.22 09:03:05 WARN  no build target for: C:\Users\chidi\Desktop\Scala_Project\Main.scala
2026.09.22 09:03:05 INFO  no build target found for C:\Users\chidi\Desktop\Scala_Project\Main.scala. Using presentation compiler with project's scala-library version: 3.3.8
2026.09.22 09:03:06 INFO  no build target found for C:\Users\chidi\Desktop\Scala_Project\Main.scala. Using presentation compiler with project's scala-library version: 3.3.8
2026.09.22 09:03:06 INFO  no build target found for C:\Users\chidi\Desktop\Scala_Project\Main.scala. Using presentation compiler with project's scala-library version: 3.3.8
2026.09.22 09:03:06 INFO  no build target found for C:\Users\chidi\Desktop\Scala_Project\Main.scala. Using presentation compiler with project's scala-library version: 3.3.8
2026.09.22 09:03:06 INFO  no build target found for C:\Users\chidi\Desktop\Scala_Project\Main.scala. Using presentation compiler with project's scala-library version: 3.3.8
2026.09.22 09:03:06 INFO  no build target found for C:\Users\chidi\Desktop\Scala_Project\Main.scala. Using presentation compiler with project's scala-library version: 3.3.8
2026.09.22 09:03:07 INFO  no build target found for C:\Users\chidi\Desktop\Scala_Project\Main.scala. Using presentation compiler with project's scala-library version: 3.3.8
2026.09.22 09:03:06 INFO  no build target found for C:\Users\chidi\Desktop\Scala_Project\Main.scala. Using presentation compiler with project's scala-library version: 3.3.8
2026.09.22 09:03:06 INFO  no build target found for C:\Users\chidi\Desktop\Scala_Project\Main.scala. Using presentation compiler with project's scala-library version: 3.3.8
2026.09.22 09:03:07 INFO  no build target found for C:\Users\chidi\Desktop\Scala_Project\Main.scala. Using presentation compiler with project's scala-library version: 3.3.8
2026.09.22 09:03:08 INFO  no build target found for C:\Users\chidi\Desktop\Scala_Project\Main.scala. Using presentation compiler with project's scala-library version: 3.3.8
2026.09.22 09:03:08 WARN  no build target for: C:\Users\chidi\Desktop\Scala_Project\Main.scala
2026.09.22 09:03:08 INFO  no build target found for C:\Users\chidi\Desktop\Scala_Project\Main.scala. Using presentation compiler with project's scala-library version: 3.3.8
2026.09.22 09:03:14 INFO  no build target found for C:\Users\chidi\Desktop\Scala_Project\Main.scala. Using presentation compiler with project's scala-library version: 3.3.8
2026.09.22 09:03:14 INFO  no build target found for C:\Users\chidi\Desktop\Scala_Project\Main.scala. Using presentation compiler with project's scala-library version: 3.3.8
2026.09.22 09:03:14 INFO  no build target found for C:\Users\chidi\Desktop\Scala_Project\Main.scala. Using presentation compiler with project's scala-library version: 3.3.8
2026.09.22 09:03:15 INFO  no build target found for C:\Users\chidi\Desktop\Scala_Project\Main.scala. Using presentation compiler with project's scala-library version: 3.3.8
2026.09.22 09:03:15 INFO  no build target found for C:\Users\chidi\Desktop\Scala_Project\Main.scala. Using presentation compiler with project's scala-library version: 3.3.8
2026.09.22 09:03:15 INFO  no build target found for C:\Users\chidi\Desktop\Scala_Project\Main.scala. Using presentation compiler with project's scala-library version: 3.3.8
2026.09.22 09:03:15 INFO  no build target found for C:\Users\chidi\Desktop\Scala_Project\Main.scala. Using presentation compiler with project's scala-library version: 3.3.8
2026.09.22 09:03:16 INFO  no build target found for C:\Users\chidi\Desktop\Scala_Project\Main.scala. Using presentation compiler with project's scala-library version: 3.3.8
2026.09.22 09:03:16 WARN  no build target for: C:\Users\chidi\Desktop\Scala_Project\Main.scala
2026.09.22 09:03:16 INFO  no build target found for C:\Users\chidi\Desktop\Scala_Project\Main.scala. Using presentation compiler with project's scala-library version: 3.3.8
2026.09.22 09:03:16 INFO  no build target found for C:\Users\chidi\Desktop\Scala_Project\Main.scala. Using presentation compiler with project's scala-library version: 3.3.8
2026.09.22 09:03:16 INFO  no build target found for C:\Users\chidi\Desktop\Scala_Project\Main.scala. Using presentation compiler with project's scala-library version: 3.3.8
2026.09.22 09:03:16 INFO  no build target found for C:\Users\chidi\Desktop\Scala_Project\Main.scala. Using presentation compiler with project's scala-library version: 3.3.8
2026.09.22 09:03:16 INFO  no build target found for C:\Users\chidi\Desktop\Scala_Project\Main.scala. Using presentation compiler with project's scala-library version: 3.3.8
2026.09.22 09:03:17 INFO  no build target found for C:\Users\chidi\Desktop\Scala_Project\Main.scala. Using presentation compiler with project's scala-library version: 3.3.8
2026.09.22 09:03:17 INFO  no build target found for C:\Users\chidi\Desktop\Scala_Project\Main.scala. Using presentation compiler with project's scala-library version: 3.3.8
2026.09.22 09:03:17 WARN  no build target for: C:\Users\chidi\Desktop\Scala_Project\Main.scala
2026.09.22 09:03:17 INFO  no build target found for C:\Users\chidi\Desktop\Scala_Project\Main.scala. Using presentation compiler with project's scala-library version: 3.3.8
2026.09.22 09:04:03 INFO  no build target found for C:\Users\chidi\Desktop\Scala_Project\Main.scala. Using presentation compiler with project's scala-library version: 3.3.8
2026.09.22 09:04:03 INFO  no build target found for C:\Users\chidi\Desktop\Scala_Project\Main.scala. Using presentation compiler with project's scala-library version: 3.3.8
2026.09.22 09:04:03 INFO  no build target found for C:\Users\chidi\Desktop\Scala_Project\Main.scala. Using presentation compiler with project's scala-library version: 3.3.8
2026.09.22 09:04:04 INFO  no build target found for C:\Users\chidi\Desktop\Scala_Project\Main.scala. Using presentation compiler with project's scala-library version: 3.3.8
2026.09.22 09:04:04 INFO  no build target found for C:\Users\chidi\Desktop\Scala_Project\Main.scala. Using presentation compiler with project's scala-library version: 3.3.8
2026.09.22 09:04:04 INFO  no build target found for C:\Users\chidi\Desktop\Scala_Project\Main.scala. Using presentation compiler with project's scala-library version: 3.3.8
2026.09.22 09:04:04 INFO  no build target found for C:\Users\chidi\Desktop\Scala_Project\Main.scala. Using presentation compiler with project's scala-library version: 3.3.8
2026.09.22 09:04:04 INFO  no build target found for C:\Users\chidi\Desktop\Scala_Project\Main.scala. Using presentation compiler with project's scala-library version: 3.3.8
2026.09.22 09:04:05 WARN  no build target for: C:\Users\chidi\Desktop\Scala_Project\Main.scala
2026.09.22 09:04:05 INFO  no build target found for C:\Users\chidi\Desktop\Scala_Project\Main.scala. Using presentation compiler with project's scala-library version: 3.3.8
2026.09.22 09:04:09 WARN  no build target for: C:\Users\chidi\Desktop\Scala_Project\Main.scala
2026.09.22 09:04:09 INFO  no build target found for C:\Users\chidi\Desktop\Scala_Project\Main.scala. Using presentation compiler with project's scala-library version: 3.3.8
2026.09.22 09:04:12 INFO  no build target found for C:\Users\chidi\Desktop\Scala_Project\model\Deck.scala. Using presentation compiler with project's scala-library version: 3.3.8
2026.09.22 09:04:12 WARN  no build target for: C:\Users\chidi\Desktop\Scala_Project\model\Deck.scala
2026.09.22 09:04:12 INFO  no build target found for C:\Users\chidi\Desktop\Scala_Project\model\Deck.scala. Using presentation compiler with project's scala-library version: 3.3.8
2026.09.22 09:04:12 INFO  no build target found for C:\Users\chidi\Desktop\Scala_Project\model\Deck.scala. Using presentation compiler with project's scala-library version: 3.3.8
2026.09.22 09:04:12 INFO  no build target found for C:\Users\chidi\Desktop\Scala_Project\model\Deck.scala. Using presentation compiler with project's scala-library version: 3.3.8
2026.09.22 09:04:13 INFO  no build target found for C:\Users\chidi\Desktop\Scala_Project\model\Deck.scala. Using presentation compiler with project's scala-library version: 3.3.8
2026.09.22 09:04:12 INFO  no build target found for C:\Users\chidi\Desktop\Scala_Project\model\Deck.scala. Using presentation compiler with project's scala-library version: 3.3.8
2026.09.22 09:04:13 INFO  Created report: Optional[file:///C:/Users/chidi/Desktop/Scala_Project/model/Deck.scala]
2026.09.22 09:04:13 INFO  empty definition using pc, found symbol in pc: scala/Int# (full report at: "C:\Users\chidi\Desktop\Scala_Project\.metals\.reports\metals-full\2026-09-22\r_empty-definition_09-04-13-659.md")
2026.09.22 09:04:12 INFO  no build target found for C:\Users\chidi\Desktop\Scala_Project\model\Deck.scala. Using presentation compiler with project's scala-library version: 3.3.8
2026.09.22 09:04:13 INFO  no build target found for C:\Users\chidi\Desktop\Scala_Project\model\Deck.scala. Using presentation compiler with project's scala-library version: 3.3.8
2026.09.22 09:04:13 INFO  no build target found for C:\Users\chidi\Desktop\Scala_Project\model\Deck.scala. Using presentation compiler with project's scala-library version: 3.3.8
2026.09.22 09:04:13 INFO  no build target found for C:\Users\chidi\Desktop\Scala_Project\model\Deck.scala. Using presentation compiler with project's scala-library version: 3.3.8
2026.09.22 09:04:13 INFO  no build target found for C:\Users\chidi\Desktop\Scala_Project\model\Deck.scala. Using presentation compiler with project's scala-library version: 3.3.8
2026.09.22 09:04:14 INFO  no build target found for C:\Users\chidi\Desktop\Scala_Project\model\Deck.scala. Using presentation compiler with project's scala-library version: 3.3.8
2026.09.22 09:04:14 INFO  no build target found for C:\Users\chidi\Desktop\Scala_Project\model\Deck.scala. Using presentation compiler with project's scala-library version: 3.3.8
2026.09.22 09:04:13 INFO  no build target found for C:\Users\chidi\Desktop\Scala_Project\model\Deck.scala. Using presentation compiler with project's scala-library version: 3.3.8
2026.09.22 09:04:14 INFO  no build target found for C:\Users\chidi\Desktop\Scala_Project\model\Deck.scala. Using presentation compiler with project's scala-library version: 3.3.8
2026.09.22 09:04:13 INFO  empty definition using pc, found symbol in pc:  (full report at: "C:\Users\chidi\Desktop\Scala_Project\.metals\.reports\metals-full\2026-09-22\r_empty-definition_09-04-14-465.md")
2026.09.22 09:04:13 INFO  no build target found for C:\Users\chidi\Desktop\Scala_Project\model\Deck.scala. Using presentation compiler with project's scala-library version: 3.3.8
2026.09.22 09:04:14 WARN  no build target for: C:\Users\chidi\Desktop\Scala_Project\model\Deck.scala
2026.09.22 09:04:14 INFO  Created report: Optional[file:///C:/Users/chidi/Desktop/Scala_Project/model/Deck.scala]
2026.09.22 09:04:14 INFO  empty definition using pc, found symbol in pc:  (full report at: "C:\Users\chidi\Desktop\Scala_Project\.metals\.reports\metals-full\2026-09-22\r_empty-definition_09-04-14-465.md")
2026.09.22 09:04:14 INFO  no build target found for C:\Users\chidi\Desktop\Scala_Project\model\Deck.scala. Using presentation compiler with project's scala-library version: 3.3.8
2026.09.22 09:04:14 INFO  no build target found for C:\Users\chidi\Desktop\Scala_Project\model\Deck.scala. Using presentation compiler with project's scala-library version: 3.3.8
2026.09.22 09:04:55 INFO  no build target found for C:\Users\chidi\Desktop\Scala_Project\model\Deck.scala. Using presentation compiler with project's scala-library version: 3.3.8
2026.09.22 09:04:57 INFO  no build target found for C:\Users\chidi\Desktop\Scala_Project\model\Deck.scala. Using presentation compiler with project's scala-library version: 3.3.8
2026.09.22 09:04:57 INFO  no build target found for C:\Users\chidi\Desktop\Scala_Project\model\Deck.scala. Using presentation compiler with project's scala-library version: 3.3.8
2026.09.22 09:04:58 INFO  no build target found for C:\Users\chidi\Desktop\Scala_Project\model\Deck.scala. Using presentation compiler with project's scala-library version: 3.3.8
2026.09.22 09:04:59 INFO  no build target found for C:\Users\chidi\Desktop\Scala_Project\model\Deck.scala. Using presentation compiler with project's scala-library version: 3.3.8
2026.09.22 09:04:59 INFO  no build target found for C:\Users\chidi\Desktop\Scala_Project\model\Deck.scala. Using presentation compiler with project's scala-library version: 3.3.8
2026.09.22 09:04:59 INFO  no build target found for C:\Users\chidi\Desktop\Scala_Project\model\Deck.scala. Using presentation compiler with project's scala-library version: 3.3.8
2026.09.22 09:04:59 INFO  no build target found for C:\Users\chidi\Desktop\Scala_Project\model\Deck.scala. Using presentation compiler with project's scala-library version: 3.3.8
2026.09.22 09:04:59 INFO  no build target found for C:\Users\chidi\Desktop\Scala_Project\model\Deck.scala. Using presentation compiler with project's scala-library version: 3.3.8
2026.09.22 09:05:00 INFO  empty definition using pc, found symbol in pc:  (full report at: "C:\Users\chidi\Desktop\Scala_Project\.metals\.reports\metals-full\2026-09-22\r_empty-definition_09-04-14-465.md")
2026.09.22 09:05:00 INFO  no build target found for C:\Users\chidi\Desktop\Scala_Project\model\Deck.scala. Using presentation compiler with project's scala-library version: 3.3.8
2026.09.22 09:04:59 INFO  no build target found for C:\Users\chidi\Desktop\Scala_Project\model\Deck.scala. Using presentation compiler with project's scala-library version: 3.3.8
2026.09.22 09:05:00 INFO  no build target found for C:\Users\chidi\Desktop\Scala_Project\model\Deck.scala. Using presentation compiler with project's scala-library version: 3.3.8
2026.09.22 09:05:00 INFO  no build target found for C:\Users\chidi\Desktop\Scala_Project\model\Deck.scala. Using presentation compiler with project's scala-library version: 3.3.8
2026.09.22 09:05:00 INFO  no build target found for C:\Users\chidi\Desktop\Scala_Project\model\Deck.scala. Using presentation compiler with project's scala-library version: 3.3.8
2026.09.22 09:05:00 INFO  no build target found for C:\Users\chidi\Desktop\Scala_Project\model\Deck.scala. Using presentation compiler with project's scala-library version: 3.3.8
2026.09.22 09:05:00 INFO  no build target found for C:\Users\chidi\Desktop\Scala_Project\model\Deck.scala. Using presentation compiler with project's scala-library version: 3.3.8
2026.09.22 09:05:00 INFO  no build target found for C:\Users\chidi\Desktop\Scala_Project\model\Deck.scala. Using presentation compiler with project's scala-library version: 3.3.8
2026.09.22 09:05:00 INFO  no build target found for C:\Users\chidi\Desktop\Scala_Project\model\Deck.scala. Using presentation compiler with project's scala-library version: 3.3.8
2026.09.22 09:05:00 INFO  empty definition using pc, found symbol in pc:  (full report at: "C:\Users\chidi\Desktop\Scala_Project\.metals\.reports\metals-full\2026-09-22\r_empty-definition_09-04-14-465.md")
2026.09.22 09:05:00 WARN  no build target for: C:\Users\chidi\Desktop\Scala_Project\model\Deck.scala
2026.09.22 09:05:00 INFO  no build target found for C:\Users\chidi\Desktop\Scala_Project\model\Deck.scala. Using presentation compiler with project's scala-library version: 3.3.8
2026.09.22 09:05:00 WARN  no build target for: C:\Users\chidi\Desktop\Scala_Project\model\Deck.scala
2026.09.22 09:05:01 INFO  no build target found for C:\Users\chidi\Desktop\Scala_Project\model\Deck.scala. Using presentation compiler with project's scala-library version: 3.3.8
2026.09.22 09:05:09 INFO  no build target found for C:\Users\chidi\Desktop\Scala_Project\model\Deck.scala. Using presentation compiler with project's scala-library version: 3.3.8
2026.09.22 09:05:09 INFO  no build target found for C:\Users\chidi\Desktop\Scala_Project\model\Deck.scala. Using presentation compiler with project's scala-library version: 3.3.8
2026.09.22 09:05:09 INFO  no build target found for C:\Users\chidi\Desktop\Scala_Project\model\Deck.scala. Using presentation compiler with project's scala-library version: 3.3.8
2026.09.22 09:05:11 INFO  no build target found for C:\Users\chidi\Desktop\Scala_Project\model\Deck.scala. Using presentation compiler with project's scala-library version: 3.3.8
2026.09.22 09:05:11 INFO  no build target found for C:\Users\chidi\Desktop\Scala_Project\model\Deck.scala. Using presentation compiler with project's scala-library version: 3.3.8
2026.09.22 09:05:11 INFO  no build target found for C:\Users\chidi\Desktop\Scala_Project\model\Deck.scala. Using presentation compiler with project's scala-library version: 3.3.8
2026.09.22 09:05:11 INFO  no build target found for C:\Users\chidi\Desktop\Scala_Project\model\Deck.scala. Using presentation compiler with project's scala-library version: 3.3.8
2026.09.22 09:05:11 INFO  no build target found for C:\Users\chidi\Desktop\Scala_Project\model\Deck.scala. Using presentation compiler with project's scala-library version: 3.3.8
2026.09.22 09:05:11 WARN  no build target for: C:\Users\chidi\Desktop\Scala_Project\model\Deck.scala
2026.09.22 09:05:11 INFO  no build target found for C:\Users\chidi\Desktop\Scala_Project\model\Deck.scala. Using presentation compiler with project's scala-library version: 3.3.8
2026.09.22 09:05:38 INFO  no build target found for C:\Users\chidi\Desktop\Scala_Project\model\Deck.scala. Using presentation compiler with project's scala-library version: 3.3.8
2026.09.22 09:05:38 INFO  no build target found for C:\Users\chidi\Desktop\Scala_Project\model\Deck.scala. Using presentation compiler with project's scala-library version: 3.3.8
2026.09.22 09:05:38 INFO  no build target found for C:\Users\chidi\Desktop\Scala_Project\model\Deck.scala. Using presentation compiler with project's scala-library version: 3.3.8
2026.09.22 09:05:38 INFO  no build target found for C:\Users\chidi\Desktop\Scala_Project\model\Deck.scala. Using presentation compiler with project's scala-library version: 3.3.8
2026.09.22 09:05:38 INFO  no build target found for C:\Users\chidi\Desktop\Scala_Project\model\Deck.scala. Using presentation compiler with project's scala-library version: 3.3.8
2026.09.22 09:05:39 INFO  no build target found for C:\Users\chidi\Desktop\Scala_Project\model\Deck.scala. Using presentation compiler with project's scala-library version: 3.3.8
2026.09.22 09:05:39 INFO  no build target found for C:\Users\chidi\Desktop\Scala_Project\model\Deck.scala. Using presentation compiler with project's scala-library version: 3.3.8
2026.09.22 09:05:39 INFO  no build target found for C:\Users\chidi\Desktop\Scala_Project\model\Deck.scala. Using presentation compiler with project's scala-library version: 3.3.8
2026.09.22 09:05:39 WARN  no build target for: C:\Users\chidi\Desktop\Scala_Project\model\Deck.scala
2026.09.22 09:05:39 INFO  no build target found for C:\Users\chidi\Desktop\Scala_Project\model\Deck.scala. Using presentation compiler with project's scala-library version: 3.3.8
2026.09.22 09:05:40 WARN  no build target for: C:\Users\chidi\Desktop\Scala_Project\model\Deck.scala
2026.09.22 09:05:40 INFO  no build target found for C:\Users\chidi\Desktop\Scala_Project\model\Deck.scala. Using presentation compiler with project's scala-library version: 3.3.8
2026.09.22 09:06:46 INFO  no build target found for C:\Users\chidi\Desktop\Scala_Project\model\Deck.scala. Using presentation compiler with project's scala-library version: 3.3.8
2026.09.22 09:06:52 INFO  no build target found for C:\Users\chidi\Desktop\Scala_Project\model\Deck.scala. Using presentation compiler with project's scala-library version: 3.3.8
2026.09.22 09:09:46 INFO  no build target found for C:\Users\chidi\Desktop\Scala_Project\model\Deck.scala. Using presentation compiler with project's scala-library version: 3.3.8
2026.09.22 09:11:29 INFO  no build target found for C:\Users\chidi\Desktop\Scala_Project\model\Deck.scala. Using presentation compiler with project's scala-library version: 3.3.8
2026.09.22 09:11:38 INFO  no build target found for C:\Users\chidi\Desktop\Scala_Project\model\Deck.scala. Using presentation compiler with project's scala-library version: 3.3.8
2026.09.22 09:11:38 INFO  no build target found for C:\Users\chidi\Desktop\Scala_Project\model\Deck.scala. Using presentation compiler with project's scala-library version: 3.3.8
2026.09.22 09:11:38 INFO  no build target found for C:\Users\chidi\Desktop\Scala_Project\model\Deck.scala. Using presentation compiler with project's scala-library version: 3.3.8
2026.09.22 09:11:38 INFO  no build target found for C:\Users\chidi\Desktop\Scala_Project\model\Deck.scala. Using presentation compiler with project's scala-library version: 3.3.8
2026.09.22 09:11:38 INFO  no build target found for C:\Users\chidi\Desktop\Scala_Project\model\Deck.scala. Using presentation compiler with project's scala-library version: 3.3.8
2026.09.22 09:11:38 INFO  no build target found for C:\Users\chidi\Desktop\Scala_Project\model\Deck.scala. Using presentation compiler with project's scala-library version: 3.3.8
2026.09.22 09:11:39 INFO  no build target found for C:\Users\chidi\Desktop\Scala_Project\model\Deck.scala. Using presentation compiler with project's scala-library version: 3.3.8
2026.09.22 09:11:39 INFO  no build target found for C:\Users\chidi\Desktop\Scala_Project\model\Deck.scala. Using presentation compiler with project's scala-library version: 3.3.8
2026.09.22 09:11:39 INFO  no build target found for C:\Users\chidi\Desktop\Scala_Project\model\Deck.scala. Using presentation compiler with project's scala-library version: 3.3.8
2026.09.22 09:11:38 INFO  no build target found for C:\Users\chidi\Desktop\Scala_Project\model\Deck.scala. Using presentation compiler with project's scala-library version: 3.3.8
2026.09.22 09:11:39 INFO  no build target found for C:\Users\chidi\Desktop\Scala_Project\model\Deck.scala. Using presentation compiler with project's scala-library version: 3.3.8
2026.09.22 09:11:39 INFO  no build target found for C:\Users\chidi\Desktop\Scala_Project\model\Deck.scala. Using presentation compiler with project's scala-library version: 3.3.8
2026.09.22 09:11:39 INFO  no build target found for C:\Users\chidi\Desktop\Scala_Project\model\Deck.scala. Using presentation compiler with project's scala-library version: 3.3.8
2026.09.22 09:11:39 INFO  no build target found for C:\Users\chidi\Desktop\Scala_Project\model\Deck.scala. Using presentation compiler with project's scala-library version: 3.3.8
2026.09.22 09:11:40 INFO  no build target found for C:\Users\chidi\Desktop\Scala_Project\model\Deck.scala. Using presentation compiler with project's scala-library version: 3.3.8
2026.09.22 09:11:40 WARN  no build target for: C:\Users\chidi\Desktop\Scala_Project\model\Deck.scala
2026.09.22 09:11:40 INFO  no build target found for C:\Users\chidi\Desktop\Scala_Project\model\Deck.scala. Using presentation compiler with project's scala-library version: 3.3.8
2026.09.22 09:11:41 INFO  no build target found for C:\Users\chidi\Desktop\Scala_Project\model\Deck.scala. Using presentation compiler with project's scala-library version: 3.3.8
2026.09.22 09:11:41 INFO  no build target found for C:\Users\chidi\Desktop\Scala_Project\model\Deck.scala. Using presentation compiler with project's scala-library version: 3.3.8
2026.09.22 09:11:41 INFO  no build target found for C:\Users\chidi\Desktop\Scala_Project\model\Deck.scala. Using presentation compiler with project's scala-library version: 3.3.8
2026.09.22 09:11:41 INFO  no build target found for C:\Users\chidi\Desktop\Scala_Project\model\Deck.scala. Using presentation compiler with project's scala-library version: 3.3.8
2026.09.22 09:11:41 INFO  no build target found for C:\Users\chidi\Desktop\Scala_Project\model\Deck.scala. Using presentation compiler with project's scala-library version: 3.3.8
2026.09.22 09:11:41 INFO  no build target found for C:\Users\chidi\Desktop\Scala_Project\model\Deck.scala. Using presentation compiler with project's scala-library version: 3.3.8
2026.09.22 09:11:41 INFO  no build target found for C:\Users\chidi\Desktop\Scala_Project\model\Deck.scala. Using presentation compiler with project's scala-library version: 3.3.8
2026.09.22 09:11:41 INFO  no build target found for C:\Users\chidi\Desktop\Scala_Project\model\Deck.scala. Using presentation compiler with project's scala-library version: 3.3.8
2026.09.22 09:11:41 INFO  no build target found for C:\Users\chidi\Desktop\Scala_Project\model\Deck.scala. Using presentation compiler with project's scala-library version: 3.3.8
2026.09.22 09:11:42 INFO  no build target found for C:\Users\chidi\Desktop\Scala_Project\model\Deck.scala. Using presentation compiler with project's scala-library version: 3.3.8
2026.09.22 09:11:42 INFO  no build target found for C:\Users\chidi\Desktop\Scala_Project\model\Deck.scala. Using presentation compiler with project's scala-library version: 3.3.8
2026.09.22 09:11:42 INFO  no build target found for C:\Users\chidi\Desktop\Scala_Project\model\Deck.scala. Using presentation compiler with project's scala-library version: 3.3.8
2026.09.22 09:11:42 INFO  no build target found for C:\Users\chidi\Desktop\Scala_Project\model\Deck.scala. Using presentation compiler with project's scala-library version: 3.3.8
2026.09.22 09:11:42 INFO  no build target found for C:\Users\chidi\Desktop\Scala_Project\model\Deck.scala. Using presentation compiler with project's scala-library version: 3.3.8
2026.09.22 09:11:42 INFO  no build target found for C:\Users\chidi\Desktop\Scala_Project\model\Deck.scala. Using presentation compiler with project's scala-library version: 3.3.8
2026.09.22 09:11:42 INFO  no build target found for C:\Users\chidi\Desktop\Scala_Project\model\Deck.scala. Using presentation compiler with project's scala-library version: 3.3.8
2026.09.22 09:11:42 INFO  no build target found for C:\Users\chidi\Desktop\Scala_Project\model\Deck.scala. Using presentation compiler with project's scala-library version: 3.3.8
2026.09.22 09:11:43 INFO  no build target found for C:\Users\chidi\Desktop\Scala_Project\model\Deck.scala. Using presentation compiler with project's scala-library version: 3.3.8
2026.09.22 09:11:43 INFO  no build target found for C:\Users\chidi\Desktop\Scala_Project\model\Deck.scala. Using presentation compiler with project's scala-library version: 3.3.8
2026.09.22 09:11:43 INFO  no build target found for C:\Users\chidi\Desktop\Scala_Project\model\Deck.scala. Using presentation compiler with project's scala-library version: 3.3.8
2026.09.22 09:11:43 INFO  no build target found for C:\Users\chidi\Desktop\Scala_Project\model\Deck.scala. Using presentation compiler with project's scala-library version: 3.3.8
2026.09.22 09:11:43 INFO  no build target found for C:\Users\chidi\Desktop\Scala_Project\model\Deck.scala. Using presentation compiler with project's scala-library version: 3.3.8
2026.09.22 09:11:43 INFO  no build target found for C:\Users\chidi\Desktop\Scala_Project\model\Deck.scala. Using presentation compiler with project's scala-library version: 3.3.8
2026.09.22 09:11:43 INFO  no build target found for C:\Users\chidi\Desktop\Scala_Project\model\Deck.scala. Using presentation compiler with project's scala-library version: 3.3.8
2026.09.22 09:11:43 INFO  no build target found for C:\Users\chidi\Desktop\Scala_Project\model\Deck.scala. Using presentation compiler with project's scala-library version: 3.3.8
2026.09.22 09:11:43 INFO  no build target found for C:\Users\chidi\Desktop\Scala_Project\model\Deck.scala. Using presentation compiler with project's scala-library version: 3.3.8
2026.09.22 09:11:43 INFO  no build target found for C:\Users\chidi\Desktop\Scala_Project\model\Deck.scala. Using presentation compiler with project's scala-library version: 3.3.8
2026.09.22 09:11:43 INFO  no build target found for C:\Users\chidi\Desktop\Scala_Project\model\Deck.scala. Using presentation compiler with project's scala-library version: 3.3.8
2026.09.22 09:11:44 INFO  no build target found for C:\Users\chidi\Desktop\Scala_Project\model\Deck.scala. Using presentation compiler with project's scala-library version: 3.3.8
2026.09.22 09:11:43 INFO  no build target found for C:\Users\chidi\Desktop\Scala_Project\model\Deck.scala. Using presentation compiler with project's scala-library version: 3.3.8
2026.09.22 09:11:43 INFO  no build target found for C:\Users\chidi\Desktop\Scala_Project\model\Deck.scala. Using presentation compiler with project's scala-library version: 3.3.8
2026.09.22 09:11:44 INFO  no build target found for C:\Users\chidi\Desktop\Scala_Project\model\Deck.scala. Using presentation compiler with project's scala-library version: 3.3.8
2026.09.22 09:11:44 INFO  no build target found for C:\Users\chidi\Desktop\Scala_Project\model\Deck.scala. Using presentation compiler with project's scala-library version: 3.3.8
2026.09.22 09:11:44 INFO  no build target found for C:\Users\chidi\Desktop\Scala_Project\model\Deck.scala. Using presentation compiler with project's scala-library version: 3.3.8
2026.09.22 09:11:44 INFO  no build target found for C:\Users\chidi\Desktop\Scala_Project\model\Deck.scala. Using presentation compiler with project's scala-library version: 3.3.8
2026.09.22 09:11:44 INFO  no build target found for C:\Users\chidi\Desktop\Scala_Project\model\Deck.scala. Using presentation compiler with project's scala-library version: 3.3.8
2026.09.22 09:11:44 INFO  no build target found for C:\Users\chidi\Desktop\Scala_Project\model\Deck.scala. Using presentation compiler with project's scala-library version: 3.3.8
2026.09.22 09:11:44 INFO  no build target found for C:\Users\chidi\Desktop\Scala_Project\model\Deck.scala. Using presentation compiler with project's scala-library version: 3.3.8
2026.09.22 09:11:44 INFO  no build target found for C:\Users\chidi\Desktop\Scala_Project\model\Deck.scala. Using presentation compiler with project's scala-library version: 3.3.8
2026.09.22 09:11:44 INFO  no build target found for C:\Users\chidi\Desktop\Scala_Project\model\Deck.scala. Using presentation compiler with project's scala-library version: 3.3.8
2026.09.22 09:11:45 INFO  no build target found for C:\Users\chidi\Desktop\Scala_Project\model\Deck.scala. Using presentation compiler with project's scala-library version: 3.3.8
2026.09.22 09:11:44 INFO  no build target found for C:\Users\chidi\Desktop\Scala_Project\model\Deck.scala. Using presentation compiler with project's scala-library version: 3.3.8
2026.09.22 09:11:44 INFO  no build target found for C:\Users\chidi\Desktop\Scala_Project\model\Deck.scala. Using presentation compiler with project's scala-library version: 3.3.8
2026.09.22 09:11:44 INFO  no build target found for C:\Users\chidi\Desktop\Scala_Project\model\Deck.scala. Using presentation compiler with project's scala-library version: 3.3.8
2026.09.22 09:11:45 INFO  no build target found for C:\Users\chidi\Desktop\Scala_Project\model\Deck.scala. Using presentation compiler with project's scala-library version: 3.3.8
2026.09.22 09:11:45 INFO  no build target found for C:\Users\chidi\Desktop\Scala_Project\model\Deck.scala. Using presentation compiler with project's scala-library version: 3.3.8
2026.09.22 09:11:45 INFO  no build target found for C:\Users\chidi\Desktop\Scala_Project\model\Deck.scala. Using presentation compiler with project's scala-library version: 3.3.8
2026.09.22 09:11:45 INFO  no build target found for C:\Users\chidi\Desktop\Scala_Project\model\Deck.scala. Using presentation compiler with project's scala-library version: 3.3.8
2026.09.22 09:11:45 INFO  no build target found for C:\Users\chidi\Desktop\Scala_Project\model\Deck.scala. Using presentation compiler with project's scala-library version: 3.3.8
2026.09.22 09:11:46 INFO  no build target found for C:\Users\chidi\Desktop\Scala_Project\model\Deck.scala. Using presentation compiler with project's scala-library version: 3.3.8
2026.09.22 09:11:46 INFO  no build target found for C:\Users\chidi\Desktop\Scala_Project\model\Deck.scala. Using presentation compiler with project's scala-library version: 3.3.8
2026.09.22 09:11:47 INFO  no build target found for C:\Users\chidi\Desktop\Scala_Project\model\Deck.scala. Using presentation compiler with project's scala-library version: 3.3.8
2026.09.22 09:11:46 INFO  no build target found for C:\Users\chidi\Desktop\Scala_Project\model\Deck.scala. Using presentation compiler with project's scala-library version: 3.3.8
2026.09.22 09:11:46 INFO  no build target found for C:\Users\chidi\Desktop\Scala_Project\model\Deck.scala. Using presentation compiler with project's scala-library version: 3.3.8
2026.09.22 09:11:46 INFO  no build target found for C:\Users\chidi\Desktop\Scala_Project\model\Deck.scala. Using presentation compiler with project's scala-library version: 3.3.8
2026.09.22 09:11:46 INFO  no build target found for C:\Users\chidi\Desktop\Scala_Project\model\Deck.scala. Using presentation compiler with project's scala-library version: 3.3.8
2026.09.22 09:11:47 INFO  no build target found for C:\Users\chidi\Desktop\Scala_Project\model\Deck.scala. Using presentation compiler with project's scala-library version: 3.3.8
2026.09.22 09:11:46 INFO  no build target found for C:\Users\chidi\Desktop\Scala_Project\model\Deck.scala. Using presentation compiler with project's scala-library version: 3.3.8
2026.09.22 09:11:46 INFO  no build target found for C:\Users\chidi\Desktop\Scala_Project\model\Deck.scala. Using presentation compiler with project's scala-library version: 3.3.8
2026.09.22 09:11:46 INFO  no build target found for C:\Users\chidi\Desktop\Scala_Project\model\Deck.scala. Using presentation compiler with project's scala-library version: 3.3.8
2026.09.22 09:11:46 INFO  no build target found for C:\Users\chidi\Desktop\Scala_Project\model\Deck.scala. Using presentation compiler with project's scala-library version: 3.3.8
2026.09.22 09:11:47 INFO  no build target found for C:\Users\chidi\Desktop\Scala_Project\model\Deck.scala. Using presentation compiler with project's scala-library version: 3.3.8
2026.09.22 09:11:47 INFO  no build target found for C:\Users\chidi\Desktop\Scala_Project\model\Deck.scala. Using presentation compiler with project's scala-library version: 3.3.8
2026.09.22 09:11:47 INFO  no build target found for C:\Users\chidi\Desktop\Scala_Project\model\Deck.scala. Using presentation compiler with project's scala-library version: 3.3.8
2026.09.22 09:11:47 INFO  no build target found for C:\Users\chidi\Desktop\Scala_Project\model\Deck.scala. Using presentation compiler with project's scala-library version: 3.3.8
2026.09.22 09:11:47 INFO  no build target found for C:\Users\chidi\Desktop\Scala_Project\model\Deck.scala. Using presentation compiler with project's scala-library version: 3.3.8
2026.09.22 09:11:47 INFO  no build target found for C:\Users\chidi\Desktop\Scala_Project\model\Deck.scala. Using presentation compiler with project's scala-library version: 3.3.8
2026.09.22 09:11:48 INFO  no build target found for C:\Users\chidi\Desktop\Scala_Project\model\Deck.scala. Using presentation compiler with project's scala-library version: 3.3.8
2026.09.22 09:11:48 INFO  no build target found for C:\Users\chidi\Desktop\Scala_Project\model\Deck.scala. Using presentation compiler with project's scala-library version: 3.3.8
2026.09.22 09:11:48 WARN  no build target for: C:\Users\chidi\Desktop\Scala_Project\model\Deck.scala
2026.09.22 09:11:48 INFO  no build target found for C:\Users\chidi\Desktop\Scala_Project\model\Deck.scala. Using presentation compiler with project's scala-library version: 3.3.8
2026.09.22 09:11:52 INFO  no build target found for C:\Users\chidi\Desktop\Scala_Project\model\Deck.scala. Using presentation compiler with project's scala-library version: 3.3.8
2026.09.22 09:11:52 INFO  no build target found for C:\Users\chidi\Desktop\Scala_Project\model\Deck.scala. Using presentation compiler with project's scala-library version: 3.3.8
2026.09.22 09:11:55 INFO  no build target found for C:\Users\chidi\Desktop\Scala_Project\model\Deck.scala. Using presentation compiler with project's scala-library version: 3.3.8
2026.09.22 09:11:55 INFO  no build target found for C:\Users\chidi\Desktop\Scala_Project\model\Deck.scala. Using presentation compiler with project's scala-library version: 3.3.8
2026.09.22 09:11:55 INFO  no build target found for C:\Users\chidi\Desktop\Scala_Project\model\Deck.scala. Using presentation compiler with project's scala-library version: 3.3.8
2026.09.22 09:11:55 INFO  no build target found for C:\Users\chidi\Desktop\Scala_Project\model\Deck.scala. Using presentation compiler with project's scala-library version: 3.3.8
2026.09.22 09:11:56 INFO  no build target found for C:\Users\chidi\Desktop\Scala_Project\model\Deck.scala. Using presentation compiler with project's scala-library version: 3.3.8
2026.09.22 09:11:57 INFO  no build target found for C:\Users\chidi\Desktop\Scala_Project\model\Deck.scala. Using presentation compiler with project's scala-library version: 3.3.8
2026.09.22 09:11:57 INFO  no build target found for C:\Users\chidi\Desktop\Scala_Project\model\Deck.scala. Using presentation compiler with project's scala-library version: 3.3.8
2026.09.22 09:11:57 INFO  no build target found for C:\Users\chidi\Desktop\Scala_Project\model\Deck.scala. Using presentation compiler with project's scala-library version: 3.3.8
2026.09.22 09:11:57 INFO  no build target found for C:\Users\chidi\Desktop\Scala_Project\model\Deck.scala. Using presentation compiler with project's scala-library version: 3.3.8
2026.09.22 09:11:56 INFO  no build target found for C:\Users\chidi\Desktop\Scala_Project\model\Deck.scala. Using presentation compiler with project's scala-library version: 3.3.8
2026.09.22 09:11:57 INFO  no build target found for C:\Users\chidi\Desktop\Scala_Project\model\Deck.scala. Using presentation compiler with project's scala-library version: 3.3.8
2026.09.22 09:11:57 INFO  no build target found for C:\Users\chidi\Desktop\Scala_Project\model\Deck.scala. Using presentation compiler with project's scala-library version: 3.3.8
2026.09.22 09:11:57 INFO  no build target found for C:\Users\chidi\Desktop\Scala_Project\model\Deck.scala. Using presentation compiler with project's scala-library version: 3.3.8
2026.09.22 09:11:57 INFO  no build target found for C:\Users\chidi\Desktop\Scala_Project\model\Deck.scala. Using presentation compiler with project's scala-library version: 3.3.8
2026.09.22 09:11:58 INFO  no build target found for C:\Users\chidi\Desktop\Scala_Project\model\Deck.scala. Using presentation compiler with project's scala-library version: 3.3.8
2026.09.22 09:11:57 INFO  no build target found for C:\Users\chidi\Desktop\Scala_Project\model\Deck.scala. Using presentation compiler with project's scala-library version: 3.3.8
2026.09.22 09:11:58 INFO  no build target found for C:\Users\chidi\Desktop\Scala_Project\model\Deck.scala. Using presentation compiler with project's scala-library version: 3.3.8
2026.09.22 09:11:59 INFO  no build target found for C:\Users\chidi\Desktop\Scala_Project\model\Deck.scala. Using presentation compiler with project's scala-library version: 3.3.8
2026.09.22 09:11:59 INFO  no build target found for C:\Users\chidi\Desktop\Scala_Project\model\Deck.scala. Using presentation compiler with project's scala-library version: 3.3.8
2026.09.22 09:11:59 INFO  no build target found for C:\Users\chidi\Desktop\Scala_Project\model\Deck.scala. Using presentation compiler with project's scala-library version: 3.3.8
2026.09.22 09:11:59 INFO  no build target found for C:\Users\chidi\Desktop\Scala_Project\model\Deck.scala. Using presentation compiler with project's scala-library version: 3.3.8
2026.09.22 09:11:59 INFO  no build target found for C:\Users\chidi\Desktop\Scala_Project\model\Deck.scala. Using presentation compiler with project's scala-library version: 3.3.8
2026.09.22 09:11:59 INFO  no build target found for C:\Users\chidi\Desktop\Scala_Project\model\Deck.scala. Using presentation compiler with project's scala-library version: 3.3.8
2026.09.22 09:11:59 INFO  no build target found for C:\Users\chidi\Desktop\Scala_Project\model\Deck.scala. Using presentation compiler with project's scala-library version: 3.3.8
2026.09.22 09:11:59 INFO  no build target found for C:\Users\chidi\Desktop\Scala_Project\model\Deck.scala. Using presentation compiler with project's scala-library version: 3.3.8
2026.09.22 09:11:59 INFO  no build target found for C:\Users\chidi\Desktop\Scala_Project\model\Deck.scala. Using presentation compiler with project's scala-library version: 3.3.8
2026.09.22 09:12:00 INFO  no build target found for C:\Users\chidi\Desktop\Scala_Project\model\Deck.scala. Using presentation compiler with project's scala-library version: 3.3.8
2026.09.22 09:12:00 INFO  no build target found for C:\Users\chidi\Desktop\Scala_Project\model\Deck.scala. Using presentation compiler with project's scala-library version: 3.3.8
2026.09.22 09:12:00 INFO  no build target found for C:\Users\chidi\Desktop\Scala_Project\model\Deck.scala. Using presentation compiler with project's scala-library version: 3.3.8
2026.09.22 09:12:00 WARN  no build target for: C:\Users\chidi\Desktop\Scala_Project\model\Deck.scala
2026.09.22 09:12:01 INFO  no build target found for C:\Users\chidi\Desktop\Scala_Project\model\Deck.scala. Using presentation compiler with project's scala-library version: 3.3.8
2026.09.22 09:12:01 INFO  no build target found for C:\Users\chidi\Desktop\Scala_Project\model\Deck.scala. Using presentation compiler with project's scala-library version: 3.3.8
2026.09.22 09:12:02 INFO  no build target found for C:\Users\chidi\Desktop\Scala_Project\model\Deck.scala. Using presentation compiler with project's scala-library version: 3.3.8
2026.09.22 09:12:02 INFO  no build target found for C:\Users\chidi\Desktop\Scala_Project\model\Deck.scala. Using presentation compiler with project's scala-library version: 3.3.8
2026.09.22 09:12:02 INFO  no build target found for C:\Users\chidi\Desktop\Scala_Project\model\Deck.scala. Using presentation compiler with project's scala-library version: 3.3.8
2026.09.22 09:12:02 INFO  no build target found for C:\Users\chidi\Desktop\Scala_Project\model\Deck.scala. Using presentation compiler with project's scala-library version: 3.3.8
2026.09.22 09:12:02 INFO  no build target found for C:\Users\chidi\Desktop\Scala_Project\model\Deck.scala. Using presentation compiler with project's scala-library version: 3.3.8
2026.09.22 09:12:02 INFO  no build target found for C:\Users\chidi\Desktop\Scala_Project\model\Deck.scala. Using presentation compiler with project's scala-library version: 3.3.8
2026.09.22 09:12:03 INFO  no build target found for C:\Users\chidi\Desktop\Scala_Project\model\Deck.scala. Using presentation compiler with project's scala-library version: 3.3.8
2026.09.22 09:12:02 INFO  no build target found for C:\Users\chidi\Desktop\Scala_Project\model\Deck.scala. Using presentation compiler with project's scala-library version: 3.3.8
2026.09.22 09:12:02 INFO  no build target found for C:\Users\chidi\Desktop\Scala_Project\model\Deck.scala. Using presentation compiler with project's scala-library version: 3.3.8
2026.09.22 09:12:02 INFO  no build target found for C:\Users\chidi\Desktop\Scala_Project\model\Deck.scala. Using presentation compiler with project's scala-library version: 3.3.8
2026.09.22 09:12:02 INFO  no build target found for C:\Users\chidi\Desktop\Scala_Project\model\Deck.scala. Using presentation compiler with project's scala-library version: 3.3.8
2026.09.22 09:12:02 INFO  no build target found for C:\Users\chidi\Desktop\Scala_Project\model\Deck.scala. Using presentation compiler with project's scala-library version: 3.3.8
2026.09.22 09:12:03 INFO  no build target found for C:\Users\chidi\Desktop\Scala_Project\model\Deck.scala. Using presentation compiler with project's scala-library version: 3.3.8
2026.09.22 09:12:03 INFO  no build target found for C:\Users\chidi\Desktop\Scala_Project\model\Deck.scala. Using presentation compiler with project's scala-library version: 3.3.8
2026.09.22 09:12:03 INFO  no build target found for C:\Users\chidi\Desktop\Scala_Project\model\Deck.scala. Using presentation compiler with project's scala-library version: 3.3.8
2026.09.22 09:12:03 INFO  no build target found for C:\Users\chidi\Desktop\Scala_Project\model\Deck.scala. Using presentation compiler with project's scala-library version: 3.3.8
2026.09.22 09:12:03 INFO  no build target found for C:\Users\chidi\Desktop\Scala_Project\model\Deck.scala. Using presentation compiler with project's scala-library version: 3.3.8
2026.09.22 09:12:03 INFO  no build target found for C:\Users\chidi\Desktop\Scala_Project\model\Deck.scala. Using presentation compiler with project's scala-library version: 3.3.8
2026.09.22 09:12:03 INFO  no build target found for C:\Users\chidi\Desktop\Scala_Project\model\Deck.scala. Using presentation compiler with project's scala-library version: 3.3.8
2026.09.22 09:12:03 INFO  no build target found for C:\Users\chidi\Desktop\Scala_Project\model\Deck.scala. Using presentation compiler with project's scala-library version: 3.3.8
2026.09.22 09:12:04 INFO  no build target found for C:\Users\chidi\Desktop\Scala_Project\model\Deck.scala. Using presentation compiler with project's scala-library version: 3.3.8
2026.09.22 09:12:05 INFO  no build target found for C:\Users\chidi\Desktop\Scala_Project\model\Deck.scala. Using presentation compiler with project's scala-library version: 3.3.8
2026.09.22 09:12:05 WARN  no build target for: C:\Users\chidi\Desktop\Scala_Project\model\Deck.scala
2026.09.22 09:12:05 INFO  no build target found for C:\Users\chidi\Desktop\Scala_Project\model\Deck.scala. Using presentation compiler with project's scala-library version: 3.3.8
2026.09.22 09:12:05 INFO  no build target found for C:\Users\chidi\Desktop\Scala_Project\model\Deck.scala. Using presentation compiler with project's scala-library version: 3.3.8
2026.09.22 09:12:05 INFO  no build target found for C:\Users\chidi\Desktop\Scala_Project\model\Deck.scala. Using presentation compiler with project's scala-library version: 3.3.8
2026.09.22 09:12:06 INFO  no build target found for C:\Users\chidi\Desktop\Scala_Project\model\Deck.scala. Using presentation compiler with project's scala-library version: 3.3.8
2026.09.22 09:12:06 INFO  no build target found for C:\Users\chidi\Desktop\Scala_Project\model\Deck.scala. Using presentation compiler with project's scala-library version: 3.3.8
2026.09.22 09:12:06 INFO  no build target found for C:\Users\chidi\Desktop\Scala_Project\model\Deck.scala. Using presentation compiler with project's scala-library version: 3.3.8
2026.09.22 09:12:06 INFO  no build target found for C:\Users\chidi\Desktop\Scala_Project\model\Deck.scala. Using presentation compiler with project's scala-library version: 3.3.8
2026.09.22 09:12:07 INFO  no build target found for C:\Users\chidi\Desktop\Scala_Project\model\Deck.scala. Using presentation compiler with project's scala-library version: 3.3.8
2026.09.22 09:12:07 INFO  no build target found for C:\Users\chidi\Desktop\Scala_Project\model\Deck.scala. Using presentation compiler with project's scala-library version: 3.3.8
2026.09.22 09:12:07 INFO  no build target found for C:\Users\chidi\Desktop\Scala_Project\model\Deck.scala. Using presentation compiler with project's scala-library version: 3.3.8
2026.09.22 09:12:07 INFO  no build target found for C:\Users\chidi\Desktop\Scala_Project\model\Deck.scala. Using presentation compiler with project's scala-library version: 3.3.8
2026.09.22 09:12:08 INFO  no build target found for C:\Users\chidi\Desktop\Scala_Project\model\Deck.scala. Using presentation compiler with project's scala-library version: 3.3.8
2026.09.22 09:12:08 INFO  no build target found for C:\Users\chidi\Desktop\Scala_Project\model\Deck.scala. Using presentation compiler with project's scala-library version: 3.3.8
2026.09.22 09:12:08 INFO  no build target found for C:\Users\chidi\Desktop\Scala_Project\model\Deck.scala. Using presentation compiler with project's scala-library version: 3.3.8
2026.09.22 09:12:09 INFO  no build target found for C:\Users\chidi\Desktop\Scala_Project\model\Deck.scala. Using presentation compiler with project's scala-library version: 3.3.8
2026.09.22 09:12:08 INFO  no build target found for C:\Users\chidi\Desktop\Scala_Project\model\Deck.scala. Using presentation compiler with project's scala-library version: 3.3.8
2026.09.22 09:12:08 INFO  no build target found for C:\Users\chidi\Desktop\Scala_Project\model\Deck.scala. Using presentation compiler with project's scala-library version: 3.3.8
2026.09.22 09:12:09 INFO  no build target found for C:\Users\chidi\Desktop\Scala_Project\model\Deck.scala. Using presentation compiler with project's scala-library version: 3.3.8
2026.09.22 09:12:10 INFO  no build target found for C:\Users\chidi\Desktop\Scala_Project\model\Deck.scala. Using presentation compiler with project's scala-library version: 3.3.8
2026.09.22 09:12:10 INFO  no build target found for C:\Users\chidi\Desktop\Scala_Project\model\Deck.scala. Using presentation compiler with project's scala-library version: 3.3.8
2026.09.22 09:12:10 INFO  no build target found for C:\Users\chidi\Desktop\Scala_Project\model\Deck.scala. Using presentation compiler with project's scala-library version: 3.3.8
2026.09.22 09:12:10 INFO  no build target found for C:\Users\chidi\Desktop\Scala_Project\model\Deck.scala. Using presentation compiler with project's scala-library version: 3.3.8
2026.09.22 09:12:11 WARN  no build target for: C:\Users\chidi\Desktop\Scala_Project\model\Deck.scala
2026.09.22 09:12:10 INFO  no build target found for C:\Users\chidi\Desktop\Scala_Project\model\Deck.scala. Using presentation compiler with project's scala-library version: 3.3.8
2026.09.22 09:12:11 INFO  no build target found for C:\Users\chidi\Desktop\Scala_Project\model\Deck.scala. Using presentation compiler with project's scala-library version: 3.3.8
2026.09.22 09:12:11 INFO  no build target found for C:\Users\chidi\Desktop\Scala_Project\model\Deck.scala. Using presentation compiler with project's scala-library version: 3.3.8
2026.09.22 09:12:11 INFO  no build target found for C:\Users\chidi\Desktop\Scala_Project\model\Deck.scala. Using presentation compiler with project's scala-library version: 3.3.8
2026.09.22 09:12:12 INFO  no build target found for C:\Users\chidi\Desktop\Scala_Project\model\Deck.scala. Using presentation compiler with project's scala-library version: 3.3.8
2026.09.22 09:12:13 INFO  no build target found for C:\Users\chidi\Desktop\Scala_Project\model\Deck.scala. Using presentation compiler with project's scala-library version: 3.3.8
2026.09.22 09:12:13 INFO  no build target found for C:\Users\chidi\Desktop\Scala_Project\model\Deck.scala. Using presentation compiler with project's scala-library version: 3.3.8
2026.09.22 09:12:13 INFO  no build target found for C:\Users\chidi\Desktop\Scala_Project\model\Deck.scala. Using presentation compiler with project's scala-library version: 3.3.8
2026.09.22 09:12:13 INFO  no build target found for C:\Users\chidi\Desktop\Scala_Project\model\Deck.scala. Using presentation compiler with project's scala-library version: 3.3.8
2026.09.22 09:12:13 INFO  no build target found for C:\Users\chidi\Desktop\Scala_Project\model\Deck.scala. Using presentation compiler with project's scala-library version: 3.3.8
2026.09.22 09:12:13 INFO  no build target found for C:\Users\chidi\Desktop\Scala_Project\model\Deck.scala. Using presentation compiler with project's scala-library version: 3.3.8
2026.09.22 09:12:13 INFO  no build target found for C:\Users\chidi\Desktop\Scala_Project\model\Deck.scala. Using presentation compiler with project's scala-library version: 3.3.8
2026.09.22 09:12:14 INFO  no build target found for C:\Users\chidi\Desktop\Scala_Project\model\Deck.scala. Using presentation compiler with project's scala-library version: 3.3.8
2026.09.22 09:12:13 INFO  no build target found for C:\Users\chidi\Desktop\Scala_Project\model\Deck.scala. Using presentation compiler with project's scala-library version: 3.3.8
2026.09.22 09:12:13 INFO  no build target found for C:\Users\chidi\Desktop\Scala_Project\model\Deck.scala. Using presentation compiler with project's scala-library version: 3.3.8
2026.09.22 09:12:14 INFO  no build target found for C:\Users\chidi\Desktop\Scala_Project\model\Deck.scala. Using presentation compiler with project's scala-library version: 3.3.8
2026.09.22 09:12:14 INFO  no build target found for C:\Users\chidi\Desktop\Scala_Project\model\Deck.scala. Using presentation compiler with project's scala-library version: 3.3.8
2026.09.22 09:12:14 INFO  no build target found for C:\Users\chidi\Desktop\Scala_Project\model\Deck.scala. Using presentation compiler with project's scala-library version: 3.3.8
2026.09.22 09:12:14 INFO  no build target found for C:\Users\chidi\Desktop\Scala_Project\model\Deck.scala. Using presentation compiler with project's scala-library version: 3.3.8
2026.09.22 09:12:14 INFO  no build target found for C:\Users\chidi\Desktop\Scala_Project\model\Deck.scala. Using presentation compiler with project's scala-library version: 3.3.8
2026.09.22 09:12:14 INFO  no build target found for C:\Users\chidi\Desktop\Scala_Project\model\Deck.scala. Using presentation compiler with project's scala-library version: 3.3.8
2026.09.22 09:12:14 INFO  no build target found for C:\Users\chidi\Desktop\Scala_Project\model\Deck.scala. Using presentation compiler with project's scala-library version: 3.3.8
2026.09.22 09:12:14 INFO  no build target found for C:\Users\chidi\Desktop\Scala_Project\model\Deck.scala. Using presentation compiler with project's scala-library version: 3.3.8
2026.09.22 09:12:15 INFO  no build target found for C:\Users\chidi\Desktop\Scala_Project\model\Deck.scala. Using presentation compiler with project's scala-library version: 3.3.8
2026.09.22 09:12:15 WARN  no build target for: C:\Users\chidi\Desktop\Scala_Project\model\Deck.scala
2026.09.22 09:12:15 INFO  no build target found for C:\Users\chidi\Desktop\Scala_Project\model\Deck.scala. Using presentation compiler with project's scala-library version: 3.3.8
2026.09.22 09:12:16 INFO  no build target found for C:\Users\chidi\Desktop\Scala_Project\model\Deck.scala. Using presentation compiler with project's scala-library version: 3.3.8
2026.09.22 09:12:16 INFO  no build target found for C:\Users\chidi\Desktop\Scala_Project\model\Deck.scala. Using presentation compiler with project's scala-library version: 3.3.8
2026.09.22 09:12:16 INFO  no build target found for C:\Users\chidi\Desktop\Scala_Project\model\Deck.scala. Using presentation compiler with project's scala-library version: 3.3.8
2026.09.22 09:12:16 INFO  no build target found for C:\Users\chidi\Desktop\Scala_Project\model\Deck.scala. Using presentation compiler with project's scala-library version: 3.3.8
2026.09.22 09:12:16 INFO  no build target found for C:\Users\chidi\Desktop\Scala_Project\model\Deck.scala. Using presentation compiler with project's scala-library version: 3.3.8
2026.09.22 09:12:16 INFO  no build target found for C:\Users\chidi\Desktop\Scala_Project\model\Deck.scala. Using presentation compiler with project's scala-library version: 3.3.8
2026.09.22 09:12:16 INFO  no build target found for C:\Users\chidi\Desktop\Scala_Project\model\Deck.scala. Using presentation compiler with project's scala-library version: 3.3.8
2026.09.22 09:12:16 INFO  no build target found for C:\Users\chidi\Desktop\Scala_Project\model\Deck.scala. Using presentation compiler with project's scala-library version: 3.3.8
2026.09.22 09:12:16 INFO  no build target found for C:\Users\chidi\Desktop\Scala_Project\model\Deck.scala. Using presentation compiler with project's scala-library version: 3.3.8
2026.09.22 09:12:16 INFO  no build target found for C:\Users\chidi\Desktop\Scala_Project\model\Deck.scala. Using presentation compiler with project's scala-library version: 3.3.8
2026.09.22 09:12:17 INFO  no build target found for C:\Users\chidi\Desktop\Scala_Project\model\Deck.scala. Using presentation compiler with project's scala-library version: 3.3.8
2026.09.22 09:12:16 INFO  no build target found for C:\Users\chidi\Desktop\Scala_Project\model\Deck.scala. Using presentation compiler with project's scala-library version: 3.3.8
2026.09.22 09:12:16 INFO  no build target found for C:\Users\chidi\Desktop\Scala_Project\model\Deck.scala. Using presentation compiler with project's scala-library version: 3.3.8
2026.09.22 09:12:17 INFO  no build target found for C:\Users\chidi\Desktop\Scala_Project\model\Deck.scala. Using presentation compiler with project's scala-library version: 3.3.8
2026.09.22 09:12:17 INFO  no build target found for C:\Users\chidi\Desktop\Scala_Project\model\Deck.scala. Using presentation compiler with project's scala-library version: 3.3.8
2026.09.22 09:12:17 INFO  no build target found for C:\Users\chidi\Desktop\Scala_Project\model\Deck.scala. Using presentation compiler with project's scala-library version: 3.3.8
2026.09.22 09:12:17 INFO  no build target found for C:\Users\chidi\Desktop\Scala_Project\model\Deck.scala. Using presentation compiler with project's scala-library version: 3.3.8
2026.09.22 09:12:17 INFO  no build target found for C:\Users\chidi\Desktop\Scala_Project\model\Deck.scala. Using presentation compiler with project's scala-library version: 3.3.8
2026.09.22 09:12:17 INFO  no build target found for C:\Users\chidi\Desktop\Scala_Project\model\Deck.scala. Using presentation compiler with project's scala-library version: 3.3.8
2026.09.22 09:12:18 WARN  no build target for: C:\Users\chidi\Desktop\Scala_Project\model\Deck.scala
2026.09.22 09:12:18 INFO  no build target found for C:\Users\chidi\Desktop\Scala_Project\model\Deck.scala. Using presentation compiler with project's scala-library version: 3.3.8
2026.09.22 09:12:19 INFO  no build target found for C:\Users\chidi\Desktop\Scala_Project\model\Deck.scala. Using presentation compiler with project's scala-library version: 3.3.8
2026.09.22 09:12:19 INFO  no build target found for C:\Users\chidi\Desktop\Scala_Project\model\Deck.scala. Using presentation compiler with project's scala-library version: 3.3.8
2026.09.22 09:12:19 INFO  no build target found for C:\Users\chidi\Desktop\Scala_Project\model\Deck.scala. Using presentation compiler with project's scala-library version: 3.3.8
2026.09.22 09:12:19 INFO  no build target found for C:\Users\chidi\Desktop\Scala_Project\model\Deck.scala. Using presentation compiler with project's scala-library version: 3.3.8
2026.09.22 09:12:20 INFO  no build target found for C:\Users\chidi\Desktop\Scala_Project\model\Deck.scala. Using presentation compiler with project's scala-library version: 3.3.8
2026.09.22 09:12:19 INFO  no build target found for C:\Users\chidi\Desktop\Scala_Project\model\Deck.scala. Using presentation compiler with project's scala-library version: 3.3.8
2026.09.22 09:12:20 INFO  no build target found for C:\Users\chidi\Desktop\Scala_Project\model\Deck.scala. Using presentation compiler with project's scala-library version: 3.3.8
2026.09.22 09:12:21 INFO  no build target found for C:\Users\chidi\Desktop\Scala_Project\model\Deck.scala. Using presentation compiler with project's scala-library version: 3.3.8
2026.09.22 09:12:21 WARN  no build target for: C:\Users\chidi\Desktop\Scala_Project\model\Deck.scala
2026.09.22 09:12:21 INFO  no build target found for C:\Users\chidi\Desktop\Scala_Project\model\Deck.scala. Using presentation compiler with project's scala-library version: 3.3.8
2026.09.22 09:12:22 INFO  no build target found for C:\Users\chidi\Desktop\Scala_Project\model\Deck.scala. Using presentation compiler with project's scala-library version: 3.3.8
2026.09.22 09:12:22 INFO  no build target found for C:\Users\chidi\Desktop\Scala_Project\model\Deck.scala. Using presentation compiler with project's scala-library version: 3.3.8
2026.09.22 09:12:22 INFO  no build target found for C:\Users\chidi\Desktop\Scala_Project\model\Deck.scala. Using presentation compiler with project's scala-library version: 3.3.8
2026.09.22 09:12:22 INFO  no build target found for C:\Users\chidi\Desktop\Scala_Project\model\Deck.scala. Using presentation compiler with project's scala-library version: 3.3.8
2026.09.22 09:12:23 INFO  no build target found for C:\Users\chidi\Desktop\Scala_Project\model\Deck.scala. Using presentation compiler with project's scala-library version: 3.3.8
2026.09.22 09:12:22 INFO  no build target found for C:\Users\chidi\Desktop\Scala_Project\model\Deck.scala. Using presentation compiler with project's scala-library version: 3.3.8
2026.09.22 09:12:22 INFO  no build target found for C:\Users\chidi\Desktop\Scala_Project\model\Deck.scala. Using presentation compiler with project's scala-library version: 3.3.8
2026.09.22 09:12:22 INFO  no build target found for C:\Users\chidi\Desktop\Scala_Project\model\Deck.scala. Using presentation compiler with project's scala-library version: 3.3.8
2026.09.22 09:12:22 INFO  no build target found for C:\Users\chidi\Desktop\Scala_Project\model\Deck.scala. Using presentation compiler with project's scala-library version: 3.3.8
2026.09.22 09:12:22 INFO  no build target found for C:\Users\chidi\Desktop\Scala_Project\model\Deck.scala. Using presentation compiler with project's scala-library version: 3.3.8
2026.09.22 09:12:23 INFO  no build target found for C:\Users\chidi\Desktop\Scala_Project\model\Deck.scala. Using presentation compiler with project's scala-library version: 3.3.8
2026.09.22 09:12:22 INFO  no build target found for C:\Users\chidi\Desktop\Scala_Project\model\Deck.scala. Using presentation compiler with project's scala-library version: 3.3.8
2026.09.22 09:12:22 INFO  no build target found for C:\Users\chidi\Desktop\Scala_Project\model\Deck.scala. Using presentation compiler with project's scala-library version: 3.3.8
2026.09.22 09:12:22 INFO  no build target found for C:\Users\chidi\Desktop\Scala_Project\model\Deck.scala. Using presentation compiler with project's scala-library version: 3.3.8
2026.09.22 09:12:23 INFO  no build target found for C:\Users\chidi\Desktop\Scala_Project\model\Deck.scala. Using presentation compiler with project's scala-library version: 3.3.8
2026.09.22 09:12:23 INFO  no build target found for C:\Users\chidi\Desktop\Scala_Project\model\Deck.scala. Using presentation compiler with project's scala-library version: 3.3.8
2026.09.22 09:12:23 INFO  no build target found for C:\Users\chidi\Desktop\Scala_Project\model\Deck.scala. Using presentation compiler with project's scala-library version: 3.3.8
2026.09.22 09:12:23 INFO  no build target found for C:\Users\chidi\Desktop\Scala_Project\model\Deck.scala. Using presentation compiler with project's scala-library version: 3.3.8
2026.09.22 09:12:23 INFO  no build target found for C:\Users\chidi\Desktop\Scala_Project\model\Deck.scala. Using presentation compiler with project's scala-library version: 3.3.8
2026.09.22 09:12:23 INFO  no build target found for C:\Users\chidi\Desktop\Scala_Project\model\Deck.scala. Using presentation compiler with project's scala-library version: 3.3.8
2026.09.22 09:12:23 INFO  no build target found for C:\Users\chidi\Desktop\Scala_Project\model\Deck.scala. Using presentation compiler with project's scala-library version: 3.3.8
2026.09.22 09:12:24 INFO  no build target found for C:\Users\chidi\Desktop\Scala_Project\model\Deck.scala. Using presentation compiler with project's scala-library version: 3.3.8
2026.09.22 09:12:24 INFO  no build target found for C:\Users\chidi\Desktop\Scala_Project\model\Deck.scala. Using presentation compiler with project's scala-library version: 3.3.8
2026.09.22 09:12:24 INFO  no build target found for C:\Users\chidi\Desktop\Scala_Project\model\Deck.scala. Using presentation compiler with project's scala-library version: 3.3.8
2026.09.22 09:12:24 INFO  no build target found for C:\Users\chidi\Desktop\Scala_Project\model\Deck.scala. Using presentation compiler with project's scala-library version: 3.3.8
2026.09.22 09:12:25 INFO  no build target found for C:\Users\chidi\Desktop\Scala_Project\model\Deck.scala. Using presentation compiler with project's scala-library version: 3.3.8
2026.09.22 09:12:24 INFO  no build target found for C:\Users\chidi\Desktop\Scala_Project\model\Deck.scala. Using presentation compiler with project's scala-library version: 3.3.8
2026.09.22 09:12:24 INFO  no build target found for C:\Users\chidi\Desktop\Scala_Project\model\Deck.scala. Using presentation compiler with project's scala-library version: 3.3.8
2026.09.22 09:12:24 INFO  no build target found for C:\Users\chidi\Desktop\Scala_Project\model\Deck.scala. Using presentation compiler with project's scala-library version: 3.3.8
2026.09.22 09:12:24 INFO  no build target found for C:\Users\chidi\Desktop\Scala_Project\model\Deck.scala. Using presentation compiler with project's scala-library version: 3.3.8
2026.09.22 09:12:24 INFO  no build target found for C:\Users\chidi\Desktop\Scala_Project\model\Deck.scala. Using presentation compiler with project's scala-library version: 3.3.8
2026.09.22 09:12:24 INFO  no build target found for C:\Users\chidi\Desktop\Scala_Project\model\Deck.scala. Using presentation compiler with project's scala-library version: 3.3.8
2026.09.22 09:12:24 INFO  no build target found for C:\Users\chidi\Desktop\Scala_Project\model\Deck.scala. Using presentation compiler with project's scala-library version: 3.3.8
2026.09.22 09:12:25 INFO  no build target found for C:\Users\chidi\Desktop\Scala_Project\model\Deck.scala. Using presentation compiler with project's scala-library version: 3.3.8
2026.09.22 09:12:26 INFO  no build target found for C:\Users\chidi\Desktop\Scala_Project\model\Deck.scala. Using presentation compiler with project's scala-library version: 3.3.8
2026.09.22 09:12:26 INFO  no build target found for C:\Users\chidi\Desktop\Scala_Project\model\Deck.scala. Using presentation compiler with project's scala-library version: 3.3.8
2026.09.22 09:12:26 INFO  no build target found for C:\Users\chidi\Desktop\Scala_Project\model\Deck.scala. Using presentation compiler with project's scala-library version: 3.3.8
2026.09.22 09:12:26 INFO  no build target found for C:\Users\chidi\Desktop\Scala_Project\model\Deck.scala. Using presentation compiler with project's scala-library version: 3.3.8
2026.09.22 09:12:26 INFO  no build target found for C:\Users\chidi\Desktop\Scala_Project\model\Deck.scala. Using presentation compiler with project's scala-library version: 3.3.8
2026.09.22 09:12:25 INFO  no build target found for C:\Users\chidi\Desktop\Scala_Project\model\Deck.scala. Using presentation compiler with project's scala-library version: 3.3.8
2026.09.22 09:12:26 INFO  no build target found for C:\Users\chidi\Desktop\Scala_Project\model\Deck.scala. Using presentation compiler with project's scala-library version: 3.3.8
2026.09.22 09:12:26 INFO  no build target found for C:\Users\chidi\Desktop\Scala_Project\model\Deck.scala. Using presentation compiler with project's scala-library version: 3.3.8
2026.09.22 09:12:26 INFO  no build target found for C:\Users\chidi\Desktop\Scala_Project\model\Deck.scala. Using presentation compiler with project's scala-library version: 3.3.8
2026.09.22 09:12:26 INFO  no build target found for C:\Users\chidi\Desktop\Scala_Project\model\Deck.scala. Using presentation compiler with project's scala-library version: 3.3.8
2026.09.22 09:12:26 INFO  no build target found for C:\Users\chidi\Desktop\Scala_Project\model\Deck.scala. Using presentation compiler with project's scala-library version: 3.3.8
2026.09.22 09:12:26 INFO  no build target found for C:\Users\chidi\Desktop\Scala_Project\model\Deck.scala. Using presentation compiler with project's scala-library version: 3.3.8
2026.09.22 09:12:27 INFO  no build target found for C:\Users\chidi\Desktop\Scala_Project\model\Deck.scala. Using presentation compiler with project's scala-library version: 3.3.8
2026.09.22 09:12:27 INFO  no build target found for C:\Users\chidi\Desktop\Scala_Project\model\Deck.scala. Using presentation compiler with project's scala-library version: 3.3.8
2026.09.22 09:12:27 WARN  no build target for: C:\Users\chidi\Desktop\Scala_Project\model\Deck.scala
2026.09.22 09:12:27 INFO  no build target found for C:\Users\chidi\Desktop\Scala_Project\model\Deck.scala. Using presentation compiler with project's scala-library version: 3.3.8
2026.09.22 09:12:28 WARN  no build target for: C:\Users\chidi\Desktop\Scala_Project\model\Deck.scala
2026.09.22 09:12:28 INFO  no build target found for C:\Users\chidi\Desktop\Scala_Project\model\Deck.scala. Using presentation compiler with project's scala-library version: 3.3.8
2026.09.22 09:12:28 INFO  no build target found for C:\Users\chidi\Desktop\Scala_Project\model\Deck.scala. Using presentation compiler with project's scala-library version: 3.3.8
2026.09.22 09:12:28 INFO  empty definition using pc, found symbol in pc:  (full report at: "C:\Users\chidi\Desktop\Scala_Project\.metals\.reports\metals-full\2026-09-22\r_empty-definition_09-04-14-465.md")
2026.09.22 09:12:32 INFO  no build target found for C:\Users\chidi\Desktop\Scala_Project\Main.scala. Using presentation compiler with project's scala-library version: 3.3.8
2026.09.22 09:12:32 WARN  no build target for: C:\Users\chidi\Desktop\Scala_Project\Main.scala
2026.09.22 09:12:32 INFO  no build target found for C:\Users\chidi\Desktop\Scala_Project\Main.scala. Using presentation compiler with project's scala-library version: 3.3.8
2026.09.22 09:12:32 INFO  no build target found for C:\Users\chidi\Desktop\Scala_Project\Main.scala. Using presentation compiler with project's scala-library version: 3.3.8
2026.09.22 09:12:32 INFO  no build target found for C:\Users\chidi\Desktop\Scala_Project\Main.scala. Using presentation compiler with project's scala-library version: 3.3.8
2026.09.22 09:12:39 INFO  no build target found for C:\Users\chidi\Desktop\Scala_Project\Main.scala. Using presentation compiler with project's scala-library version: 3.3.8
2026.09.22 09:12:39 INFO  no build target found for C:\Users\chidi\Desktop\Scala_Project\Main.scala. Using presentation compiler with project's scala-library version: 3.3.8
2026.09.22 09:12:39 INFO  no build target found for C:\Users\chidi\Desktop\Scala_Project\Main.scala. Using presentation compiler with project's scala-library version: 3.3.8
2026.09.22 09:12:40 WARN  no build target for: C:\Users\chidi\Desktop\Scala_Project\Main.scala
2026.09.22 09:12:39 INFO  no build target found for C:\Users\chidi\Desktop\Scala_Project\Main.scala. Using presentation compiler with project's scala-library version: 3.3.8
2026.09.22 09:12:40 INFO  no build target found for C:\Users\chidi\Desktop\Scala_Project\Main.scala. Using presentation compiler with project's scala-library version: 3.3.8
2026.09.22 09:12:40 INFO  no build target found for C:\Users\chidi\Desktop\Scala_Project\Main.scala. Using presentation compiler with project's scala-library version: 3.3.8
2026.09.22 09:12:40 INFO  no build target found for C:\Users\chidi\Desktop\Scala_Project\Main.scala. Using presentation compiler with project's scala-library version: 3.3.8
2026.09.22 09:12:40 INFO  no build target found for C:\Users\chidi\Desktop\Scala_Project\Main.scala. Using presentation compiler with project's scala-library version: 3.3.8
2026.09.22 09:12:41 INFO  no build target found for C:\Users\chidi\Desktop\Scala_Project\Main.scala. Using presentation compiler with project's scala-library version: 3.3.8
2026.09.22 09:12:40 INFO  no build target found for C:\Users\chidi\Desktop\Scala_Project\Main.scala. Using presentation compiler with project's scala-library version: 3.3.8
2026.09.22 09:12:40 INFO  no build target found for C:\Users\chidi\Desktop\Scala_Project\Main.scala. Using presentation compiler with project's scala-library version: 3.3.8
2026.09.22 09:12:41 INFO  no build target found for C:\Users\chidi\Desktop\Scala_Project\Main.scala. Using presentation compiler with project's scala-library version: 3.3.8
2026.09.22 09:12:40 INFO  no build target found for C:\Users\chidi\Desktop\Scala_Project\Main.scala. Using presentation compiler with project's scala-library version: 3.3.8
2026.09.22 09:12:42 INFO  no build target found for C:\Users\chidi\Desktop\Scala_Project\Main.scala. Using presentation compiler with project's scala-library version: 3.3.8
2026.09.22 09:12:42 WARN  no build target for: C:\Users\chidi\Desktop\Scala_Project\Main.scala
2026.09.22 09:12:42 INFO  no build target found for C:\Users\chidi\Desktop\Scala_Project\Main.scala. Using presentation compiler with project's scala-library version: 3.3.8
2026.09.22 09:12:42 INFO  no build target found for C:\Users\chidi\Desktop\Scala_Project\Main.scala. Using presentation compiler with project's scala-library version: 3.3.8
2026.09.22 09:12:42 INFO  no build target found for C:\Users\chidi\Desktop\Scala_Project\Main.scala. Using presentation compiler with project's scala-library version: 3.3.8
2026.09.22 09:12:42 INFO  no build target found for C:\Users\chidi\Desktop\Scala_Project\Main.scala. Using presentation compiler with project's scala-library version: 3.3.8
2026.09.22 09:12:42 INFO  no build target found for C:\Users\chidi\Desktop\Scala_Project\Main.scala. Using presentation compiler with project's scala-library version: 3.3.8
2026.09.22 09:12:42 INFO  no build target found for C:\Users\chidi\Desktop\Scala_Project\Main.scala. Using presentation compiler with project's scala-library version: 3.3.8
2026.09.22 09:12:42 INFO  no build target found for C:\Users\chidi\Desktop\Scala_Project\Main.scala. Using presentation compiler with project's scala-library version: 3.3.8
2026.09.22 09:12:42 INFO  no build target found for C:\Users\chidi\Desktop\Scala_Project\Main.scala. Using presentation compiler with project's scala-library version: 3.3.8
2026.09.22 09:12:42 INFO  no build target found for C:\Users\chidi\Desktop\Scala_Project\Main.scala. Using presentation compiler with project's scala-library version: 3.3.8
2026.09.22 09:12:42 INFO  no build target found for C:\Users\chidi\Desktop\Scala_Project\Main.scala. Using presentation compiler with project's scala-library version: 3.3.8
2026.09.22 09:12:42 INFO  no build target found for C:\Users\chidi\Desktop\Scala_Project\Main.scala. Using presentation compiler with project's scala-library version: 3.3.8
2026.09.22 09:12:42 INFO  no build target found for C:\Users\chidi\Desktop\Scala_Project\Main.scala. Using presentation compiler with project's scala-library version: 3.3.8
2026.09.22 09:12:42 INFO  no build target found for C:\Users\chidi\Desktop\Scala_Project\Main.scala. Using presentation compiler with project's scala-library version: 3.3.8
2026.09.22 09:12:43 INFO  no build target found for C:\Users\chidi\Desktop\Scala_Project\Main.scala. Using presentation compiler with project's scala-library version: 3.3.8
2026.09.22 09:12:42 INFO  no build target found for C:\Users\chidi\Desktop\Scala_Project\Main.scala. Using presentation compiler with project's scala-library version: 3.3.8
2026.09.22 09:12:43 INFO  no build target found for C:\Users\chidi\Desktop\Scala_Project\Main.scala. Using presentation compiler with project's scala-library version: 3.3.8
2026.09.22 09:12:43 INFO  no build target found for C:\Users\chidi\Desktop\Scala_Project\Main.scala. Using presentation compiler with project's scala-library version: 3.3.8
2026.09.22 09:12:43 INFO  no build target found for C:\Users\chidi\Desktop\Scala_Project\Main.scala. Using presentation compiler with project's scala-library version: 3.3.8
2026.09.22 09:12:43 INFO  no build target found for C:\Users\chidi\Desktop\Scala_Project\Main.scala. Using presentation compiler with project's scala-library version: 3.3.8
2026.09.22 09:12:43 INFO  no build target found for C:\Users\chidi\Desktop\Scala_Project\Main.scala. Using presentation compiler with project's scala-library version: 3.3.8
2026.09.22 09:12:43 INFO  no build target found for C:\Users\chidi\Desktop\Scala_Project\Main.scala. Using presentation compiler with project's scala-library version: 3.3.8
2026.09.22 09:12:43 INFO  no build target found for C:\Users\chidi\Desktop\Scala_Project\Main.scala. Using presentation compiler with project's scala-library version: 3.3.8
2026.09.22 09:12:43 INFO  no build target found for C:\Users\chidi\Desktop\Scala_Project\Main.scala. Using presentation compiler with project's scala-library version: 3.3.8
2026.09.22 09:12:43 INFO  no build target found for C:\Users\chidi\Desktop\Scala_Project\Main.scala. Using presentation compiler with project's scala-library version: 3.3.8
2026.09.22 09:12:43 INFO  no build target found for C:\Users\chidi\Desktop\Scala_Project\Main.scala. Using presentation compiler with project's scala-library version: 3.3.8
2026.09.22 09:12:43 INFO  no build target found for C:\Users\chidi\Desktop\Scala_Project\Main.scala. Using presentation compiler with project's scala-library version: 3.3.8
2026.09.22 09:12:43 INFO  no build target found for C:\Users\chidi\Desktop\Scala_Project\Main.scala. Using presentation compiler with project's scala-library version: 3.3.8
2026.09.22 09:12:43 INFO  no build target found for C:\Users\chidi\Desktop\Scala_Project\Main.scala. Using presentation compiler with project's scala-library version: 3.3.8
2026.09.22 09:12:43 INFO  no build target found for C:\Users\chidi\Desktop\Scala_Project\Main.scala. Using presentation compiler with project's scala-library version: 3.3.8
2026.09.22 09:12:43 INFO  no build target found for C:\Users\chidi\Desktop\Scala_Project\Main.scala. Using presentation compiler with project's scala-library version: 3.3.8
2026.09.22 09:12:44 INFO  no build target found for C:\Users\chidi\Desktop\Scala_Project\Main.scala. Using presentation compiler with project's scala-library version: 3.3.8
2026.09.22 09:12:43 INFO  no build target found for C:\Users\chidi\Desktop\Scala_Project\Main.scala. Using presentation compiler with project's scala-library version: 3.3.8
2026.09.22 09:12:43 INFO  no build target found for C:\Users\chidi\Desktop\Scala_Project\Main.scala. Using presentation compiler with project's scala-library version: 3.3.8
2026.09.22 09:12:44 INFO  no build target found for C:\Users\chidi\Desktop\Scala_Project\Main.scala. Using presentation compiler with project's scala-library version: 3.3.8
2026.09.22 09:12:44 INFO  no build target found for C:\Users\chidi\Desktop\Scala_Project\Main.scala. Using presentation compiler with project's scala-library version: 3.3.8
2026.09.22 09:12:44 INFO  no build target found for C:\Users\chidi\Desktop\Scala_Project\Main.scala. Using presentation compiler with project's scala-library version: 3.3.8
2026.09.22 09:12:44 INFO  no build target found for C:\Users\chidi\Desktop\Scala_Project\Main.scala. Using presentation compiler with project's scala-library version: 3.3.8
2026.09.22 09:12:44 INFO  no build target found for C:\Users\chidi\Desktop\Scala_Project\Main.scala. Using presentation compiler with project's scala-library version: 3.3.8
2026.09.22 09:12:44 INFO  no build target found for C:\Users\chidi\Desktop\Scala_Project\Main.scala. Using presentation compiler with project's scala-library version: 3.3.8
2026.09.22 09:12:44 INFO  no build target found for C:\Users\chidi\Desktop\Scala_Project\Main.scala. Using presentation compiler with project's scala-library version: 3.3.8
2026.09.22 09:12:44 INFO  no build target found for C:\Users\chidi\Desktop\Scala_Project\Main.scala. Using presentation compiler with project's scala-library version: 3.3.8
2026.09.22 09:12:44 INFO  no build target found for C:\Users\chidi\Desktop\Scala_Project\Main.scala. Using presentation compiler with project's scala-library version: 3.3.8
2026.09.22 09:12:44 INFO  no build target found for C:\Users\chidi\Desktop\Scala_Project\Main.scala. Using presentation compiler with project's scala-library version: 3.3.8
2026.09.22 09:12:44 INFO  no build target found for C:\Users\chidi\Desktop\Scala_Project\Main.scala. Using presentation compiler with project's scala-library version: 3.3.8
2026.09.22 09:12:44 INFO  no build target found for C:\Users\chidi\Desktop\Scala_Project\Main.scala. Using presentation compiler with project's scala-library version: 3.3.8
2026.09.22 09:12:44 INFO  no build target found for C:\Users\chidi\Desktop\Scala_Project\Main.scala. Using presentation compiler with project's scala-library version: 3.3.8
2026.09.22 09:12:44 INFO  no build target found for C:\Users\chidi\Desktop\Scala_Project\Main.scala. Using presentation compiler with project's scala-library version: 3.3.8
2026.09.22 09:12:44 INFO  no build target found for C:\Users\chidi\Desktop\Scala_Project\Main.scala. Using presentation compiler with project's scala-library version: 3.3.8
2026.09.22 09:12:44 INFO  no build target found for C:\Users\chidi\Desktop\Scala_Project\Main.scala. Using presentation compiler with project's scala-library version: 3.3.8
2026.09.22 09:12:44 INFO  no build target found for C:\Users\chidi\Desktop\Scala_Project\Main.scala. Using presentation compiler with project's scala-library version: 3.3.8
2026.09.22 09:12:44 INFO  no build target found for C:\Users\chidi\Desktop\Scala_Project\Main.scala. Using presentation compiler with project's scala-library version: 3.3.8
2026.09.22 09:12:44 INFO  no build target found for C:\Users\chidi\Desktop\Scala_Project\Main.scala. Using presentation compiler with project's scala-library version: 3.3.8
2026.09.22 09:12:45 INFO  Created report: Optional[file:///C:/Users/chidi/Desktop/Scala_Project/Main.scala]
2026.09.22 09:12:45 INFO  java.lang.NullPointerException: Cannot invoke "scala.meta.internal.pc.CompilerWrapper.compiler()" because "access" is null (full report at: "C:\Users\chidi\Desktop\Scala_Project\.metals\.reports\metals-full\2026-09-22\r_compiler-error_09-12-45-071.md")
2026.09.22 09:12:44 INFO  no build target found for C:\Users\chidi\Desktop\Scala_Project\Main.scala. Using presentation compiler with project's scala-library version: 3.3.8
2026.09.22 09:12:44 INFO  no build target found for C:\Users\chidi\Desktop\Scala_Project\Main.scala. Using presentation compiler with project's scala-library version: 3.3.8
2026.09.22 09:12:44 INFO  no build target found for C:\Users\chidi\Desktop\Scala_Project\Main.scala. Using presentation compiler with project's scala-library version: 3.3.8
2026.09.22 09:12:44 INFO  no build target found for C:\Users\chidi\Desktop\Scala_Project\Main.scala. Using presentation compiler with project's scala-library version: 3.3.8
2026.09.22 09:12:45 INFO  no build target found for C:\Users\chidi\Desktop\Scala_Project\Main.scala. Using presentation compiler with project's scala-library version: 3.3.8
2026.09.22 09:12:44 INFO  no build target found for C:\Users\chidi\Desktop\Scala_Project\Main.scala. Using presentation compiler with project's scala-library version: 3.3.8
2026.09.22 09:12:45 INFO  no build target found for C:\Users\chidi\Desktop\Scala_Project\Main.scala. Using presentation compiler with project's scala-library version: 3.3.8
2026.09.22 09:12:45 INFO  no build target found for C:\Users\chidi\Desktop\Scala_Project\Main.scala. Using presentation compiler with project's scala-library version: 3.3.8
2026.09.22 09:12:45 INFO  no build target found for C:\Users\chidi\Desktop\Scala_Project\Main.scala. Using presentation compiler with project's scala-library version: 3.3.8
2026.09.22 09:12:45 INFO  no build target found for C:\Users\chidi\Desktop\Scala_Project\Main.scala. Using presentation compiler with project's scala-library version: 3.3.8
2026.09.22 09:12:45 INFO  no build target found for C:\Users\chidi\Desktop\Scala_Project\Main.scala. Using presentation compiler with project's scala-library version: 3.3.8
2026.09.22 09:12:45 INFO  no build target found for C:\Users\chidi\Desktop\Scala_Project\Main.scala. Using presentation compiler with project's scala-library version: 3.3.8
2026.09.22 09:12:45 INFO  no build target found for C:\Users\chidi\Desktop\Scala_Project\Main.scala. Using presentation compiler with project's scala-library version: 3.3.8
2026.09.22 09:12:46 INFO  no build target found for C:\Users\chidi\Desktop\Scala_Project\Main.scala. Using presentation compiler with project's scala-library version: 3.3.8
2026.09.22 09:12:45 INFO  no build target found for C:\Users\chidi\Desktop\Scala_Project\Main.scala. Using presentation compiler with project's scala-library version: 3.3.8
2026.09.22 09:12:46 INFO  no build target found for C:\Users\chidi\Desktop\Scala_Project\Main.scala. Using presentation compiler with project's scala-library version: 3.3.8
2026.09.22 09:12:46 INFO  no build target found for C:\Users\chidi\Desktop\Scala_Project\Main.scala. Using presentation compiler with project's scala-library version: 3.3.8
2026.09.22 09:12:46 INFO  no build target found for C:\Users\chidi\Desktop\Scala_Project\Main.scala. Using presentation compiler with project's scala-library version: 3.3.8
2026.09.22 09:12:46 INFO  no build target found for C:\Users\chidi\Desktop\Scala_Project\Main.scala. Using presentation compiler with project's scala-library version: 3.3.8
2026.09.22 09:12:46 INFO  no build target found for C:\Users\chidi\Desktop\Scala_Project\Main.scala. Using presentation compiler with project's scala-library version: 3.3.8
2026.09.22 09:12:48 INFO  no build target found for C:\Users\chidi\Desktop\Scala_Project\Main.scala. Using presentation compiler with project's scala-library version: 3.3.8
2026.09.22 09:12:48 INFO  no build target found for C:\Users\chidi\Desktop\Scala_Project\Main.scala. Using presentation compiler with project's scala-library version: 3.3.8
2026.09.22 09:12:48 WARN  no build target for: C:\Users\chidi\Desktop\Scala_Project\Main.scala
2026.09.22 09:12:48 INFO  no build target found for C:\Users\chidi\Desktop\Scala_Project\Main.scala. Using presentation compiler with project's scala-library version: 3.3.8
2026.09.22 09:12:48 INFO  no build target found for C:\Users\chidi\Desktop\Scala_Project\Main.scala. Using presentation compiler with project's scala-library version: 3.3.8
2026.09.22 09:12:48 INFO  no build target found for C:\Users\chidi\Desktop\Scala_Project\Main.scala. Using presentation compiler with project's scala-library version: 3.3.8
2026.09.22 09:12:48 INFO  no build target found for C:\Users\chidi\Desktop\Scala_Project\Main.scala. Using presentation compiler with project's scala-library version: 3.3.8
2026.09.22 09:12:48 INFO  no build target found for C:\Users\chidi\Desktop\Scala_Project\Main.scala. Using presentation compiler with project's scala-library version: 3.3.8
2026.09.22 09:12:48 INFO  no build target found for C:\Users\chidi\Desktop\Scala_Project\Main.scala. Using presentation compiler with project's scala-library version: 3.3.8
2026.09.22 09:12:49 INFO  no build target found for C:\Users\chidi\Desktop\Scala_Project\Main.scala. Using presentation compiler with project's scala-library version: 3.3.8
2026.09.22 09:12:49 INFO  no build target found for C:\Users\chidi\Desktop\Scala_Project\Main.scala. Using presentation compiler with project's scala-library version: 3.3.8
2026.09.22 09:12:49 INFO  no build target found for C:\Users\chidi\Desktop\Scala_Project\Main.scala. Using presentation compiler with project's scala-library version: 3.3.8
2026.09.22 09:12:49 INFO  no build target found for C:\Users\chidi\Desktop\Scala_Project\Main.scala. Using presentation compiler with project's scala-library version: 3.3.8
2026.09.22 09:12:49 INFO  no build target found for C:\Users\chidi\Desktop\Scala_Project\Main.scala. Using presentation compiler with project's scala-library version: 3.3.8
2026.09.22 09:12:50 INFO  no build target found for C:\Users\chidi\Desktop\Scala_Project\Main.scala. Using presentation compiler with project's scala-library version: 3.3.8
2026.09.22 09:12:50 INFO  no build target found for C:\Users\chidi\Desktop\Scala_Project\Main.scala. Using presentation compiler with project's scala-library version: 3.3.8
2026.09.22 09:12:50 INFO  no build target found for C:\Users\chidi\Desktop\Scala_Project\Main.scala. Using presentation compiler with project's scala-library version: 3.3.8
2026.09.22 09:12:51 WARN  no build target for: C:\Users\chidi\Desktop\Scala_Project\Main.scala
2026.09.22 09:12:51 INFO  no build target found for C:\Users\chidi\Desktop\Scala_Project\Main.scala. Using presentation compiler with project's scala-library version: 3.3.8
2026.09.22 09:12:51 INFO  no build target found for C:\Users\chidi\Desktop\Scala_Project\Main.scala. Using presentation compiler with project's scala-library version: 3.3.8
2026.09.22 09:12:51 INFO  no build target found for C:\Users\chidi\Desktop\Scala_Project\Main.scala. Using presentation compiler with project's scala-library version: 3.3.8
2026.09.22 09:12:51 INFO  no build target found for C:\Users\chidi\Desktop\Scala_Project\Main.scala. Using presentation compiler with project's scala-library version: 3.3.8
2026.09.22 09:12:51 INFO  no build target found for C:\Users\chidi\Desktop\Scala_Project\Main.scala. Using presentation compiler with project's scala-library version: 3.3.8
2026.09.22 09:12:51 INFO  no build target found for C:\Users\chidi\Desktop\Scala_Project\Main.scala. Using presentation compiler with project's scala-library version: 3.3.8
2026.09.22 09:12:51 INFO  no build target found for C:\Users\chidi\Desktop\Scala_Project\Main.scala. Using presentation compiler with project's scala-library version: 3.3.8
2026.09.22 09:12:52 INFO  no build target found for C:\Users\chidi\Desktop\Scala_Project\Main.scala. Using presentation compiler with project's scala-library version: 3.3.8
2026.09.22 09:12:53 INFO  no build target found for C:\Users\chidi\Desktop\Scala_Project\Main.scala. Using presentation compiler with project's scala-library version: 3.3.8
2026.09.22 09:12:52 WARN  no build target for: C:\Users\chidi\Desktop\Scala_Project\Main.scala
2026.09.22 09:12:53 INFO  no build target found for C:\Users\chidi\Desktop\Scala_Project\Main.scala. Using presentation compiler with project's scala-library version: 3.3.8
2026.09.22 09:12:53 INFO  no build target found for C:\Users\chidi\Desktop\Scala_Project\Main.scala. Using presentation compiler with project's scala-library version: 3.3.8
2026.09.22 09:12:53 INFO  no build target found for C:\Users\chidi\Desktop\Scala_Project\Main.scala. Using presentation compiler with project's scala-library version: 3.3.8
2026.09.22 09:12:53 INFO  no build target found for C:\Users\chidi\Desktop\Scala_Project\Main.scala. Using presentation compiler with project's scala-library version: 3.3.8
2026.09.22 09:12:53 INFO  no build target found for C:\Users\chidi\Desktop\Scala_Project\Main.scala. Using presentation compiler with project's scala-library version: 3.3.8
2026.09.22 09:12:54 INFO  no build target found for C:\Users\chidi\Desktop\Scala_Project\Main.scala. Using presentation compiler with project's scala-library version: 3.3.8
2026.09.22 09:12:54 INFO  no build target found for C:\Users\chidi\Desktop\Scala_Project\Main.scala. Using presentation compiler with project's scala-library version: 3.3.8
2026.09.22 09:12:54 INFO  no build target found for C:\Users\chidi\Desktop\Scala_Project\Main.scala. Using presentation compiler with project's scala-library version: 3.3.8
2026.09.22 09:12:54 INFO  no build target found for C:\Users\chidi\Desktop\Scala_Project\Main.scala. Using presentation compiler with project's scala-library version: 3.3.8
2026.09.22 09:12:54 INFO  no build target found for C:\Users\chidi\Desktop\Scala_Project\Main.scala. Using presentation compiler with project's scala-library version: 3.3.8
2026.09.22 09:12:54 INFO  no build target found for C:\Users\chidi\Desktop\Scala_Project\Main.scala. Using presentation compiler with project's scala-library version: 3.3.8
2026.09.22 09:12:54 INFO  no build target found for C:\Users\chidi\Desktop\Scala_Project\Main.scala. Using presentation compiler with project's scala-library version: 3.3.8
2026.09.22 09:12:54 INFO  no build target found for C:\Users\chidi\Desktop\Scala_Project\Main.scala. Using presentation compiler with project's scala-library version: 3.3.8
2026.09.22 09:12:55 INFO  no build target found for C:\Users\chidi\Desktop\Scala_Project\Main.scala. Using presentation compiler with project's scala-library version: 3.3.8
2026.09.22 09:12:55 INFO  no build target found for C:\Users\chidi\Desktop\Scala_Project\Main.scala. Using presentation compiler with project's scala-library version: 3.3.8
2026.09.22 09:12:54 INFO  no build target found for C:\Users\chidi\Desktop\Scala_Project\Main.scala. Using presentation compiler with project's scala-library version: 3.3.8
2026.09.22 09:12:55 INFO  no build target found for C:\Users\chidi\Desktop\Scala_Project\Main.scala. Using presentation compiler with project's scala-library version: 3.3.8
2026.09.22 09:12:55 INFO  no build target found for C:\Users\chidi\Desktop\Scala_Project\Main.scala. Using presentation compiler with project's scala-library version: 3.3.8
2026.09.22 09:12:55 INFO  no build target found for C:\Users\chidi\Desktop\Scala_Project\Main.scala. Using presentation compiler with project's scala-library version: 3.3.8
2026.09.22 09:12:55 INFO  no build target found for C:\Users\chidi\Desktop\Scala_Project\Main.scala. Using presentation compiler with project's scala-library version: 3.3.8
2026.09.22 09:12:55 INFO  no build target found for C:\Users\chidi\Desktop\Scala_Project\Main.scala. Using presentation compiler with project's scala-library version: 3.3.8
2026.09.22 09:12:55 INFO  no build target found for C:\Users\chidi\Desktop\Scala_Project\Main.scala. Using presentation compiler with project's scala-library version: 3.3.8
2026.09.22 09:12:55 INFO  no build target found for C:\Users\chidi\Desktop\Scala_Project\Main.scala. Using presentation compiler with project's scala-library version: 3.3.8
2026.09.22 09:12:56 INFO  no build target found for C:\Users\chidi\Desktop\Scala_Project\Main.scala. Using presentation compiler with project's scala-library version: 3.3.8
2026.09.22 09:12:56 INFO  no build target found for C:\Users\chidi\Desktop\Scala_Project\Main.scala. Using presentation compiler with project's scala-library version: 3.3.8
2026.09.22 09:12:56 INFO  no build target found for C:\Users\chidi\Desktop\Scala_Project\Main.scala. Using presentation compiler with project's scala-library version: 3.3.8
2026.09.22 09:12:56 INFO  no build target found for C:\Users\chidi\Desktop\Scala_Project\Main.scala. Using presentation compiler with project's scala-library version: 3.3.8
2026.09.22 09:12:56 INFO  no build target found for C:\Users\chidi\Desktop\Scala_Project\Main.scala. Using presentation compiler with project's scala-library version: 3.3.8
2026.09.22 09:12:56 INFO  no build target found for C:\Users\chidi\Desktop\Scala_Project\Main.scala. Using presentation compiler with project's scala-library version: 3.3.8
2026.09.22 09:12:57 INFO  no build target found for C:\Users\chidi\Desktop\Scala_Project\Main.scala. Using presentation compiler with project's scala-library version: 3.3.8
2026.09.22 09:12:58 INFO  no build target found for C:\Users\chidi\Desktop\Scala_Project\Main.scala. Using presentation compiler with project's scala-library version: 3.3.8
2026.09.22 09:12:58 WARN  no build target for: C:\Users\chidi\Desktop\Scala_Project\Main.scala
2026.09.22 09:12:58 INFO  no build target found for C:\Users\chidi\Desktop\Scala_Project\Main.scala. Using presentation compiler with project's scala-library version: 3.3.8
2026.09.22 09:12:59 INFO  no build target found for C:\Users\chidi\Desktop\Scala_Project\Main.scala. Using presentation compiler with project's scala-library version: 3.3.8
2026.09.22 09:12:59 INFO  no build target found for C:\Users\chidi\Desktop\Scala_Project\Main.scala. Using presentation compiler with project's scala-library version: 3.3.8
2026.09.22 09:12:59 INFO  no build target found for C:\Users\chidi\Desktop\Scala_Project\Main.scala. Using presentation compiler with project's scala-library version: 3.3.8
2026.09.22 09:12:59 INFO  no build target found for C:\Users\chidi\Desktop\Scala_Project\Main.scala. Using presentation compiler with project's scala-library version: 3.3.8
2026.09.22 09:12:59 INFO  no build target found for C:\Users\chidi\Desktop\Scala_Project\Main.scala. Using presentation compiler with project's scala-library version: 3.3.8
2026.09.22 09:12:59 INFO  no build target found for C:\Users\chidi\Desktop\Scala_Project\Main.scala. Using presentation compiler with project's scala-library version: 3.3.8
2026.09.22 09:12:59 INFO  no build target found for C:\Users\chidi\Desktop\Scala_Project\Main.scala. Using presentation compiler with project's scala-library version: 3.3.8
2026.09.22 09:12:59 INFO  no build target found for C:\Users\chidi\Desktop\Scala_Project\Main.scala. Using presentation compiler with project's scala-library version: 3.3.8
2026.09.22 09:12:59 INFO  no build target found for C:\Users\chidi\Desktop\Scala_Project\Main.scala. Using presentation compiler with project's scala-library version: 3.3.8
2026.09.22 09:12:59 INFO  no build target found for C:\Users\chidi\Desktop\Scala_Project\Main.scala. Using presentation compiler with project's scala-library version: 3.3.8
2026.09.22 09:12:59 INFO  no build target found for C:\Users\chidi\Desktop\Scala_Project\Main.scala. Using presentation compiler with project's scala-library version: 3.3.8
2026.09.22 09:12:59 INFO  no build target found for C:\Users\chidi\Desktop\Scala_Project\Main.scala. Using presentation compiler with project's scala-library version: 3.3.8
2026.09.22 09:13:00 INFO  no build target found for C:\Users\chidi\Desktop\Scala_Project\Main.scala. Using presentation compiler with project's scala-library version: 3.3.8
2026.09.22 09:13:00 INFO  no build target found for C:\Users\chidi\Desktop\Scala_Project\Main.scala. Using presentation compiler with project's scala-library version: 3.3.8
2026.09.22 09:12:59 INFO  no build target found for C:\Users\chidi\Desktop\Scala_Project\Main.scala. Using presentation compiler with project's scala-library version: 3.3.8
2026.09.22 09:13:00 INFO  no build target found for C:\Users\chidi\Desktop\Scala_Project\Main.scala. Using presentation compiler with project's scala-library version: 3.3.8
2026.09.22 09:13:00 INFO  no build target found for C:\Users\chidi\Desktop\Scala_Project\Main.scala. Using presentation compiler with project's scala-library version: 3.3.8
2026.09.22 09:13:00 INFO  no build target found for C:\Users\chidi\Desktop\Scala_Project\Main.scala. Using presentation compiler with project's scala-library version: 3.3.8
2026.09.22 09:13:00 INFO  no build target found for C:\Users\chidi\Desktop\Scala_Project\Main.scala. Using presentation compiler with project's scala-library version: 3.3.8
2026.09.22 09:13:00 INFO  no build target found for C:\Users\chidi\Desktop\Scala_Project\Main.scala. Using presentation compiler with project's scala-library version: 3.3.8
2026.09.22 09:13:00 INFO  no build target found for C:\Users\chidi\Desktop\Scala_Project\Main.scala. Using presentation compiler with project's scala-library version: 3.3.8
2026.09.22 09:13:01 INFO  no build target found for C:\Users\chidi\Desktop\Scala_Project\Main.scala. Using presentation compiler with project's scala-library version: 3.3.8
2026.09.22 09:13:01 INFO  no build target found for C:\Users\chidi\Desktop\Scala_Project\Main.scala. Using presentation compiler with project's scala-library version: 3.3.8
2026.09.22 09:13:01 WARN  no build target for: C:\Users\chidi\Desktop\Scala_Project\Main.scala
2026.09.22 09:13:01 INFO  no build target found for C:\Users\chidi\Desktop\Scala_Project\Main.scala. Using presentation compiler with project's scala-library version: 3.3.8
2026.09.22 09:13:02 INFO  no build target found for C:\Users\chidi\Desktop\Scala_Project\Main.scala. Using presentation compiler with project's scala-library version: 3.3.8
2026.09.22 09:13:02 INFO  no build target found for C:\Users\chidi\Desktop\Scala_Project\Main.scala. Using presentation compiler with project's scala-library version: 3.3.8
2026.09.22 09:13:02 INFO  no build target found for C:\Users\chidi\Desktop\Scala_Project\Main.scala. Using presentation compiler with project's scala-library version: 3.3.8
2026.09.22 09:13:03 INFO  no build target found for C:\Users\chidi\Desktop\Scala_Project\Main.scala. Using presentation compiler with project's scala-library version: 3.3.8
2026.09.22 09:13:04 INFO  no build target found for C:\Users\chidi\Desktop\Scala_Project\Main.scala. Using presentation compiler with project's scala-library version: 3.3.8
2026.09.22 09:13:04 INFO  no build target found for C:\Users\chidi\Desktop\Scala_Project\Main.scala. Using presentation compiler with project's scala-library version: 3.3.8
2026.09.22 09:13:04 INFO  no build target found for C:\Users\chidi\Desktop\Scala_Project\Main.scala. Using presentation compiler with project's scala-library version: 3.3.8
2026.09.22 09:13:04 INFO  no build target found for C:\Users\chidi\Desktop\Scala_Project\Main.scala. Using presentation compiler with project's scala-library version: 3.3.8
2026.09.22 09:13:04 INFO  no build target found for C:\Users\chidi\Desktop\Scala_Project\Main.scala. Using presentation compiler with project's scala-library version: 3.3.8
2026.09.22 09:13:04 INFO  no build target found for C:\Users\chidi\Desktop\Scala_Project\Main.scala. Using presentation compiler with project's scala-library version: 3.3.8
2026.09.22 09:13:04 INFO  no build target found for C:\Users\chidi\Desktop\Scala_Project\Main.scala. Using presentation compiler with project's scala-library version: 3.3.8
2026.09.22 09:13:04 INFO  no build target found for C:\Users\chidi\Desktop\Scala_Project\Main.scala. Using presentation compiler with project's scala-library version: 3.3.8
2026.09.22 09:13:05 INFO  no build target found for C:\Users\chidi\Desktop\Scala_Project\Main.scala. Using presentation compiler with project's scala-library version: 3.3.8
2026.09.22 09:13:05 WARN  no build target for: C:\Users\chidi\Desktop\Scala_Project\Main.scala
2026.09.22 09:13:05 INFO  no build target found for C:\Users\chidi\Desktop\Scala_Project\Main.scala. Using presentation compiler with project's scala-library version: 3.3.8
2026.09.22 09:13:05 INFO  no build target found for C:\Users\chidi\Desktop\Scala_Project\Main.scala. Using presentation compiler with project's scala-library version: 3.3.8
2026.09.22 09:13:05 INFO  no build target found for C:\Users\chidi\Desktop\Scala_Project\Main.scala. Using presentation compiler with project's scala-library version: 3.3.8
2026.09.22 09:13:05 INFO  no build target found for C:\Users\chidi\Desktop\Scala_Project\Main.scala. Using presentation compiler with project's scala-library version: 3.3.8
2026.09.22 09:13:05 INFO  no build target found for C:\Users\chidi\Desktop\Scala_Project\Main.scala. Using presentation compiler with project's scala-library version: 3.3.8
2026.09.22 09:13:05 INFO  no build target found for C:\Users\chidi\Desktop\Scala_Project\Main.scala. Using presentation compiler with project's scala-library version: 3.3.8
2026.09.22 09:13:05 INFO  no build target found for C:\Users\chidi\Desktop\Scala_Project\Main.scala. Using presentation compiler with project's scala-library version: 3.3.8
2026.09.22 09:13:06 INFO  no build target found for C:\Users\chidi\Desktop\Scala_Project\Main.scala. Using presentation compiler with project's scala-library version: 3.3.8
2026.09.22 09:13:05 INFO  no build target found for C:\Users\chidi\Desktop\Scala_Project\Main.scala. Using presentation compiler with project's scala-library version: 3.3.8
2026.09.22 09:13:05 INFO  no build target found for C:\Users\chidi\Desktop\Scala_Project\Main.scala. Using presentation compiler with project's scala-library version: 3.3.8
2026.09.22 09:13:07 INFO  no build target found for C:\Users\chidi\Desktop\Scala_Project\Main.scala. Using presentation compiler with project's scala-library version: 3.3.8
2026.09.22 09:13:07 INFO  no build target found for C:\Users\chidi\Desktop\Scala_Project\Main.scala. Using presentation compiler with project's scala-library version: 3.3.8
2026.09.22 09:13:07 INFO  no build target found for C:\Users\chidi\Desktop\Scala_Project\Main.scala. Using presentation compiler with project's scala-library version: 3.3.8
2026.09.22 09:13:07 WARN  no build target for: C:\Users\chidi\Desktop\Scala_Project\Main.scala
2026.09.22 09:13:07 INFO  no build target found for C:\Users\chidi\Desktop\Scala_Project\Main.scala. Using presentation compiler with project's scala-library version: 3.3.8
2026.09.22 09:13:08 INFO  no build target found for C:\Users\chidi\Desktop\Scala_Project\Main.scala. Using presentation compiler with project's scala-library version: 3.3.8
2026.09.22 09:13:08 INFO  no build target found for C:\Users\chidi\Desktop\Scala_Project\Main.scala. Using presentation compiler with project's scala-library version: 3.3.8
2026.09.22 09:13:08 INFO  no build target found for C:\Users\chidi\Desktop\Scala_Project\Main.scala. Using presentation compiler with project's scala-library version: 3.3.8
2026.09.22 09:13:09 INFO  no build target found for C:\Users\chidi\Desktop\Scala_Project\Main.scala. Using presentation compiler with project's scala-library version: 3.3.8
2026.09.22 09:13:08 INFO  no build target found for C:\Users\chidi\Desktop\Scala_Project\Main.scala. Using presentation compiler with project's scala-library version: 3.3.8
2026.09.22 09:13:08 INFO  no build target found for C:\Users\chidi\Desktop\Scala_Project\Main.scala. Using presentation compiler with project's scala-library version: 3.3.8
2026.09.22 09:13:09 INFO  no build target found for C:\Users\chidi\Desktop\Scala_Project\Main.scala. Using presentation compiler with project's scala-library version: 3.3.8
2026.09.22 09:13:08 INFO  no build target found for C:\Users\chidi\Desktop\Scala_Project\Main.scala. Using presentation compiler with project's scala-library version: 3.3.8
2026.09.22 09:13:09 INFO  no build target found for C:\Users\chidi\Desktop\Scala_Project\Main.scala. Using presentation compiler with project's scala-library version: 3.3.8
2026.09.22 09:13:10 INFO  no build target found for C:\Users\chidi\Desktop\Scala_Project\Main.scala. Using presentation compiler with project's scala-library version: 3.3.8
2026.09.22 09:13:10 INFO  no build target found for C:\Users\chidi\Desktop\Scala_Project\Main.scala. Using presentation compiler with project's scala-library version: 3.3.8
2026.09.22 09:13:10 INFO  no build target found for C:\Users\chidi\Desktop\Scala_Project\Main.scala. Using presentation compiler with project's scala-library version: 3.3.8
2026.09.22 09:13:10 INFO  no build target found for C:\Users\chidi\Desktop\Scala_Project\Main.scala. Using presentation compiler with project's scala-library version: 3.3.8
2026.09.22 09:13:10 INFO  no build target found for C:\Users\chidi\Desktop\Scala_Project\Main.scala. Using presentation compiler with project's scala-library version: 3.3.8
2026.09.22 09:13:10 INFO  no build target found for C:\Users\chidi\Desktop\Scala_Project\Main.scala. Using presentation compiler with project's scala-library version: 3.3.8
2026.09.22 09:13:10 INFO  no build target found for C:\Users\chidi\Desktop\Scala_Project\Main.scala. Using presentation compiler with project's scala-library version: 3.3.8
2026.09.22 09:13:10 INFO  no build target found for C:\Users\chidi\Desktop\Scala_Project\Main.scala. Using presentation compiler with project's scala-library version: 3.3.8
2026.09.22 09:13:10 INFO  no build target found for C:\Users\chidi\Desktop\Scala_Project\Main.scala. Using presentation compiler with project's scala-library version: 3.3.8
2026.09.22 09:13:11 INFO  no build target found for C:\Users\chidi\Desktop\Scala_Project\Main.scala. Using presentation compiler with project's scala-library version: 3.3.8
2026.09.22 09:13:11 INFO  no build target found for C:\Users\chidi\Desktop\Scala_Project\Main.scala. Using presentation compiler with project's scala-library version: 3.3.8
2026.09.22 09:13:11 INFO  no build target found for C:\Users\chidi\Desktop\Scala_Project\Main.scala. Using presentation compiler with project's scala-library version: 3.3.8
2026.09.22 09:13:11 INFO  no build target found for C:\Users\chidi\Desktop\Scala_Project\Main.scala. Using presentation compiler with project's scala-library version: 3.3.8
2026.09.22 09:13:11 INFO  no build target found for C:\Users\chidi\Desktop\Scala_Project\Main.scala. Using presentation compiler with project's scala-library version: 3.3.8
2026.09.22 09:13:11 INFO  no build target found for C:\Users\chidi\Desktop\Scala_Project\Main.scala. Using presentation compiler with project's scala-library version: 3.3.8
2026.09.22 09:13:11 INFO  no build target found for C:\Users\chidi\Desktop\Scala_Project\Main.scala. Using presentation compiler with project's scala-library version: 3.3.8
2026.09.22 09:13:11 INFO  no build target found for C:\Users\chidi\Desktop\Scala_Project\Main.scala. Using presentation compiler with project's scala-library version: 3.3.8
2026.09.22 09:13:11 INFO  no build target found for C:\Users\chidi\Desktop\Scala_Project\Main.scala. Using presentation compiler with project's scala-library version: 3.3.8
2026.09.22 09:13:11 INFO  no build target found for C:\Users\chidi\Desktop\Scala_Project\Main.scala. Using presentation compiler with project's scala-library version: 3.3.8
2026.09.22 09:13:11 INFO  no build target found for C:\Users\chidi\Desktop\Scala_Project\Main.scala. Using presentation compiler with project's scala-library version: 3.3.8
2026.09.22 09:13:11 INFO  no build target found for C:\Users\chidi\Desktop\Scala_Project\Main.scala. Using presentation compiler with project's scala-library version: 3.3.8
2026.09.22 09:13:12 WARN  no build target for: C:\Users\chidi\Desktop\Scala_Project\Main.scala
2026.09.22 09:13:12 INFO  no build target found for C:\Users\chidi\Desktop\Scala_Project\Main.scala. Using presentation compiler with project's scala-library version: 3.3.8
2026.09.22 09:13:14 INFO  no build target found for C:\Users\chidi\Desktop\Scala_Project\Main.scala. Using presentation compiler with project's scala-library version: 3.3.8
2026.09.22 09:13:14 INFO  no build target found for C:\Users\chidi\Desktop\Scala_Project\Main.scala. Using presentation compiler with project's scala-library version: 3.3.8
2026.09.22 09:13:14 INFO  no build target found for C:\Users\chidi\Desktop\Scala_Project\Main.scala. Using presentation compiler with project's scala-library version: 3.3.8
2026.09.22 09:13:14 INFO  no build target found for C:\Users\chidi\Desktop\Scala_Project\Main.scala. Using presentation compiler with project's scala-library version: 3.3.8
2026.09.22 09:13:15 WARN  no build target for: C:\Users\chidi\Desktop\Scala_Project\Main.scala
2026.09.22 09:13:15 INFO  no build target found for C:\Users\chidi\Desktop\Scala_Project\Main.scala. Using presentation compiler with project's scala-library version: 3.3.8
2026.09.22 09:13:15 INFO  no build target found for C:\Users\chidi\Desktop\Scala_Project\Main.scala. Using presentation compiler with project's scala-library version: 3.3.8
2026.09.22 09:13:15 INFO  no build target found for C:\Users\chidi\Desktop\Scala_Project\Main.scala. Using presentation compiler with project's scala-library version: 3.3.8
2026.09.22 09:13:15 INFO  no build target found for C:\Users\chidi\Desktop\Scala_Project\Main.scala. Using presentation compiler with project's scala-library version: 3.3.8
2026.09.22 09:13:15 INFO  no build target found for C:\Users\chidi\Desktop\Scala_Project\Main.scala. Using presentation compiler with project's scala-library version: 3.3.8
2026.09.22 09:13:15 INFO  no build target found for C:\Users\chidi\Desktop\Scala_Project\Main.scala. Using presentation compiler with project's scala-library version: 3.3.8
2026.09.22 09:13:16 WARN  no build target for: C:\Users\chidi\Desktop\Scala_Project\Main.scala
2026.09.22 09:13:16 INFO  no build target found for C:\Users\chidi\Desktop\Scala_Project\Main.scala. Using presentation compiler with project's scala-library version: 3.3.8
2026.09.22 09:13:16 INFO  no build target found for C:\Users\chidi\Desktop\Scala_Project\Main.scala. Using presentation compiler with project's scala-library version: 3.3.8
2026.09.22 09:13:17 INFO  no build target found for C:\Users\chidi\Desktop\Scala_Project\Main.scala. Using presentation compiler with project's scala-library version: 3.3.8
2026.09.22 09:13:17 INFO  no build target found for C:\Users\chidi\Desktop\Scala_Project\Main.scala. Using presentation compiler with project's scala-library version: 3.3.8
2026.09.22 09:13:17 INFO  no build target found for C:\Users\chidi\Desktop\Scala_Project\Main.scala. Using presentation compiler with project's scala-library version: 3.3.8
2026.09.22 09:13:16 INFO  no build target found for C:\Users\chidi\Desktop\Scala_Project\Main.scala. Using presentation compiler with project's scala-library version: 3.3.8
2026.09.22 09:13:17 INFO  no build target found for C:\Users\chidi\Desktop\Scala_Project\Main.scala. Using presentation compiler with project's scala-library version: 3.3.8
2026.09.22 09:13:17 INFO  no build target found for C:\Users\chidi\Desktop\Scala_Project\Main.scala. Using presentation compiler with project's scala-library version: 3.3.8
2026.09.22 09:13:17 INFO  no build target found for C:\Users\chidi\Desktop\Scala_Project\Main.scala. Using presentation compiler with project's scala-library version: 3.3.8
2026.09.22 09:13:17 INFO  no build target found for C:\Users\chidi\Desktop\Scala_Project\Main.scala. Using presentation compiler with project's scala-library version: 3.3.8
2026.09.22 09:13:17 INFO  no build target found for C:\Users\chidi\Desktop\Scala_Project\Main.scala. Using presentation compiler with project's scala-library version: 3.3.8
2026.09.22 09:13:17 INFO  no build target found for C:\Users\chidi\Desktop\Scala_Project\Main.scala. Using presentation compiler with project's scala-library version: 3.3.8
2026.09.22 09:13:18 INFO  no build target found for C:\Users\chidi\Desktop\Scala_Project\Main.scala. Using presentation compiler with project's scala-library version: 3.3.8
2026.09.22 09:13:18 INFO  no build target found for C:\Users\chidi\Desktop\Scala_Project\Main.scala. Using presentation compiler with project's scala-library version: 3.3.8
2026.09.22 09:13:18 INFO  no build target found for C:\Users\chidi\Desktop\Scala_Project\Main.scala. Using presentation compiler with project's scala-library version: 3.3.8
2026.09.22 09:13:18 INFO  no build target found for C:\Users\chidi\Desktop\Scala_Project\Main.scala. Using presentation compiler with project's scala-library version: 3.3.8
2026.09.22 09:13:18 INFO  no build target found for C:\Users\chidi\Desktop\Scala_Project\Main.scala. Using presentation compiler with project's scala-library version: 3.3.8
2026.09.22 09:13:18 INFO  no build target found for C:\Users\chidi\Desktop\Scala_Project\Main.scala. Using presentation compiler with project's scala-library version: 3.3.8
2026.09.22 09:13:17 INFO  no build target found for C:\Users\chidi\Desktop\Scala_Project\Main.scala. Using presentation compiler with project's scala-library version: 3.3.8
2026.09.22 09:13:19 INFO  no build target found for C:\Users\chidi\Desktop\Scala_Project\Main.scala. Using presentation compiler with project's scala-library version: 3.3.8
2026.09.22 09:13:19 INFO  no build target found for C:\Users\chidi\Desktop\Scala_Project\Main.scala. Using presentation compiler with project's scala-library version: 3.3.8
2026.09.22 09:13:19 INFO  no build target found for C:\Users\chidi\Desktop\Scala_Project\Main.scala. Using presentation compiler with project's scala-library version: 3.3.8
2026.09.22 09:13:19 INFO  no build target found for C:\Users\chidi\Desktop\Scala_Project\Main.scala. Using presentation compiler with project's scala-library version: 3.3.8
2026.09.22 09:13:19 INFO  no build target found for C:\Users\chidi\Desktop\Scala_Project\Main.scala. Using presentation compiler with project's scala-library version: 3.3.8
2026.09.22 09:13:19 INFO  no build target found for C:\Users\chidi\Desktop\Scala_Project\Main.scala. Using presentation compiler with project's scala-library version: 3.3.8
2026.09.22 09:13:19 INFO  no build target found for C:\Users\chidi\Desktop\Scala_Project\Main.scala. Using presentation compiler with project's scala-library version: 3.3.8
2026.09.22 09:13:19 INFO  no build target found for C:\Users\chidi\Desktop\Scala_Project\Main.scala. Using presentation compiler with project's scala-library version: 3.3.8
2026.09.22 09:13:19 INFO  no build target found for C:\Users\chidi\Desktop\Scala_Project\Main.scala. Using presentation compiler with project's scala-library version: 3.3.8
2026.09.22 09:13:19 INFO  no build target found for C:\Users\chidi\Desktop\Scala_Project\Main.scala. Using presentation compiler with project's scala-library version: 3.3.8
2026.09.22 09:13:19 INFO  no build target found for C:\Users\chidi\Desktop\Scala_Project\Main.scala. Using presentation compiler with project's scala-library version: 3.3.8
2026.09.22 09:13:20 INFO  no build target found for C:\Users\chidi\Desktop\Scala_Project\Main.scala. Using presentation compiler with project's scala-library version: 3.3.8
2026.09.22 09:13:19 INFO  no build target found for C:\Users\chidi\Desktop\Scala_Project\Main.scala. Using presentation compiler with project's scala-library version: 3.3.8
2026.09.22 09:13:19 INFO  no build target found for C:\Users\chidi\Desktop\Scala_Project\Main.scala. Using presentation compiler with project's scala-library version: 3.3.8
2026.09.22 09:13:20 INFO  no build target found for C:\Users\chidi\Desktop\Scala_Project\Main.scala. Using presentation compiler with project's scala-library version: 3.3.8
2026.09.22 09:13:20 INFO  no build target found for C:\Users\chidi\Desktop\Scala_Project\Main.scala. Using presentation compiler with project's scala-library version: 3.3.8
2026.09.22 09:13:20 INFO  no build target found for C:\Users\chidi\Desktop\Scala_Project\Main.scala. Using presentation compiler with project's scala-library version: 3.3.8
2026.09.22 09:13:20 INFO  no build target found for C:\Users\chidi\Desktop\Scala_Project\Main.scala. Using presentation compiler with project's scala-library version: 3.3.8
2026.09.22 09:13:20 INFO  no build target found for C:\Users\chidi\Desktop\Scala_Project\Main.scala. Using presentation compiler with project's scala-library version: 3.3.8
2026.09.22 09:13:20 INFO  no build target found for C:\Users\chidi\Desktop\Scala_Project\Main.scala. Using presentation compiler with project's scala-library version: 3.3.8
2026.09.22 09:13:20 INFO  no build target found for C:\Users\chidi\Desktop\Scala_Project\Main.scala. Using presentation compiler with project's scala-library version: 3.3.8
2026.09.22 09:13:20 INFO  no build target found for C:\Users\chidi\Desktop\Scala_Project\Main.scala. Using presentation compiler with project's scala-library version: 3.3.8
2026.09.22 09:13:20 INFO  no build target found for C:\Users\chidi\Desktop\Scala_Project\Main.scala. Using presentation compiler with project's scala-library version: 3.3.8
2026.09.22 09:13:20 INFO  no build target found for C:\Users\chidi\Desktop\Scala_Project\Main.scala. Using presentation compiler with project's scala-library version: 3.3.8
2026.09.22 09:13:20 INFO  no build target found for C:\Users\chidi\Desktop\Scala_Project\Main.scala. Using presentation compiler with project's scala-library version: 3.3.8
2026.09.22 09:13:21 INFO  no build target found for C:\Users\chidi\Desktop\Scala_Project\Main.scala. Using presentation compiler with project's scala-library version: 3.3.8
2026.09.22 09:13:21 INFO  no build target found for C:\Users\chidi\Desktop\Scala_Project\Main.scala. Using presentation compiler with project's scala-library version: 3.3.8
2026.09.22 09:13:21 INFO  no build target found for C:\Users\chidi\Desktop\Scala_Project\Main.scala. Using presentation compiler with project's scala-library version: 3.3.8
2026.09.22 09:13:22 INFO  no build target found for C:\Users\chidi\Desktop\Scala_Project\Main.scala. Using presentation compiler with project's scala-library version: 3.3.8
2026.09.22 09:13:21 INFO  no build target found for C:\Users\chidi\Desktop\Scala_Project\Main.scala. Using presentation compiler with project's scala-library version: 3.3.8
2026.09.22 09:13:21 INFO  no build target found for C:\Users\chidi\Desktop\Scala_Project\Main.scala. Using presentation compiler with project's scala-library version: 3.3.8
2026.09.22 09:13:21 INFO  no build target found for C:\Users\chidi\Desktop\Scala_Project\Main.scala. Using presentation compiler with project's scala-library version: 3.3.8
2026.09.22 09:13:22 INFO  no build target found for C:\Users\chidi\Desktop\Scala_Project\Main.scala. Using presentation compiler with project's scala-library version: 3.3.8
2026.09.22 09:13:23 INFO  no build target found for C:\Users\chidi\Desktop\Scala_Project\Main.scala. Using presentation compiler with project's scala-library version: 3.3.8
2026.09.22 09:13:23 WARN  no build target for: C:\Users\chidi\Desktop\Scala_Project\Main.scala
2026.09.22 09:13:23 INFO  no build target found for C:\Users\chidi\Desktop\Scala_Project\Main.scala. Using presentation compiler with project's scala-library version: 3.3.8
2026.09.22 09:13:23 INFO  no build target found for C:\Users\chidi\Desktop\Scala_Project\Main.scala. Using presentation compiler with project's scala-library version: 3.3.8
2026.09.22 09:13:23 INFO  no build target found for C:\Users\chidi\Desktop\Scala_Project\Main.scala. Using presentation compiler with project's scala-library version: 3.3.8
2026.09.22 09:13:23 INFO  no build target found for C:\Users\chidi\Desktop\Scala_Project\Main.scala. Using presentation compiler with project's scala-library version: 3.3.8
2026.09.22 09:13:23 INFO  no build target found for C:\Users\chidi\Desktop\Scala_Project\Main.scala. Using presentation compiler with project's scala-library version: 3.3.8
2026.09.22 09:13:24 INFO  no build target found for C:\Users\chidi\Desktop\Scala_Project\Main.scala. Using presentation compiler with project's scala-library version: 3.3.8
2026.09.22 09:13:23 INFO  no build target found for C:\Users\chidi\Desktop\Scala_Project\Main.scala. Using presentation compiler with project's scala-library version: 3.3.8
2026.09.22 09:13:23 INFO  no build target found for C:\Users\chidi\Desktop\Scala_Project\Main.scala. Using presentation compiler with project's scala-library version: 3.3.8
2026.09.22 09:13:23 INFO  no build target found for C:\Users\chidi\Desktop\Scala_Project\Main.scala. Using presentation compiler with project's scala-library version: 3.3.8
2026.09.22 09:13:23 INFO  no build target found for C:\Users\chidi\Desktop\Scala_Project\Main.scala. Using presentation compiler with project's scala-library version: 3.3.8
2026.09.22 09:13:23 INFO  no build target found for C:\Users\chidi\Desktop\Scala_Project\Main.scala. Using presentation compiler with project's scala-library version: 3.3.8
2026.09.22 09:13:23 INFO  no build target found for C:\Users\chidi\Desktop\Scala_Project\Main.scala. Using presentation compiler with project's scala-library version: 3.3.8
2026.09.22 09:13:23 INFO  no build target found for C:\Users\chidi\Desktop\Scala_Project\Main.scala. Using presentation compiler with project's scala-library version: 3.3.8
2026.09.22 09:13:24 INFO  no build target found for C:\Users\chidi\Desktop\Scala_Project\Main.scala. Using presentation compiler with project's scala-library version: 3.3.8
2026.09.22 09:13:23 INFO  no build target found for C:\Users\chidi\Desktop\Scala_Project\Main.scala. Using presentation compiler with project's scala-library version: 3.3.8
2026.09.22 09:13:23 INFO  no build target found for C:\Users\chidi\Desktop\Scala_Project\Main.scala. Using presentation compiler with project's scala-library version: 3.3.8
2026.09.22 09:13:24 WARN  no build target for: C:\Users\chidi\Desktop\Scala_Project\Main.scala
2026.09.22 09:13:24 INFO  no build target found for C:\Users\chidi\Desktop\Scala_Project\Main.scala. Using presentation compiler with project's scala-library version: 3.3.8
2026.09.22 09:13:24 INFO  no build target found for C:\Users\chidi\Desktop\Scala_Project\Main.scala. Using presentation compiler with project's scala-library version: 3.3.8
2026.09.22 09:13:25 INFO  no build target found for C:\Users\chidi\Desktop\Scala_Project\Main.scala. Using presentation compiler with project's scala-library version: 3.3.8
2026.09.22 09:13:25 INFO  no build target found for C:\Users\chidi\Desktop\Scala_Project\Main.scala. Using presentation compiler with project's scala-library version: 3.3.8
2026.09.22 09:13:52 INFO  no build target found for C:\Users\chidi\Desktop\Scala_Project\Main.scala. Using presentation compiler with project's scala-library version: 3.3.8
2026.09.22 09:13:53 INFO  no build target found for C:\Users\chidi\Desktop\Scala_Project\Main.scala. Using presentation compiler with project's scala-library version: 3.3.8
2026.09.22 09:13:53 INFO  no build target found for C:\Users\chidi\Desktop\Scala_Project\Main.scala. Using presentation compiler with project's scala-library version: 3.3.8
2026.09.22 09:13:53 INFO  no build target found for C:\Users\chidi\Desktop\Scala_Project\Main.scala. Using presentation compiler with project's scala-library version: 3.3.8
2026.09.22 09:13:58 INFO  no build target found for C:\Users\chidi\Desktop\Scala_Project\model\Deck.scala. Using presentation compiler with project's scala-library version: 3.3.8
2026.09.22 09:13:58 WARN  no build target for: C:\Users\chidi\Desktop\Scala_Project\model\Deck.scala
2026.09.22 09:13:58 INFO  no build target found for C:\Users\chidi\Desktop\Scala_Project\model\Deck.scala. Using presentation compiler with project's scala-library version: 3.3.8
2026.09.22 09:13:58 INFO  no build target found for C:\Users\chidi\Desktop\Scala_Project\model\Deck.scala. Using presentation compiler with project's scala-library version: 3.3.8
2026.09.22 09:13:58 INFO  no build target found for C:\Users\chidi\Desktop\Scala_Project\model\Deck.scala. Using presentation compiler with project's scala-library version: 3.3.8
2026.09.22 09:13:58 INFO  no build target found for C:\Users\chidi\Desktop\Scala_Project\model\Deck.scala. Using presentation compiler with project's scala-library version: 3.3.8
2026.09.22 09:13:58 INFO  no build target found for C:\Users\chidi\Desktop\Scala_Project\model\Deck.scala. Using presentation compiler with project's scala-library version: 3.3.8
2026.09.22 09:13:58 INFO  no build target found for C:\Users\chidi\Desktop\Scala_Project\model\Deck.scala. Using presentation compiler with project's scala-library version: 3.3.8
2026.09.22 09:13:59 INFO  no build target found for C:\Users\chidi\Desktop\Scala_Project\model\Deck.scala. Using presentation compiler with project's scala-library version: 3.3.8
2026.09.22 09:13:59 INFO  empty definition using pc, found symbol in pc:  (full report at: "C:\Users\chidi\Desktop\Scala_Project\.metals\.reports\metals-full\2026-09-22\r_empty-definition_09-04-14-465.md")
2026.09.22 09:14:17 INFO  no build target found for C:\Users\chidi\Desktop\Scala_Project\model\Deck.scala. Using presentation compiler with project's scala-library version: 3.3.8
2026.09.22 09:14:17 INFO  no build target found for C:\Users\chidi\Desktop\Scala_Project\model\Deck.scala. Using presentation compiler with project's scala-library version: 3.3.8
2026.09.22 09:14:22 INFO  no build target found for C:\Users\chidi\Desktop\Scala_Project\model\Deck.scala. Using presentation compiler with project's scala-library version: 3.3.8
2026.09.22 09:14:22 INFO  no build target found for C:\Users\chidi\Desktop\Scala_Project\model\Deck.scala. Using presentation compiler with project's scala-library version: 3.3.8
2026.09.22 09:14:22 INFO  no build target found for C:\Users\chidi\Desktop\Scala_Project\model\Deck.scala. Using presentation compiler with project's scala-library version: 3.3.8
2026.09.22 09:14:22 INFO  empty definition using pc, found symbol in pc:  (full report at: "C:\Users\chidi\Desktop\Scala_Project\.metals\.reports\metals-full\2026-09-22\r_empty-definition_09-04-14-465.md")
2026.09.22 09:14:22 INFO  no build target found for C:\Users\chidi\Desktop\Scala_Project\model\Deck.scala. Using presentation compiler with project's scala-library version: 3.3.8
2026.09.22 09:14:22 INFO  no build target found for C:\Users\chidi\Desktop\Scala_Project\model\Deck.scala. Using presentation compiler with project's scala-library version: 3.3.8
2026.09.22 09:14:22 INFO  no build target found for C:\Users\chidi\Desktop\Scala_Project\model\Deck.scala. Using presentation compiler with project's scala-library version: 3.3.8
2026.09.22 09:14:23 INFO  no build target found for C:\Users\chidi\Desktop\Scala_Project\model\Deck.scala. Using presentation compiler with project's scala-library version: 3.3.8
2026.09.22 09:14:23 INFO  no build target found for C:\Users\chidi\Desktop\Scala_Project\model\Deck.scala. Using presentation compiler with project's scala-library version: 3.3.8
2026.09.22 09:14:23 INFO  no build target found for C:\Users\chidi\Desktop\Scala_Project\model\Deck.scala. Using presentation compiler with project's scala-library version: 3.3.8
2026.09.22 09:14:24 INFO  no build target found for C:\Users\chidi\Desktop\Scala_Project\model\Deck.scala. Using presentation compiler with project's scala-library version: 3.3.8
2026.09.22 09:14:24 WARN  no build target for: C:\Users\chidi\Desktop\Scala_Project\model\Deck.scala
2026.09.22 09:14:23 INFO  no build target found for C:\Users\chidi\Desktop\Scala_Project\model\Deck.scala. Using presentation compiler with project's scala-library version: 3.3.8
2026.09.22 09:14:25 INFO  no build target found for C:\Users\chidi\Desktop\Scala_Project\model\Deck.scala. Using presentation compiler with project's scala-library version: 3.3.8
2026.09.22 09:14:25 INFO  no build target found for C:\Users\chidi\Desktop\Scala_Project\model\Deck.scala. Using presentation compiler with project's scala-library version: 3.3.8
2026.09.22 09:14:25 INFO  no build target found for C:\Users\chidi\Desktop\Scala_Project\model\Deck.scala. Using presentation compiler with project's scala-library version: 3.3.8
2026.09.22 09:14:25 INFO  no build target found for C:\Users\chidi\Desktop\Scala_Project\model\Deck.scala. Using presentation compiler with project's scala-library version: 3.3.8
2026.09.22 09:14:26 INFO  no build target found for C:\Users\chidi\Desktop\Scala_Project\model\Deck.scala. Using presentation compiler with project's scala-library version: 3.3.8
2026.09.22 09:14:26 WARN  no build target for: C:\Users\chidi\Desktop\Scala_Project\model\Deck.scala
2026.09.22 09:14:26 INFO  no build target found for C:\Users\chidi\Desktop\Scala_Project\model\Deck.scala. Using presentation compiler with project's scala-library version: 3.3.8
2026.09.22 09:14:27 INFO  no build target found for C:\Users\chidi\Desktop\Scala_Project\model\Deck.scala. Using presentation compiler with project's scala-library version: 3.3.8
2026.09.22 09:14:27 INFO  no build target found for C:\Users\chidi\Desktop\Scala_Project\model\Deck.scala. Using presentation compiler with project's scala-library version: 3.3.8
2026.09.22 09:14:27 INFO  no build target found for C:\Users\chidi\Desktop\Scala_Project\model\Deck.scala. Using presentation compiler with project's scala-library version: 3.3.8
2026.09.22 09:14:27 INFO  no build target found for C:\Users\chidi\Desktop\Scala_Project\model\Deck.scala. Using presentation compiler with project's scala-library version: 3.3.8
2026.09.22 09:14:28 INFO  no build target found for C:\Users\chidi\Desktop\Scala_Project\model\Deck.scala. Using presentation compiler with project's scala-library version: 3.3.8
2026.09.22 09:14:28 INFO  no build target found for C:\Users\chidi\Desktop\Scala_Project\model\Deck.scala. Using presentation compiler with project's scala-library version: 3.3.8
2026.09.22 09:14:29 INFO  no build target found for C:\Users\chidi\Desktop\Scala_Project\model\Deck.scala. Using presentation compiler with project's scala-library version: 3.3.8
2026.09.22 09:14:29 WARN  no build target for: C:\Users\chidi\Desktop\Scala_Project\model\Deck.scala
2026.09.22 09:14:29 INFO  no build target found for C:\Users\chidi\Desktop\Scala_Project\model\Deck.scala. Using presentation compiler with project's scala-library version: 3.3.8
2026.09.22 09:14:31 WARN  no build target for: C:\Users\chidi\Desktop\Scala_Project\model\Deck.scala
2026.09.22 09:14:31 INFO  no build target found for C:\Users\chidi\Desktop\Scala_Project\model\Deck.scala. Using presentation compiler with project's scala-library version: 3.3.8
2026.09.22 09:14:45 INFO  no build target found for C:\Users\chidi\Desktop\Scala_Project\model\Deck.scala. Using presentation compiler with project's scala-library version: 3.3.8
2026.09.22 09:14:45 INFO  no build target found for C:\Users\chidi\Desktop\Scala_Project\model\Deck.scala. Using presentation compiler with project's scala-library version: 3.3.8
2026.09.22 09:14:47 INFO  no build target found for C:\Users\chidi\Desktop\Scala_Project\model\Deck.scala. Using presentation compiler with project's scala-library version: 3.3.8
2026.09.22 09:14:47 INFO  no build target found for C:\Users\chidi\Desktop\Scala_Project\model\Deck.scala. Using presentation compiler with project's scala-library version: 3.3.8
2026.09.22 09:14:47 INFO  no build target found for C:\Users\chidi\Desktop\Scala_Project\model\Deck.scala. Using presentation compiler with project's scala-library version: 3.3.8
2026.09.22 09:14:48 INFO  no build target found for C:\Users\chidi\Desktop\Scala_Project\model\Deck.scala. Using presentation compiler with project's scala-library version: 3.3.8
2026.09.22 09:14:47 INFO  no build target found for C:\Users\chidi\Desktop\Scala_Project\model\Deck.scala. Using presentation compiler with project's scala-library version: 3.3.8
2026.09.22 09:14:48 INFO  no build target found for C:\Users\chidi\Desktop\Scala_Project\model\Deck.scala. Using presentation compiler with project's scala-library version: 3.3.8
2026.09.22 09:14:48 WARN  no build target for: C:\Users\chidi\Desktop\Scala_Project\model\Deck.scala
2026.09.22 09:14:48 INFO  no build target found for C:\Users\chidi\Desktop\Scala_Project\model\Deck.scala. Using presentation compiler with project's scala-library version: 3.3.8
2026.09.22 09:14:55 INFO  no build target found for C:\Users\chidi\Desktop\Scala_Project\model\Deck.scala. Using presentation compiler with project's scala-library version: 3.3.8
2026.09.22 09:14:55 INFO  no build target found for C:\Users\chidi\Desktop\Scala_Project\model\Deck.scala. Using presentation compiler with project's scala-library version: 3.3.8
2026.09.22 09:14:56 INFO  no build target found for C:\Users\chidi\Desktop\Scala_Project\model\Deck.scala. Using presentation compiler with project's scala-library version: 3.3.8
2026.09.22 09:14:56 INFO  no build target found for C:\Users\chidi\Desktop\Scala_Project\model\Deck.scala. Using presentation compiler with project's scala-library version: 3.3.8
2026.09.22 09:14:56 INFO  no build target found for C:\Users\chidi\Desktop\Scala_Project\model\Deck.scala. Using presentation compiler with project's scala-library version: 3.3.8
2026.09.22 09:14:56 INFO  no build target found for C:\Users\chidi\Desktop\Scala_Project\model\Deck.scala. Using presentation compiler with project's scala-library version: 3.3.8
2026.09.22 09:14:56 INFO  no build target found for C:\Users\chidi\Desktop\Scala_Project\model\Deck.scala. Using presentation compiler with project's scala-library version: 3.3.8
2026.09.22 09:14:56 INFO  no build target found for C:\Users\chidi\Desktop\Scala_Project\model\Deck.scala. Using presentation compiler with project's scala-library version: 3.3.8
2026.09.22 09:14:56 INFO  no build target found for C:\Users\chidi\Desktop\Scala_Project\model\Deck.scala. Using presentation compiler with project's scala-library version: 3.3.8
2026.09.22 09:14:57 WARN  no build target for: C:\Users\chidi\Desktop\Scala_Project\model\Deck.scala
2026.09.22 09:14:57 INFO  no build target found for C:\Users\chidi\Desktop\Scala_Project\model\Deck.scala. Using presentation compiler with project's scala-library version: 3.3.8
2026.09.22 09:14:57 WARN  no build target for: C:\Users\chidi\Desktop\Scala_Project\model\Deck.scala
2026.09.22 09:14:56 INFO  no build target found for C:\Users\chidi\Desktop\Scala_Project\model\Deck.scala. Using presentation compiler with project's scala-library version: 3.3.8
2026.09.22 09:15:18 INFO  no build target found for C:\Users\chidi\Desktop\Scala_Project\model\Deck.scala. Using presentation compiler with project's scala-library version: 3.3.8
2026.09.22 09:15:19 INFO  no build target found for C:\Users\chidi\Desktop\Scala_Project\model\Deck.scala. Using presentation compiler with project's scala-library version: 3.3.8
2026.09.22 09:15:19 INFO  no build target found for C:\Users\chidi\Desktop\Scala_Project\model\Deck.scala. Using presentation compiler with project's scala-library version: 3.3.8
2026.09.22 09:15:19 INFO  no build target found for C:\Users\chidi\Desktop\Scala_Project\model\Deck.scala. Using presentation compiler with project's scala-library version: 3.3.8
2026.09.22 09:15:19 INFO  no build target found for C:\Users\chidi\Desktop\Scala_Project\model\Deck.scala. Using presentation compiler with project's scala-library version: 3.3.8
2026.09.22 09:15:20 INFO  no build target found for C:\Users\chidi\Desktop\Scala_Project\model\Deck.scala. Using presentation compiler with project's scala-library version: 3.3.8
2026.09.22 09:15:19 INFO  no build target found for C:\Users\chidi\Desktop\Scala_Project\model\Deck.scala. Using presentation compiler with project's scala-library version: 3.3.8
2026.09.22 09:15:19 INFO  no build target found for C:\Users\chidi\Desktop\Scala_Project\model\Deck.scala. Using presentation compiler with project's scala-library version: 3.3.8
2026.09.22 09:15:20 INFO  no build target found for C:\Users\chidi\Desktop\Scala_Project\model\Deck.scala. Using presentation compiler with project's scala-library version: 3.3.8
2026.09.22 09:15:20 INFO  no build target found for C:\Users\chidi\Desktop\Scala_Project\model\Deck.scala. Using presentation compiler with project's scala-library version: 3.3.8
2026.09.22 09:15:20 INFO  no build target found for C:\Users\chidi\Desktop\Scala_Project\model\Deck.scala. Using presentation compiler with project's scala-library version: 3.3.8
2026.09.22 09:15:20 INFO  no build target found for C:\Users\chidi\Desktop\Scala_Project\model\Deck.scala. Using presentation compiler with project's scala-library version: 3.3.8
2026.09.22 09:15:20 INFO  no build target found for C:\Users\chidi\Desktop\Scala_Project\model\Deck.scala. Using presentation compiler with project's scala-library version: 3.3.8
2026.09.22 09:15:21 INFO  no build target found for C:\Users\chidi\Desktop\Scala_Project\model\Deck.scala. Using presentation compiler with project's scala-library version: 3.3.8
2026.09.22 09:15:20 INFO  no build target found for C:\Users\chidi\Desktop\Scala_Project\model\Deck.scala. Using presentation compiler with project's scala-library version: 3.3.8
2026.09.22 09:15:20 INFO  no build target found for C:\Users\chidi\Desktop\Scala_Project\model\Deck.scala. Using presentation compiler with project's scala-library version: 3.3.8
2026.09.22 09:15:20 INFO  no build target found for C:\Users\chidi\Desktop\Scala_Project\model\Deck.scala. Using presentation compiler with project's scala-library version: 3.3.8
2026.09.22 09:15:20 INFO  no build target found for C:\Users\chidi\Desktop\Scala_Project\model\Deck.scala. Using presentation compiler with project's scala-library version: 3.3.8
2026.09.22 09:15:21 INFO  no build target found for C:\Users\chidi\Desktop\Scala_Project\model\Deck.scala. Using presentation compiler with project's scala-library version: 3.3.8
2026.09.22 09:15:21 INFO  no build target found for C:\Users\chidi\Desktop\Scala_Project\model\Deck.scala. Using presentation compiler with project's scala-library version: 3.3.8
2026.09.22 09:15:21 INFO  no build target found for C:\Users\chidi\Desktop\Scala_Project\model\Deck.scala. Using presentation compiler with project's scala-library version: 3.3.8
2026.09.22 09:15:21 INFO  no build target found for C:\Users\chidi\Desktop\Scala_Project\model\Deck.scala. Using presentation compiler with project's scala-library version: 3.3.8
2026.09.22 09:15:21 INFO  no build target found for C:\Users\chidi\Desktop\Scala_Project\model\Deck.scala. Using presentation compiler with project's scala-library version: 3.3.8
2026.09.22 09:15:22 INFO  no build target found for C:\Users\chidi\Desktop\Scala_Project\model\Deck.scala. Using presentation compiler with project's scala-library version: 3.3.8
2026.09.22 09:15:22 INFO  no build target found for C:\Users\chidi\Desktop\Scala_Project\model\Deck.scala. Using presentation compiler with project's scala-library version: 3.3.8
2026.09.22 09:15:22 INFO  no build target found for C:\Users\chidi\Desktop\Scala_Project\model\Deck.scala. Using presentation compiler with project's scala-library version: 3.3.8
2026.09.22 09:15:23 INFO  no build target found for C:\Users\chidi\Desktop\Scala_Project\model\Deck.scala. Using presentation compiler with project's scala-library version: 3.3.8
2026.09.22 09:15:22 INFO  no build target found for C:\Users\chidi\Desktop\Scala_Project\model\Deck.scala. Using presentation compiler with project's scala-library version: 3.3.8
2026.09.22 09:15:22 INFO  no build target found for C:\Users\chidi\Desktop\Scala_Project\model\Deck.scala. Using presentation compiler with project's scala-library version: 3.3.8
2026.09.22 09:15:23 INFO  no build target found for C:\Users\chidi\Desktop\Scala_Project\model\Deck.scala. Using presentation compiler with project's scala-library version: 3.3.8
2026.09.22 09:15:24 INFO  no build target found for C:\Users\chidi\Desktop\Scala_Project\model\Deck.scala. Using presentation compiler with project's scala-library version: 3.3.8
2026.09.22 09:15:24 WARN  no build target for: C:\Users\chidi\Desktop\Scala_Project\model\Deck.scala
2026.09.22 09:15:24 INFO  no build target found for C:\Users\chidi\Desktop\Scala_Project\model\Deck.scala. Using presentation compiler with project's scala-library version: 3.3.8
2026.09.22 09:15:25 INFO  no build target found for C:\Users\chidi\Desktop\Scala_Project\model\Deck.scala. Using presentation compiler with project's scala-library version: 3.3.8
2026.09.22 09:15:25 INFO  no build target found for C:\Users\chidi\Desktop\Scala_Project\model\Deck.scala. Using presentation compiler with project's scala-library version: 3.3.8
2026.09.22 09:15:25 INFO  no build target found for C:\Users\chidi\Desktop\Scala_Project\model\Deck.scala. Using presentation compiler with project's scala-library version: 3.3.8
2026.09.22 09:15:25 INFO  no build target found for C:\Users\chidi\Desktop\Scala_Project\model\Deck.scala. Using presentation compiler with project's scala-library version: 3.3.8
2026.09.22 09:15:26 INFO  no build target found for C:\Users\chidi\Desktop\Scala_Project\model\Deck.scala. Using presentation compiler with project's scala-library version: 3.3.8
2026.09.22 09:15:26 INFO  no build target found for C:\Users\chidi\Desktop\Scala_Project\model\Deck.scala. Using presentation compiler with project's scala-library version: 3.3.8
2026.09.22 09:15:26 INFO  no build target found for C:\Users\chidi\Desktop\Scala_Project\model\Deck.scala. Using presentation compiler with project's scala-library version: 3.3.8
2026.09.22 09:15:27 INFO  no build target found for C:\Users\chidi\Desktop\Scala_Project\model\Deck.scala. Using presentation compiler with project's scala-library version: 3.3.8
2026.09.22 09:15:28 INFO  no build target found for C:\Users\chidi\Desktop\Scala_Project\model\Deck.scala. Using presentation compiler with project's scala-library version: 3.3.8
2026.09.22 09:15:28 WARN  no build target for: C:\Users\chidi\Desktop\Scala_Project\model\Deck.scala
2026.09.22 09:15:27 INFO  no build target found for C:\Users\chidi\Desktop\Scala_Project\model\Deck.scala. Using presentation compiler with project's scala-library version: 3.3.8
2026.09.22 09:15:28 INFO  no build target found for C:\Users\chidi\Desktop\Scala_Project\model\Deck.scala. Using presentation compiler with project's scala-library version: 3.3.8
2026.09.22 09:15:28 INFO  no build target found for C:\Users\chidi\Desktop\Scala_Project\model\Deck.scala. Using presentation compiler with project's scala-library version: 3.3.8
2026.09.22 09:15:28 INFO  no build target found for C:\Users\chidi\Desktop\Scala_Project\model\Deck.scala. Using presentation compiler with project's scala-library version: 3.3.8
2026.09.22 09:15:29 INFO  no build target found for C:\Users\chidi\Desktop\Scala_Project\model\Deck.scala. Using presentation compiler with project's scala-library version: 3.3.8
2026.09.22 09:15:29 WARN  no build target for: C:\Users\chidi\Desktop\Scala_Project\model\Deck.scala
2026.09.22 09:15:29 INFO  no build target found for C:\Users\chidi\Desktop\Scala_Project\model\Deck.scala. Using presentation compiler with project's scala-library version: 3.3.8
2026.09.22 09:15:30 INFO  no build target found for C:\Users\chidi\Desktop\Scala_Project\model\Deck.scala. Using presentation compiler with project's scala-library version: 3.3.8
2026.09.22 09:15:30 INFO  no build target found for C:\Users\chidi\Desktop\Scala_Project\model\Deck.scala. Using presentation compiler with project's scala-library version: 3.3.8
2026.09.22 09:15:31 INFO  no build target found for C:\Users\chidi\Desktop\Scala_Project\model\Deck.scala. Using presentation compiler with project's scala-library version: 3.3.8
2026.09.22 09:15:30 INFO  no build target found for C:\Users\chidi\Desktop\Scala_Project\model\Deck.scala. Using presentation compiler with project's scala-library version: 3.3.8
2026.09.22 09:15:33 INFO  no build target found for C:\Users\chidi\Desktop\Scala_Project\model\Deck.scala. Using presentation compiler with project's scala-library version: 3.3.8
2026.09.22 09:15:33 INFO  no build target found for C:\Users\chidi\Desktop\Scala_Project\model\Deck.scala. Using presentation compiler with project's scala-library version: 3.3.8
2026.09.22 09:15:33 INFO  no build target found for C:\Users\chidi\Desktop\Scala_Project\model\Deck.scala. Using presentation compiler with project's scala-library version: 3.3.8
2026.09.22 09:15:33 INFO  no build target found for C:\Users\chidi\Desktop\Scala_Project\model\Deck.scala. Using presentation compiler with project's scala-library version: 3.3.8
2026.09.22 09:15:33 INFO  no build target found for C:\Users\chidi\Desktop\Scala_Project\model\Deck.scala. Using presentation compiler with project's scala-library version: 3.3.8
2026.09.22 09:15:34 INFO  no build target found for C:\Users\chidi\Desktop\Scala_Project\model\Deck.scala. Using presentation compiler with project's scala-library version: 3.3.8
2026.09.22 09:15:35 INFO  no build target found for C:\Users\chidi\Desktop\Scala_Project\model\Deck.scala. Using presentation compiler with project's scala-library version: 3.3.8
2026.09.22 09:15:35 INFO  no build target found for C:\Users\chidi\Desktop\Scala_Project\model\Deck.scala. Using presentation compiler with project's scala-library version: 3.3.8
2026.09.22 09:15:35 INFO  no build target found for C:\Users\chidi\Desktop\Scala_Project\model\Deck.scala. Using presentation compiler with project's scala-library version: 3.3.8
2026.09.22 09:15:39 INFO  no build target found for C:\Users\chidi\Desktop\Scala_Project\model\Deck.scala. Using presentation compiler with project's scala-library version: 3.3.8
2026.09.22 09:15:39 INFO  no build target found for C:\Users\chidi\Desktop\Scala_Project\model\Deck.scala. Using presentation compiler with project's scala-library version: 3.3.8
2026.09.22 09:15:39 INFO  no build target found for C:\Users\chidi\Desktop\Scala_Project\model\Deck.scala. Using presentation compiler with project's scala-library version: 3.3.8
2026.09.22 09:15:39 INFO  no build target found for C:\Users\chidi\Desktop\Scala_Project\model\Deck.scala. Using presentation compiler with project's scala-library version: 3.3.8
2026.09.22 09:15:39 INFO  no build target found for C:\Users\chidi\Desktop\Scala_Project\model\Deck.scala. Using presentation compiler with project's scala-library version: 3.3.8
2026.09.22 09:15:39 INFO  no build target found for C:\Users\chidi\Desktop\Scala_Project\model\Deck.scala. Using presentation compiler with project's scala-library version: 3.3.8
2026.09.22 09:15:40 INFO  no build target found for C:\Users\chidi\Desktop\Scala_Project\model\Deck.scala. Using presentation compiler with project's scala-library version: 3.3.8
2026.09.22 09:15:40 WARN  no build target for: C:\Users\chidi\Desktop\Scala_Project\model\Deck.scala
2026.09.22 09:15:40 INFO  no build target found for C:\Users\chidi\Desktop\Scala_Project\model\Deck.scala. Using presentation compiler with project's scala-library version: 3.3.8
2026.09.22 09:15:40 INFO  no build target found for C:\Users\chidi\Desktop\Scala_Project\model\Deck.scala. Using presentation compiler with project's scala-library version: 3.3.8
2026.09.22 09:15:45 INFO  no build target found for C:\Users\chidi\Desktop\Scala_Project\model\Deck.scala. Using presentation compiler with project's scala-library version: 3.3.8
2026.09.22 09:15:45 INFO  no build target found for C:\Users\chidi\Desktop\Scala_Project\model\Deck.scala. Using presentation compiler with project's scala-library version: 3.3.8
2026.09.22 09:15:45 INFO  no build target found for C:\Users\chidi\Desktop\Scala_Project\model\Deck.scala. Using presentation compiler with project's scala-library version: 3.3.8
2026.09.22 09:15:45 INFO  no build target found for C:\Users\chidi\Desktop\Scala_Project\model\Deck.scala. Using presentation compiler with project's scala-library version: 3.3.8
2026.09.22 09:15:45 INFO  no build target found for C:\Users\chidi\Desktop\Scala_Project\model\Deck.scala. Using presentation compiler with project's scala-library version: 3.3.8
2026.09.22 09:15:45 INFO  no build target found for C:\Users\chidi\Desktop\Scala_Project\model\Deck.scala. Using presentation compiler with project's scala-library version: 3.3.8
2026.09.22 09:15:45 INFO  no build target found for C:\Users\chidi\Desktop\Scala_Project\model\Deck.scala. Using presentation compiler with project's scala-library version: 3.3.8
2026.09.22 09:15:45 INFO  no build target found for C:\Users\chidi\Desktop\Scala_Project\model\Deck.scala. Using presentation compiler with project's scala-library version: 3.3.8
2026.09.22 09:15:46 INFO  no build target found for C:\Users\chidi\Desktop\Scala_Project\model\Deck.scala. Using presentation compiler with project's scala-library version: 3.3.8
2026.09.22 09:15:45 INFO  no build target found for C:\Users\chidi\Desktop\Scala_Project\model\Deck.scala. Using presentation compiler with project's scala-library version: 3.3.8
2026.09.22 09:15:46 INFO  no build target found for C:\Users\chidi\Desktop\Scala_Project\model\Deck.scala. Using presentation compiler with project's scala-library version: 3.3.8
2026.09.22 09:15:46 INFO  no build target found for C:\Users\chidi\Desktop\Scala_Project\model\Deck.scala. Using presentation compiler with project's scala-library version: 3.3.8
2026.09.22 09:15:46 INFO  no build target found for C:\Users\chidi\Desktop\Scala_Project\model\Deck.scala. Using presentation compiler with project's scala-library version: 3.3.8
2026.09.22 09:15:46 INFO  no build target found for C:\Users\chidi\Desktop\Scala_Project\model\Deck.scala. Using presentation compiler with project's scala-library version: 3.3.8
2026.09.22 09:15:46 INFO  no build target found for C:\Users\chidi\Desktop\Scala_Project\model\Deck.scala. Using presentation compiler with project's scala-library version: 3.3.8
2026.09.22 09:15:46 INFO  no build target found for C:\Users\chidi\Desktop\Scala_Project\model\Deck.scala. Using presentation compiler with project's scala-library version: 3.3.8
2026.09.22 09:15:46 INFO  no build target found for C:\Users\chidi\Desktop\Scala_Project\model\Deck.scala. Using presentation compiler with project's scala-library version: 3.3.8
2026.09.22 09:15:46 INFO  no build target found for C:\Users\chidi\Desktop\Scala_Project\model\Deck.scala. Using presentation compiler with project's scala-library version: 3.3.8
2026.09.22 09:15:48 WARN  no build target for: C:\Users\chidi\Desktop\Scala_Project\model\Deck.scala
2026.09.22 09:15:48 INFO  no build target found for C:\Users\chidi\Desktop\Scala_Project\model\Deck.scala. Using presentation compiler with project's scala-library version: 3.3.8
2026.09.22 09:15:48 INFO  no build target found for C:\Users\chidi\Desktop\Scala_Project\model\Deck.scala. Using presentation compiler with project's scala-library version: 3.3.8
2026.09.22 09:15:48 INFO  no build target found for C:\Users\chidi\Desktop\Scala_Project\model\Deck.scala. Using presentation compiler with project's scala-library version: 3.3.8
2026.09.22 09:15:48 INFO  no build target found for C:\Users\chidi\Desktop\Scala_Project\model\Deck.scala. Using presentation compiler with project's scala-library version: 3.3.8
2026.09.22 09:15:53 INFO  no build target found for C:\Users\chidi\Desktop\Scala_Project\model\Deck.scala. Using presentation compiler with project's scala-library version: 3.3.8
2026.09.22 09:15:53 INFO  no build target found for C:\Users\chidi\Desktop\Scala_Project\model\Deck.scala. Using presentation compiler with project's scala-library version: 3.3.8
2026.09.22 09:15:53 INFO  no build target found for C:\Users\chidi\Desktop\Scala_Project\model\Deck.scala. Using presentation compiler with project's scala-library version: 3.3.8
2026.09.22 09:15:53 INFO  no build target found for C:\Users\chidi\Desktop\Scala_Project\model\Deck.scala. Using presentation compiler with project's scala-library version: 3.3.8
2026.09.22 09:15:54 INFO  no build target found for C:\Users\chidi\Desktop\Scala_Project\model\Deck.scala. Using presentation compiler with project's scala-library version: 3.3.8
2026.09.22 09:15:54 INFO  no build target found for C:\Users\chidi\Desktop\Scala_Project\model\Deck.scala. Using presentation compiler with project's scala-library version: 3.3.8
2026.09.22 09:15:54 INFO  no build target found for C:\Users\chidi\Desktop\Scala_Project\model\Deck.scala. Using presentation compiler with project's scala-library version: 3.3.8
2026.09.22 09:15:54 INFO  no build target found for C:\Users\chidi\Desktop\Scala_Project\model\Deck.scala. Using presentation compiler with project's scala-library version: 3.3.8
2026.09.22 09:15:54 INFO  no build target found for C:\Users\chidi\Desktop\Scala_Project\model\Deck.scala. Using presentation compiler with project's scala-library version: 3.3.8
2026.09.22 09:15:54 INFO  no build target found for C:\Users\chidi\Desktop\Scala_Project\model\Deck.scala. Using presentation compiler with project's scala-library version: 3.3.8
2026.09.22 09:15:54 INFO  no build target found for C:\Users\chidi\Desktop\Scala_Project\model\Deck.scala. Using presentation compiler with project's scala-library version: 3.3.8
2026.09.22 09:15:54 INFO  no build target found for C:\Users\chidi\Desktop\Scala_Project\model\Deck.scala. Using presentation compiler with project's scala-library version: 3.3.8
2026.09.22 09:15:54 INFO  no build target found for C:\Users\chidi\Desktop\Scala_Project\model\Deck.scala. Using presentation compiler with project's scala-library version: 3.3.8
2026.09.22 09:15:54 INFO  no build target found for C:\Users\chidi\Desktop\Scala_Project\model\Deck.scala. Using presentation compiler with project's scala-library version: 3.3.8
2026.09.22 09:15:54 INFO  no build target found for C:\Users\chidi\Desktop\Scala_Project\model\Deck.scala. Using presentation compiler with project's scala-library version: 3.3.8
2026.09.22 09:15:54 INFO  no build target found for C:\Users\chidi\Desktop\Scala_Project\model\Deck.scala. Using presentation compiler with project's scala-library version: 3.3.8
2026.09.22 09:15:54 INFO  no build target found for C:\Users\chidi\Desktop\Scala_Project\model\Deck.scala. Using presentation compiler with project's scala-library version: 3.3.8
2026.09.22 09:15:54 INFO  no build target found for C:\Users\chidi\Desktop\Scala_Project\model\Deck.scala. Using presentation compiler with project's scala-library version: 3.3.8
2026.09.22 09:15:55 INFO  no build target found for C:\Users\chidi\Desktop\Scala_Project\model\Deck.scala. Using presentation compiler with project's scala-library version: 3.3.8
2026.09.22 09:15:55 INFO  no build target found for C:\Users\chidi\Desktop\Scala_Project\model\Deck.scala. Using presentation compiler with project's scala-library version: 3.3.8
2026.09.22 09:15:55 INFO  no build target found for C:\Users\chidi\Desktop\Scala_Project\model\Deck.scala. Using presentation compiler with project's scala-library version: 3.3.8
2026.09.22 09:15:55 INFO  no build target found for C:\Users\chidi\Desktop\Scala_Project\model\Deck.scala. Using presentation compiler with project's scala-library version: 3.3.8
2026.09.22 09:15:55 INFO  no build target found for C:\Users\chidi\Desktop\Scala_Project\model\Deck.scala. Using presentation compiler with project's scala-library version: 3.3.8
2026.09.22 09:15:55 INFO  no build target found for C:\Users\chidi\Desktop\Scala_Project\model\Deck.scala. Using presentation compiler with project's scala-library version: 3.3.8
2026.09.22 09:15:55 INFO  no build target found for C:\Users\chidi\Desktop\Scala_Project\model\Deck.scala. Using presentation compiler with project's scala-library version: 3.3.8
2026.09.22 09:15:55 INFO  no build target found for C:\Users\chidi\Desktop\Scala_Project\model\Deck.scala. Using presentation compiler with project's scala-library version: 3.3.8
2026.09.22 09:15:55 INFO  no build target found for C:\Users\chidi\Desktop\Scala_Project\model\Deck.scala. Using presentation compiler with project's scala-library version: 3.3.8
2026.09.22 09:15:55 INFO  no build target found for C:\Users\chidi\Desktop\Scala_Project\model\Deck.scala. Using presentation compiler with project's scala-library version: 3.3.8
2026.09.22 09:15:55 INFO  no build target found for C:\Users\chidi\Desktop\Scala_Project\model\Deck.scala. Using presentation compiler with project's scala-library version: 3.3.8
2026.09.22 09:15:56 INFO  no build target found for C:\Users\chidi\Desktop\Scala_Project\model\Deck.scala. Using presentation compiler with project's scala-library version: 3.3.8
2026.09.22 09:15:55 INFO  no build target found for C:\Users\chidi\Desktop\Scala_Project\model\Deck.scala. Using presentation compiler with project's scala-library version: 3.3.8
2026.09.22 09:15:56 INFO  no build target found for C:\Users\chidi\Desktop\Scala_Project\model\Deck.scala. Using presentation compiler with project's scala-library version: 3.3.8
2026.09.22 09:15:56 INFO  no build target found for C:\Users\chidi\Desktop\Scala_Project\model\Deck.scala. Using presentation compiler with project's scala-library version: 3.3.8
2026.09.22 09:15:56 INFO  no build target found for C:\Users\chidi\Desktop\Scala_Project\model\Deck.scala. Using presentation compiler with project's scala-library version: 3.3.8
2026.09.22 09:15:56 INFO  no build target found for C:\Users\chidi\Desktop\Scala_Project\model\Deck.scala. Using presentation compiler with project's scala-library version: 3.3.8
2026.09.22 09:15:56 INFO  no build target found for C:\Users\chidi\Desktop\Scala_Project\model\Deck.scala. Using presentation compiler with project's scala-library version: 3.3.8
2026.09.22 09:15:57 INFO  no build target found for C:\Users\chidi\Desktop\Scala_Project\model\Deck.scala. Using presentation compiler with project's scala-library version: 3.3.8
2026.09.22 09:15:57 WARN  no build target for: C:\Users\chidi\Desktop\Scala_Project\model\Deck.scala
2026.09.22 09:15:56 INFO  no build target found for C:\Users\chidi\Desktop\Scala_Project\model\Deck.scala. Using presentation compiler with project's scala-library version: 3.3.8
2026.09.22 09:15:58 INFO  no build target found for C:\Users\chidi\Desktop\Scala_Project\model\Deck.scala. Using presentation compiler with project's scala-library version: 3.3.8
2026.09.22 09:15:58 INFO  no build target found for C:\Users\chidi\Desktop\Scala_Project\model\Deck.scala. Using presentation compiler with project's scala-library version: 3.3.8
2026.09.22 09:15:58 INFO  no build target found for C:\Users\chidi\Desktop\Scala_Project\model\Deck.scala. Using presentation compiler with project's scala-library version: 3.3.8
2026.09.22 09:15:58 INFO  no build target found for C:\Users\chidi\Desktop\Scala_Project\model\Deck.scala. Using presentation compiler with project's scala-library version: 3.3.8
2026.09.22 09:15:58 INFO  no build target found for C:\Users\chidi\Desktop\Scala_Project\model\Deck.scala. Using presentation compiler with project's scala-library version: 3.3.8
2026.09.22 09:15:59 INFO  no build target found for C:\Users\chidi\Desktop\Scala_Project\model\Deck.scala. Using presentation compiler with project's scala-library version: 3.3.8
2026.09.22 09:15:59 INFO  no build target found for C:\Users\chidi\Desktop\Scala_Project\model\Deck.scala. Using presentation compiler with project's scala-library version: 3.3.8
2026.09.22 09:15:59 INFO  no build target found for C:\Users\chidi\Desktop\Scala_Project\model\Deck.scala. Using presentation compiler with project's scala-library version: 3.3.8
2026.09.22 09:15:59 INFO  no build target found for C:\Users\chidi\Desktop\Scala_Project\model\Deck.scala. Using presentation compiler with project's scala-library version: 3.3.8
2026.09.22 09:15:59 INFO  no build target found for C:\Users\chidi\Desktop\Scala_Project\model\Deck.scala. Using presentation compiler with project's scala-library version: 3.3.8
2026.09.22 09:15:59 INFO  no build target found for C:\Users\chidi\Desktop\Scala_Project\model\Deck.scala. Using presentation compiler with project's scala-library version: 3.3.8
2026.09.22 09:16:00 INFO  no build target found for C:\Users\chidi\Desktop\Scala_Project\model\Deck.scala. Using presentation compiler with project's scala-library version: 3.3.8
2026.09.22 09:15:59 INFO  no build target found for C:\Users\chidi\Desktop\Scala_Project\model\Deck.scala. Using presentation compiler with project's scala-library version: 3.3.8
2026.09.22 09:15:59 INFO  no build target found for C:\Users\chidi\Desktop\Scala_Project\model\Deck.scala. Using presentation compiler with project's scala-library version: 3.3.8
2026.09.22 09:15:59 INFO  no build target found for C:\Users\chidi\Desktop\Scala_Project\model\Deck.scala. Using presentation compiler with project's scala-library version: 3.3.8
2026.09.22 09:15:59 INFO  no build target found for C:\Users\chidi\Desktop\Scala_Project\model\Deck.scala. Using presentation compiler with project's scala-library version: 3.3.8
2026.09.22 09:15:59 INFO  no build target found for C:\Users\chidi\Desktop\Scala_Project\model\Deck.scala. Using presentation compiler with project's scala-library version: 3.3.8
2026.09.22 09:16:00 INFO  no build target found for C:\Users\chidi\Desktop\Scala_Project\model\Deck.scala. Using presentation compiler with project's scala-library version: 3.3.8
2026.09.22 09:15:59 INFO  no build target found for C:\Users\chidi\Desktop\Scala_Project\model\Deck.scala. Using presentation compiler with project's scala-library version: 3.3.8
2026.09.22 09:15:59 INFO  no build target found for C:\Users\chidi\Desktop\Scala_Project\model\Deck.scala. Using presentation compiler with project's scala-library version: 3.3.8
2026.09.22 09:16:01 INFO  no build target found for C:\Users\chidi\Desktop\Scala_Project\model\Deck.scala. Using presentation compiler with project's scala-library version: 3.3.8
2026.09.22 09:16:01 WARN  no build target for: C:\Users\chidi\Desktop\Scala_Project\model\Deck.scala
2026.09.22 09:16:01 INFO  no build target found for C:\Users\chidi\Desktop\Scala_Project\model\Deck.scala. Using presentation compiler with project's scala-library version: 3.3.8
2026.09.22 09:16:02 INFO  no build target found for C:\Users\chidi\Desktop\Scala_Project\model\Deck.scala. Using presentation compiler with project's scala-library version: 3.3.8
2026.09.22 09:16:02 INFO  no build target found for C:\Users\chidi\Desktop\Scala_Project\model\Deck.scala. Using presentation compiler with project's scala-library version: 3.3.8
2026.09.22 09:16:02 INFO  no build target found for C:\Users\chidi\Desktop\Scala_Project\model\Deck.scala. Using presentation compiler with project's scala-library version: 3.3.8
2026.09.22 09:16:02 INFO  no build target found for C:\Users\chidi\Desktop\Scala_Project\model\Deck.scala. Using presentation compiler with project's scala-library version: 3.3.8
2026.09.22 09:16:02 INFO  no build target found for C:\Users\chidi\Desktop\Scala_Project\model\Deck.scala. Using presentation compiler with project's scala-library version: 3.3.8
2026.09.22 09:16:01 INFO  no build target found for C:\Users\chidi\Desktop\Scala_Project\model\Deck.scala. Using presentation compiler with project's scala-library version: 3.3.8
2026.09.22 09:16:02 INFO  no build target found for C:\Users\chidi\Desktop\Scala_Project\model\Deck.scala. Using presentation compiler with project's scala-library version: 3.3.8
2026.09.22 09:16:02 INFO  no build target found for C:\Users\chidi\Desktop\Scala_Project\model\Deck.scala. Using presentation compiler with project's scala-library version: 3.3.8
2026.09.22 09:16:02 INFO  no build target found for C:\Users\chidi\Desktop\Scala_Project\model\Deck.scala. Using presentation compiler with project's scala-library version: 3.3.8
2026.09.22 09:16:02 INFO  no build target found for C:\Users\chidi\Desktop\Scala_Project\model\Deck.scala. Using presentation compiler with project's scala-library version: 3.3.8
2026.09.22 09:16:02 INFO  no build target found for C:\Users\chidi\Desktop\Scala_Project\model\Deck.scala. Using presentation compiler with project's scala-library version: 3.3.8
2026.09.22 09:16:02 INFO  no build target found for C:\Users\chidi\Desktop\Scala_Project\model\Deck.scala. Using presentation compiler with project's scala-library version: 3.3.8
2026.09.22 09:16:03 INFO  no build target found for C:\Users\chidi\Desktop\Scala_Project\model\Deck.scala. Using presentation compiler with project's scala-library version: 3.3.8
2026.09.22 09:16:03 INFO  no build target found for C:\Users\chidi\Desktop\Scala_Project\model\Deck.scala. Using presentation compiler with project's scala-library version: 3.3.8
2026.09.22 09:16:03 INFO  no build target found for C:\Users\chidi\Desktop\Scala_Project\model\Deck.scala. Using presentation compiler with project's scala-library version: 3.3.8
2026.09.22 09:16:03 INFO  no build target found for C:\Users\chidi\Desktop\Scala_Project\model\Deck.scala. Using presentation compiler with project's scala-library version: 3.3.8
2026.09.22 09:16:03 INFO  no build target found for C:\Users\chidi\Desktop\Scala_Project\model\Deck.scala. Using presentation compiler with project's scala-library version: 3.3.8
2026.09.22 09:16:03 INFO  no build target found for C:\Users\chidi\Desktop\Scala_Project\model\Deck.scala. Using presentation compiler with project's scala-library version: 3.3.8
2026.09.22 09:16:03 INFO  no build target found for C:\Users\chidi\Desktop\Scala_Project\model\Deck.scala. Using presentation compiler with project's scala-library version: 3.3.8
2026.09.22 09:16:04 INFO  no build target found for C:\Users\chidi\Desktop\Scala_Project\model\Deck.scala. Using presentation compiler with project's scala-library version: 3.3.8
2026.09.22 09:16:03 INFO  no build target found for C:\Users\chidi\Desktop\Scala_Project\model\Deck.scala. Using presentation compiler with project's scala-library version: 3.3.8
2026.09.22 09:16:04 INFO  no build target found for C:\Users\chidi\Desktop\Scala_Project\model\Deck.scala. Using presentation compiler with project's scala-library version: 3.3.8
2026.09.22 09:16:04 INFO  no build target found for C:\Users\chidi\Desktop\Scala_Project\model\Deck.scala. Using presentation compiler with project's scala-library version: 3.3.8
2026.09.22 09:16:04 INFO  no build target found for C:\Users\chidi\Desktop\Scala_Project\model\Deck.scala. Using presentation compiler with project's scala-library version: 3.3.8
2026.09.22 09:16:04 INFO  no build target found for C:\Users\chidi\Desktop\Scala_Project\model\Deck.scala. Using presentation compiler with project's scala-library version: 3.3.8
2026.09.22 09:16:04 INFO  no build target found for C:\Users\chidi\Desktop\Scala_Project\model\Deck.scala. Using presentation compiler with project's scala-library version: 3.3.8
2026.09.22 09:16:04 INFO  no build target found for C:\Users\chidi\Desktop\Scala_Project\model\Deck.scala. Using presentation compiler with project's scala-library version: 3.3.8
2026.09.22 09:16:04 INFO  no build target found for C:\Users\chidi\Desktop\Scala_Project\model\Deck.scala. Using presentation compiler with project's scala-library version: 3.3.8
2026.09.22 09:16:04 INFO  no build target found for C:\Users\chidi\Desktop\Scala_Project\model\Deck.scala. Using presentation compiler with project's scala-library version: 3.3.8
2026.09.22 09:16:04 INFO  no build target found for C:\Users\chidi\Desktop\Scala_Project\model\Deck.scala. Using presentation compiler with project's scala-library version: 3.3.8
2026.09.22 09:16:04 INFO  no build target found for C:\Users\chidi\Desktop\Scala_Project\model\Deck.scala. Using presentation compiler with project's scala-library version: 3.3.8
2026.09.22 09:16:04 INFO  no build target found for C:\Users\chidi\Desktop\Scala_Project\model\Deck.scala. Using presentation compiler with project's scala-library version: 3.3.8
2026.09.22 09:16:04 INFO  no build target found for C:\Users\chidi\Desktop\Scala_Project\model\Deck.scala. Using presentation compiler with project's scala-library version: 3.3.8
2026.09.22 09:16:04 INFO  no build target found for C:\Users\chidi\Desktop\Scala_Project\model\Deck.scala. Using presentation compiler with project's scala-library version: 3.3.8
2026.09.22 09:16:05 INFO  no build target found for C:\Users\chidi\Desktop\Scala_Project\model\Deck.scala. Using presentation compiler with project's scala-library version: 3.3.8
2026.09.22 09:16:05 WARN  no build target for: C:\Users\chidi\Desktop\Scala_Project\model\Deck.scala
2026.09.22 09:16:05 INFO  no build target found for C:\Users\chidi\Desktop\Scala_Project\model\Deck.scala. Using presentation compiler with project's scala-library version: 3.3.8
2026.09.22 09:46:23 INFO  no build target found for C:\Users\chidi\Desktop\Scala_Project\model\Deck.scala. Using presentation compiler with project's scala-library version: 3.3.8
2026.09.22 09:46:30 INFO  no build target found for C:\Users\chidi\Desktop\Scala_Project\model\Deck.scala. Using presentation compiler with project's scala-library version: 3.3.8
2026.09.22 09:46:30 INFO  no build target found for C:\Users\chidi\Desktop\Scala_Project\model\Deck.scala. Using presentation compiler with project's scala-library version: 3.3.8
2026.09.22 09:46:30 INFO  no build target found for C:\Users\chidi\Desktop\Scala_Project\model\Deck.scala. Using presentation compiler with project's scala-library version: 3.3.8
2026.09.22 09:46:30 INFO  Created report: Optional[file:///C:/Users/chidi/Desktop/Scala_Project/model/Deck.scala]
2026.09.22 09:46:30 INFO  empty definition using pc, found symbol in pc: scala/package.Vector# (full report at: "C:\Users\chidi\Desktop\Scala_Project\.metals\.reports\metals-full\2026-09-22\r_empty-definition_09-46-30-478.md")
2026.09.22 09:46:37 INFO  no build target found for C:\Users\chidi\Desktop\Scala_Project\model\Card.scala. Using presentation compiler with project's scala-library version: 3.3.8
2026.09.22 09:46:37 WARN  no build target for: C:\Users\chidi\Desktop\Scala_Project\model\Card.scala
Sept. 22, 2026 9:46:37 AM org.eclipse.lsp4j.jsonrpc.RemoteEndpoint handleCancellation
WARNUNG: Unmatched cancel notification for request id 2358
2026.09.22 09:46:37 INFO  no build target found for C:\Users\chidi\Desktop\Scala_Project\model\Card.scala. Using presentation compiler with project's scala-library version: 3.3.8
2026.09.22 09:46:37 INFO  no build target found for C:\Users\chidi\Desktop\Scala_Project\model\Card.scala. Using presentation compiler with project's scala-library version: 3.3.8
2026.09.22 09:46:37 INFO  no build target found for C:\Users\chidi\Desktop\Scala_Project\model\Card.scala. Using presentation compiler with project's scala-library version: 3.3.8
2026.09.22 09:46:37 INFO  no build target found for C:\Users\chidi\Desktop\Scala_Project\model\Card.scala. Using presentation compiler with project's scala-library version: 3.3.8
2026.09.22 09:46:37 INFO  no build target found for C:\Users\chidi\Desktop\Scala_Project\model\Card.scala. Using presentation compiler with project's scala-library version: 3.3.8
2026.09.22 09:46:38 INFO  no build target found for C:\Users\chidi\Desktop\Scala_Project\model\Card.scala. Using presentation compiler with project's scala-library version: 3.3.8
2026.09.22 09:46:38 INFO  no build target found for C:\Users\chidi\Desktop\Scala_Project\model\Card.scala. Using presentation compiler with project's scala-library version: 3.3.8
2026.09.22 09:46:38 INFO  no build target found for C:\Users\chidi\Desktop\Scala_Project\model\Card.scala. Using presentation compiler with project's scala-library version: 3.3.8
2026.09.22 09:46:38 INFO  no build target found for C:\Users\chidi\Desktop\Scala_Project\model\Card.scala. Using presentation compiler with project's scala-library version: 3.3.8
2026.09.22 09:46:43 INFO  no build target found for C:\Users\chidi\Desktop\Scala_Project\Main.scala. Using presentation compiler with project's scala-library version: 3.3.8
2026.09.22 09:46:43 WARN  no build target for: C:\Users\chidi\Desktop\Scala_Project\Main.scala
2026.09.22 09:46:43 INFO  no build target found for C:\Users\chidi\Desktop\Scala_Project\Main.scala. Using presentation compiler with project's scala-library version: 3.3.8
2026.09.22 09:46:43 INFO  no build target found for C:\Users\chidi\Desktop\Scala_Project\Main.scala. Using presentation compiler with project's scala-library version: 3.3.8
2026.09.22 09:46:43 INFO  no build target found for C:\Users\chidi\Desktop\Scala_Project\Main.scala. Using presentation compiler with project's scala-library version: 3.3.8
2026.09.22 09:46:44 INFO  no build target found for C:\Users\chidi\Desktop\Scala_Project\Main.scala. Using presentation compiler with project's scala-library version: 3.3.8
2026.09.22 09:46:44 INFO  no build target found for C:\Users\chidi\Desktop\Scala_Project\Main.scala. Using presentation compiler with project's scala-library version: 3.3.8
2026.09.22 09:47:44 INFO  no build target found for C:\Users\chidi\Desktop\Scala_Project\model\Player.scala. Using presentation compiler with project's scala-library version: 3.3.8
2026.09.22 09:47:44 WARN  Could not find semantic tokens for: file:///C:/Users/chidi/Desktop/Scala_Project/model/Player.scala
2026.09.22 09:47:54 INFO  no build target found for C:\Users\chidi\Desktop\Scala_Project\model\Player.scala. Using presentation compiler with project's scala-library version: 3.3.8
2026.09.22 09:47:54 INFO  no build target found for C:\Users\chidi\Desktop\Scala_Project\model\Player.scala. Using presentation compiler with project's scala-library version: 3.3.8
2026.09.22 09:47:54 INFO  no build target found for C:\Users\chidi\Desktop\Scala_Project\model\Player.scala. Using presentation compiler with project's scala-library version: 3.3.8
2026.09.22 09:47:55 INFO  no build target found for C:\Users\chidi\Desktop\Scala_Project\model\Player.scala. Using presentation compiler with project's scala-library version: 3.3.8
2026.09.22 09:47:56 WARN  no build target for: C:\Users\chidi\Desktop\Scala_Project\model\Player.scala
2026.09.22 09:47:55 INFO  no build target found for C:\Users\chidi\Desktop\Scala_Project\model\Player.scala. Using presentation compiler with project's scala-library version: 3.3.8
2026.09.22 09:47:56 INFO  no build target found for C:\Users\chidi\Desktop\Scala_Project\model\Player.scala. Using presentation compiler with project's scala-library version: 3.3.8
2026.09.22 09:49:12 INFO  no build target found for C:\Users\chidi\Desktop\Scala_Project\model\Player.scala. Using presentation compiler with project's scala-library version: 3.3.8
2026.09.22 09:49:16 INFO  no build target found for C:\Users\chidi\Desktop\Scala_Project\model\Action.scala. Using presentation compiler with project's scala-library version: 3.3.8
2026.09.22 09:49:16 WARN  Could not find semantic tokens for: file:///C:/Users/chidi/Desktop/Scala_Project/model/Action.scala
2026.09.22 09:50:18 INFO  no build target found for C:\Users\chidi\Desktop\Scala_Project\model\Action.scala. Using presentation compiler with project's scala-library version: 3.3.8
2026.09.22 09:50:18 INFO  no build target found for C:\Users\chidi\Desktop\Scala_Project\model\Action.scala. Using presentation compiler with project's scala-library version: 3.3.8
2026.09.22 09:50:18 INFO  no build target found for C:\Users\chidi\Desktop\Scala_Project\model\Action.scala. Using presentation compiler with project's scala-library version: 3.3.8
2026.09.22 09:50:19 INFO  no build target found for C:\Users\chidi\Desktop\Scala_Project\model\Action.scala. Using presentation compiler with project's scala-library version: 3.3.8
2026.09.22 09:50:19 WARN  no build target for: C:\Users\chidi\Desktop\Scala_Project\model\Action.scala
2026.09.22 09:50:19 INFO  no build target found for C:\Users\chidi\Desktop\Scala_Project\model\Action.scala. Using presentation compiler with project's scala-library version: 3.3.8
2026.09.22 09:50:23 INFO  no build target found for C:\Users\chidi\Desktop\Scala_Project\model\Action.scala. Using presentation compiler with project's scala-library version: 3.3.8
2026.09.22 09:50:23 INFO  no build target found for C:\Users\chidi\Desktop\Scala_Project\model\Action.scala. Using presentation compiler with project's scala-library version: 3.3.8
2026.09.22 09:50:48 INFO  no build target found for C:\Users\chidi\Desktop\Scala_Project\model\GameState.scala. Using presentation compiler with project's scala-library version: 3.3.8
2026.09.22 09:50:48 WARN  Could not find semantic tokens for: file:///C:/Users/chidi/Desktop/Scala_Project/model/GameState.scala
2026.09.22 09:50:51 INFO  no build target found for C:\Users\chidi\Desktop\Scala_Project\model\GameState.scala. Using presentation compiler with project's scala-library version: 3.3.8
2026.09.22 09:50:51 INFO  no build target found for C:\Users\chidi\Desktop\Scala_Project\model\GameState.scala. Using presentation compiler with project's scala-library version: 3.3.8
2026.09.22 09:50:51 INFO  no build target found for C:\Users\chidi\Desktop\Scala_Project\model\GameState.scala. Using presentation compiler with project's scala-library version: 3.3.8
2026.09.22 09:50:51 INFO  no build target found for C:\Users\chidi\Desktop\Scala_Project\model\GameState.scala. Using presentation compiler with project's scala-library version: 3.3.8
2026.09.22 09:50:52 WARN  no build target for: C:\Users\chidi\Desktop\Scala_Project\model\GameState.scala
2026.09.22 09:50:52 INFO  no build target found for C:\Users\chidi\Desktop\Scala_Project\model\GameState.scala. Using presentation compiler with project's scala-library version: 3.3.8
2026.09.22 09:50:51 INFO  no build target found for C:\Users\chidi\Desktop\Scala_Project\model\GameState.scala. Using presentation compiler with project's scala-library version: 3.3.8
2026.09.22 09:50:53 INFO  no build target found for C:\Users\chidi\Desktop\Scala_Project\model\GameState.scala. Using presentation compiler with project's scala-library version: 3.3.8
2026.09.22 10:11:50 INFO  no build target found for C:\Users\chidi\Desktop\Scala_Project\model\GameState.scala. Using presentation compiler with project's scala-library version: 3.3.8
2026.09.22 10:11:55 INFO  no build target found for C:\Users\chidi\Desktop\Scala_Project\model\GameState.scala. Using presentation compiler with project's scala-library version: 3.3.8
2026.09.22 10:11:55 INFO  no build target found for C:\Users\chidi\Desktop\Scala_Project\model\GameState.scala. Using presentation compiler with project's scala-library version: 3.3.8
2026.09.22 10:11:55 INFO  no build target found for C:\Users\chidi\Desktop\Scala_Project\model\GameState.scala. Using presentation compiler with project's scala-library version: 3.3.8
2026.09.22 10:23:18 INFO  no build target found for C:\Users\chidi\Desktop\Scala_Project\model\GameState.scala. Using presentation compiler with project's scala-library version: 3.3.8
2026.09.22 11:21:32 INFO  no build target found for C:\Users\chidi\Desktop\Scala_Project\model\Action.scala. Using presentation compiler with project's scala-library version: 3.3.8
2026.09.22 11:21:32 WARN  no build target for: C:\Users\chidi\Desktop\Scala_Project\model\Action.scala
Sept. 22, 2026 11:21:32 AM org.eclipse.lsp4j.jsonrpc.RemoteEndpoint handleCancellation
WARNUNG: Unmatched cancel notification for request id 2521
2026.09.22 11:21:32 INFO  no build target found for C:\Users\chidi\Desktop\Scala_Project\model\Action.scala. Using presentation compiler with project's scala-library version: 3.3.8
2026.09.22 11:21:32 INFO  no build target found for C:\Users\chidi\Desktop\Scala_Project\model\Action.scala. Using presentation compiler with project's scala-library version: 3.3.8
2026.09.22 11:21:32 INFO  no build target found for C:\Users\chidi\Desktop\Scala_Project\model\Action.scala. Using presentation compiler with project's scala-library version: 3.3.8
2026.09.22 11:21:33 INFO  no build target found for C:\Users\chidi\Desktop\Scala_Project\model\Action.scala. Using presentation compiler with project's scala-library version: 3.3.8
2026.09.22 11:21:33 INFO  no build target found for C:\Users\chidi\Desktop\Scala_Project\model\Action.scala. Using presentation compiler with project's scala-library version: 3.3.8
2026.09.22 11:21:33 INFO  no build target found for C:\Users\chidi\Desktop\Scala_Project\model\Action.scala. Using presentation compiler with project's scala-library version: 3.3.8
2026.09.22 11:25:17 INFO  no build target found for C:\Users\chidi\Desktop\Scala_Project\model\Action.scala. Using presentation compiler with project's scala-library version: 3.3.8
2026.09.22 11:25:17 INFO  no build target found for C:\Users\chidi\Desktop\Scala_Project\model\Action.scala. Using presentation compiler with project's scala-library version: 3.3.8
2026.09.22 11:25:17 INFO  no build target found for C:\Users\chidi\Desktop\Scala_Project\model\Action.scala. Using presentation compiler with project's scala-library version: 3.3.8
2026.09.22 11:25:17 INFO  no build target found for C:\Users\chidi\Desktop\Scala_Project\model\Action.scala. Using presentation compiler with project's scala-library version: 3.3.8
2026.09.22 11:25:17 INFO  no build target found for C:\Users\chidi\Desktop\Scala_Project\model\Action.scala. Using presentation compiler with project's scala-library version: 3.3.8
2026.09.22 11:25:17 INFO  no build target found for C:\Users\chidi\Desktop\Scala_Project\model\Action.scala. Using presentation compiler with project's scala-library version: 3.3.8
2026.09.22 11:25:17 INFO  no build target found for C:\Users\chidi\Desktop\Scala_Project\model\Action.scala. Using presentation compiler with project's scala-library version: 3.3.8
2026.09.22 11:25:18 WARN  no build target for: C:\Users\chidi\Desktop\Scala_Project\model\Action.scala
2026.09.22 11:25:18 INFO  no build target found for C:\Users\chidi\Desktop\Scala_Project\model\Action.scala. Using presentation compiler with project's scala-library version: 3.3.8
2026.09.22 11:25:19 INFO  no build target found for C:\Users\chidi\Desktop\Scala_Project\model\Action.scala. Using presentation compiler with project's scala-library version: 3.3.8
2026.09.22 11:25:19 INFO  no build target found for C:\Users\chidi\Desktop\Scala_Project\model\Action.scala. Using presentation compiler with project's scala-library version: 3.3.8
2026.09.22 11:25:20 INFO  no build target found for C:\Users\chidi\Desktop\Scala_Project\model\Action.scala. Using presentation compiler with project's scala-library version: 3.3.8
2026.09.22 11:25:20 INFO  no build target found for C:\Users\chidi\Desktop\Scala_Project\model\Action.scala. Using presentation compiler with project's scala-library version: 3.3.8
2026.09.22 11:25:20 WARN  no build target for: C:\Users\chidi\Desktop\Scala_Project\model\Action.scala
2026.09.22 11:25:20 INFO  no build target found for C:\Users\chidi\Desktop\Scala_Project\model\Action.scala. Using presentation compiler with project's scala-library version: 3.3.8
2026.09.22 11:39:45 INFO  no build target found for C:\Users\chidi\Desktop\Scala_Project\model\Action.scala. Using presentation compiler with project's scala-library version: 3.3.8
2026.09.22 11:39:46 INFO  Shutting down server
2026.09.22 11:39:46 INFO  Memory monitor stopped
2026.09.22 11:39:46 INFO  shutting down Metals
2026.09.22 11:39:46 INFO  Exiting server
2026.09.29 08:18:40 INFO  Started: Metals version 1.6.9 in folders 'C:\Users\chidi\Desktop\Scala_Project' for client Visual Studio Code 1.138.0.
2026.09.29 08:18:40 INFO  Memory monitor started
2026.09.29 08:18:42 WARN  Using H2 2.5.250 which is newer than the version Flyway has been verified with. The latest verified version of H2 is 2.3.232.
2026.09.29 08:18:42 INFO  no build target found for C:\Users\chidi\Desktop\Scala_Project\model\Action.scala. Using presentation compiler with project's scala-library version: 3.3.8
2026.09.29 08:18:46 INFO  no build target found for C:\Users\chidi\Desktop\Scala_Project\model\Action.scala. Using presentation compiler with project's scala-library version: 3.3.8
2026.09.29 08:18:48 INFO  no build target found for C:\Users\chidi\Desktop\Scala_Project\build.sbt. Using presentation compiler with project's scala-library version: 3.3.8
2026.09.29 08:18:48 WARN  no build target for: C:\Users\chidi\Desktop\Scala_Project\build.sbt
2026.09.29 08:18:55 INFO  no build target found for C:\Users\chidi\Desktop\Scala_Project\model\Action.scala. Using presentation compiler with project's scala-library version: 3.3.8
2026.09.29 08:19:07 INFO  no build target found for C:\Users\chidi\Desktop\Scala_Project\Main.scala. Using presentation compiler with project's scala-library version: 3.3.8
2026.09.29 08:19:07 INFO  no build target found for C:\Users\chidi\Desktop\Scala_Project\Main.scala. Using presentation compiler with project's scala-library version: 3.3.8
Sept. 29, 2026 8:19:07 AM org.eclipse.lsp4j.jsonrpc.RemoteEndpoint handleCancellation
WARNUNG: Unmatched cancel notification for request id 10
2026.09.29 08:19:07 INFO  no build target found for C:\Users\chidi\Desktop\Scala_Project\Main.scala. Using presentation compiler with project's scala-library version: 3.3.8
2026.09.29 08:19:07 INFO  no build target found for C:\Users\chidi\Desktop\Scala_Project\Main.scala. Using presentation compiler with project's scala-library version: 3.3.8
2026.09.29 08:19:33 INFO  no build target found for C:\Users\chidi\Desktop\Scala_Project\model\Player.scala. Using presentation compiler with project's scala-library version: 3.3.8
2026.09.29 08:19:33 INFO  no build target found for C:\Users\chidi\Desktop\Scala_Project\model\Player.scala. Using presentation compiler with project's scala-library version: 3.3.8
2026.09.29 08:19:33 INFO  no build target found for C:\Users\chidi\Desktop\Scala_Project\model\Player.scala. Using presentation compiler with project's scala-library version: 3.3.8
2026.09.29 08:19:33 INFO  no build target found for C:\Users\chidi\Desktop\Scala_Project\model\Player.scala. Using presentation compiler with project's scala-library version: 3.3.8
Sept. 29, 2026 8:19:33 AM org.eclipse.lsp4j.jsonrpc.RemoteEndpoint handleCancellation
WARNUNG: Unmatched cancel notification for request id 26
2026.09.29 08:19:43 INFO  no build target found for C:\Users\chidi\Desktop\Scala_Project\model\Player.scala. Using presentation compiler with project's scala-library version: 3.3.8
2026.09.29 08:19:43 INFO  no build target found for C:\Users\chidi\Desktop\Scala_Project\model\Player.scala. Using presentation compiler with project's scala-library version: 3.3.8
2026.09.29 08:19:43 INFO  no build target found for C:\Users\chidi\Desktop\Scala_Project\model\Player.scala. Using presentation compiler with project's scala-library version: 3.3.8
2026.09.29 08:19:44 INFO  no build target found for C:\Users\chidi\Desktop\Scala_Project\model\Player.scala. Using presentation compiler with project's scala-library version: 3.3.8
2026.09.29 08:19:43 INFO  no build target found for C:\Users\chidi\Desktop\Scala_Project\model\Player.scala. Using presentation compiler with project's scala-library version: 3.3.8
2026.09.29 08:19:43 INFO  no build target found for C:\Users\chidi\Desktop\Scala_Project\model\Player.scala. Using presentation compiler with project's scala-library version: 3.3.8
2026.09.29 08:19:45 INFO  no build target found for C:\Users\chidi\Desktop\Scala_Project\model\Player.scala. Using presentation compiler with project's scala-library version: 3.3.8
2026.09.29 08:19:45 INFO  no build target found for C:\Users\chidi\Desktop\Scala_Project\model\Player.scala. Using presentation compiler with project's scala-library version: 3.3.8
2026.09.29 08:19:45 INFO  no build target found for C:\Users\chidi\Desktop\Scala_Project\model\Player.scala. Using presentation compiler with project's scala-library version: 3.3.8
2026.09.29 08:19:46 INFO  no build target found for C:\Users\chidi\Desktop\Scala_Project\model\Player.scala. Using presentation compiler with project's scala-library version: 3.3.8
2026.09.29 08:19:46 WARN  no build target for: C:\Users\chidi\Desktop\Scala_Project\model\Player.scala
2026.09.29 08:19:46 INFO  no build target found for C:\Users\chidi\Desktop\Scala_Project\model\Player.scala. Using presentation compiler with project's scala-library version: 3.3.8
2026.09.29 08:19:46 INFO  no build target found for C:\Users\chidi\Desktop\Scala_Project\model\Player.scala. Using presentation compiler with project's scala-library version: 3.3.8
2026.09.29 08:19:46 INFO  no build target found for C:\Users\chidi\Desktop\Scala_Project\model\Player.scala. Using presentation compiler with project's scala-library version: 3.3.8
2026.09.29 08:19:46 INFO  no build target found for C:\Users\chidi\Desktop\Scala_Project\model\Player.scala. Using presentation compiler with project's scala-library version: 3.3.8
2026.09.29 08:19:47 INFO  no build target found for C:\Users\chidi\Desktop\Scala_Project\model\Player.scala. Using presentation compiler with project's scala-library version: 3.3.8
2026.09.29 08:19:47 INFO  no build target found for C:\Users\chidi\Desktop\Scala_Project\model\Player.scala. Using presentation compiler with project's scala-library version: 3.3.8
2026.09.29 08:19:47 WARN  no build target for: C:\Users\chidi\Desktop\Scala_Project\model\Player.scala
2026.09.29 08:19:47 INFO  no build target found for C:\Users\chidi\Desktop\Scala_Project\model\Player.scala. Using presentation compiler with project's scala-library version: 3.3.8
2026.09.29 08:19:50 INFO  no build target found for C:\Users\chidi\Desktop\Scala_Project\model\Player.scala. Using presentation compiler with project's scala-library version: 3.3.8
2026.09.29 08:19:50 INFO  no build target found for C:\Users\chidi\Desktop\Scala_Project\model\Player.scala. Using presentation compiler with project's scala-library version: 3.3.8
2026.09.29 08:19:50 INFO  no build target found for C:\Users\chidi\Desktop\Scala_Project\model\Player.scala. Using presentation compiler with project's scala-library version: 3.3.8
2026.09.29 08:19:50 INFO  no build target found for C:\Users\chidi\Desktop\Scala_Project\model\Player.scala. Using presentation compiler with project's scala-library version: 3.3.8
2026.09.29 08:19:51 WARN  no build target for: C:\Users\chidi\Desktop\Scala_Project\model\Player.scala
2026.09.29 08:19:51 INFO  no build target found for C:\Users\chidi\Desktop\Scala_Project\model\Player.scala. Using presentation compiler with project's scala-library version: 3.3.8
2026.09.29 08:19:51 INFO  no build target found for C:\Users\chidi\Desktop\Scala_Project\model\Player.scala. Using presentation compiler with project's scala-library version: 3.3.8
2026.09.29 08:19:52 WARN  no build target for: C:\Users\chidi\Desktop\Scala_Project\model\Player.scala
2026.09.29 08:19:52 INFO  no build target found for C:\Users\chidi\Desktop\Scala_Project\model\Player.scala. Using presentation compiler with project's scala-library version: 3.3.8
2026.09.29 08:20:04 INFO  no build target found for C:\Users\chidi\Desktop\Scala_Project\Main.scala. Using presentation compiler with project's scala-library version: 3.3.8
2026.09.29 08:20:04 WARN  no build target for: C:\Users\chidi\Desktop\Scala_Project\Main.scala
2026.09.29 08:20:04 INFO  no build target found for C:\Users\chidi\Desktop\Scala_Project\Main.scala. Using presentation compiler with project's scala-library version: 3.3.8
2026.09.29 08:20:04 INFO  no build target found for C:\Users\chidi\Desktop\Scala_Project\Main.scala. Using presentation compiler with project's scala-library version: 3.3.8
2026.09.29 08:20:04 INFO  no build target found for C:\Users\chidi\Desktop\Scala_Project\Main.scala. Using presentation compiler with project's scala-library version: 3.3.8
2026.09.29 08:20:06 INFO  no build target found for C:\Users\chidi\Desktop\Scala_Project\Main.scala. Using presentation compiler with project's scala-library version: 3.3.8
2026.09.29 08:20:06 INFO  no build target found for C:\Users\chidi\Desktop\Scala_Project\Main.scala. Using presentation compiler with project's scala-library version: 3.3.8
2026.09.29 08:20:06 INFO  no build target found for C:\Users\chidi\Desktop\Scala_Project\Main.scala. Using presentation compiler with project's scala-library version: 3.3.8
2026.09.29 08:20:06 INFO  Created report: Optional[file:///C:/Users/chidi/Desktop/Scala_Project/Main.scala]
2026.09.29 08:20:06 INFO  empty definition using pc, found symbol in pc:  (full report at: "C:\Users\chidi\Desktop\Scala_Project\.metals\.reports\metals-full\2026-09-29\r_empty-definition_08-20-06-790.md")
2026.09.29 08:20:06 INFO  no build target found for C:\Users\chidi\Desktop\Scala_Project\Main.scala. Using presentation compiler with project's scala-library version: 3.3.8
2026.09.29 08:20:06 INFO  no build target found for C:\Users\chidi\Desktop\Scala_Project\Main.scala. Using presentation compiler with project's scala-library version: 3.3.8
2026.09.29 08:20:06 INFO  no build target found for C:\Users\chidi\Desktop\Scala_Project\Main.scala. Using presentation compiler with project's scala-library version: 3.3.8
2026.09.29 08:20:07 INFO  no build target found for C:\Users\chidi\Desktop\Scala_Project\Main.scala. Using presentation compiler with project's scala-library version: 3.3.8
2026.09.29 08:20:07 INFO  no build target found for C:\Users\chidi\Desktop\Scala_Project\Main.scala. Using presentation compiler with project's scala-library version: 3.3.8
2026.09.29 08:20:07 INFO  no build target found for C:\Users\chidi\Desktop\Scala_Project\Main.scala. Using presentation compiler with project's scala-library version: 3.3.8
2026.09.29 08:20:07 INFO  no build target found for C:\Users\chidi\Desktop\Scala_Project\Main.scala. Using presentation compiler with project's scala-library version: 3.3.8
2026.09.29 08:20:07 INFO  no build target found for C:\Users\chidi\Desktop\Scala_Project\Main.scala. Using presentation compiler with project's scala-library version: 3.3.8
2026.09.29 08:20:08 INFO  no build target found for C:\Users\chidi\Desktop\Scala_Project\Main.scala. Using presentation compiler with project's scala-library version: 3.3.8
2026.09.29 08:20:08 INFO  no build target found for C:\Users\chidi\Desktop\Scala_Project\Main.scala. Using presentation compiler with project's scala-library version: 3.3.8
2026.09.29 08:20:09 WARN  no build target for: C:\Users\chidi\Desktop\Scala_Project\Main.scala
2026.09.29 08:20:09 INFO  no build target found for C:\Users\chidi\Desktop\Scala_Project\Main.scala. Using presentation compiler with project's scala-library version: 3.3.8
2026.09.29 08:20:09 WARN  no build target for: C:\Users\chidi\Desktop\Scala_Project\Main.scala
2026.09.29 08:20:09 INFO  no build target found for C:\Users\chidi\Desktop\Scala_Project\Main.scala. Using presentation compiler with project's scala-library version: 3.3.8
2026.09.29 08:20:39 WARN  no build target for: C:\Users\chidi\Desktop\Scala_Project\build.sbt
2026.09.29 08:20:39 INFO  no build target found for C:\Users\chidi\Desktop\Scala_Project\Main.scala. Using presentation compiler with project's scala-library version: 3.3.8
2026.09.29 08:20:40 INFO  no build target found for C:\Users\chidi\Desktop\Scala_Project\Main.scala. Using presentation compiler with project's scala-library version: 3.3.8
2026.09.29 08:21:22 INFO  no build target found for C:\Users\chidi\Desktop\Scala_Project\model\Action.scala. Using presentation compiler with project's scala-library version: 3.3.8
2026.09.29 08:21:22 WARN  no build target for: C:\Users\chidi\Desktop\Scala_Project\model\Action.scala
2026.09.29 08:21:22 INFO  no build target found for C:\Users\chidi\Desktop\Scala_Project\model\Action.scala. Using presentation compiler with project's scala-library version: 3.3.8
2026.09.29 08:21:22 INFO  no build target found for C:\Users\chidi\Desktop\Scala_Project\model\Action.scala. Using presentation compiler with project's scala-library version: 3.3.8
2026.09.29 08:21:22 INFO  no build target found for C:\Users\chidi\Desktop\Scala_Project\model\Action.scala. Using presentation compiler with project's scala-library version: 3.3.8
2026.09.29 08:21:28 INFO  no build target found for C:\Users\chidi\Desktop\Scala_Project\model\Action.scala. Using presentation compiler with project's scala-library version: 3.3.8
2026.09.29 08:21:28 INFO  no build target found for C:\Users\chidi\Desktop\Scala_Project\model\Action.scala. Using presentation compiler with project's scala-library version: 3.3.8
2026.09.29 08:21:30 INFO  no build target found for C:\Users\chidi\Desktop\Scala_Project\model\Action.scala. Using presentation compiler with project's scala-library version: 3.3.8
2026.09.29 08:21:30 INFO  no build target found for C:\Users\chidi\Desktop\Scala_Project\model\Action.scala. Using presentation compiler with project's scala-library version: 3.3.8
2026.09.29 08:21:33 INFO  no build target found for C:\Users\chidi\Desktop\Scala_Project\model\Action.scala. Using presentation compiler with project's scala-library version: 3.3.8
2026.09.29 08:21:33 INFO  no build target found for C:\Users\chidi\Desktop\Scala_Project\model\Action.scala. Using presentation compiler with project's scala-library version: 3.3.8
2026.09.29 08:21:33 INFO  no build target found for C:\Users\chidi\Desktop\Scala_Project\model\Action.scala. Using presentation compiler with project's scala-library version: 3.3.8
2026.09.29 08:21:34 INFO  no build target found for C:\Users\chidi\Desktop\Scala_Project\model\Action.scala. Using presentation compiler with project's scala-library version: 3.3.8
2026.09.29 08:21:34 WARN  no build target for: C:\Users\chidi\Desktop\Scala_Project\model\Action.scala
2026.09.29 08:21:34 INFO  no build target found for C:\Users\chidi\Desktop\Scala_Project\model\Action.scala. Using presentation compiler with project's scala-library version: 3.3.8
2026.09.29 08:21:35 INFO  no build target found for C:\Users\chidi\Desktop\Scala_Project\model\Action.scala. Using presentation compiler with project's scala-library version: 3.3.8
2026.09.29 08:21:35 INFO  no build target found for C:\Users\chidi\Desktop\Scala_Project\model\Action.scala. Using presentation compiler with project's scala-library version: 3.3.8
2026.09.29 08:21:35 INFO  no build target found for C:\Users\chidi\Desktop\Scala_Project\model\Action.scala. Using presentation compiler with project's scala-library version: 3.3.8
2026.09.29 08:21:35 INFO  no build target found for C:\Users\chidi\Desktop\Scala_Project\model\Action.scala. Using presentation compiler with project's scala-library version: 3.3.8
2026.09.29 08:21:36 INFO  no build target found for C:\Users\chidi\Desktop\Scala_Project\model\Action.scala. Using presentation compiler with project's scala-library version: 3.3.8
2026.09.29 08:21:36 INFO  no build target found for C:\Users\chidi\Desktop\Scala_Project\model\Action.scala. Using presentation compiler with project's scala-library version: 3.3.8
2026.09.29 08:21:36 INFO  no build target found for C:\Users\chidi\Desktop\Scala_Project\model\Action.scala. Using presentation compiler with project's scala-library version: 3.3.8
2026.09.29 08:21:36 INFO  no build target found for C:\Users\chidi\Desktop\Scala_Project\model\Action.scala. Using presentation compiler with project's scala-library version: 3.3.8
2026.09.29 08:21:37 INFO  no build target found for C:\Users\chidi\Desktop\Scala_Project\model\Action.scala. Using presentation compiler with project's scala-library version: 3.3.8
2026.09.29 08:21:37 INFO  no build target found for C:\Users\chidi\Desktop\Scala_Project\model\Action.scala. Using presentation compiler with project's scala-library version: 3.3.8
2026.09.29 08:21:37 INFO  no build target found for C:\Users\chidi\Desktop\Scala_Project\model\Action.scala. Using presentation compiler with project's scala-library version: 3.3.8
2026.09.29 08:21:37 INFO  no build target found for C:\Users\chidi\Desktop\Scala_Project\model\Action.scala. Using presentation compiler with project's scala-library version: 3.3.8
2026.09.29 08:21:37 INFO  no build target found for C:\Users\chidi\Desktop\Scala_Project\model\Action.scala. Using presentation compiler with project's scala-library version: 3.3.8
2026.09.29 08:21:37 INFO  no build target found for C:\Users\chidi\Desktop\Scala_Project\model\Action.scala. Using presentation compiler with project's scala-library version: 3.3.8
2026.09.29 08:21:37 INFO  no build target found for C:\Users\chidi\Desktop\Scala_Project\model\Action.scala. Using presentation compiler with project's scala-library version: 3.3.8
2026.09.29 08:21:37 INFO  no build target found for C:\Users\chidi\Desktop\Scala_Project\model\Action.scala. Using presentation compiler with project's scala-library version: 3.3.8
2026.09.29 08:21:37 INFO  no build target found for C:\Users\chidi\Desktop\Scala_Project\model\Action.scala. Using presentation compiler with project's scala-library version: 3.3.8
2026.09.29 08:21:38 INFO  no build target found for C:\Users\chidi\Desktop\Scala_Project\model\Action.scala. Using presentation compiler with project's scala-library version: 3.3.8
2026.09.29 08:21:38 WARN  no build target for: C:\Users\chidi\Desktop\Scala_Project\model\Action.scala
2026.09.29 08:21:38 INFO  no build target found for C:\Users\chidi\Desktop\Scala_Project\model\Action.scala. Using presentation compiler with project's scala-library version: 3.3.8
2026.09.29 08:21:43 WARN  no build target for: C:\Users\chidi\Desktop\Scala_Project\model\Action.scala
2026.09.29 08:21:43 INFO  no build target found for C:\Users\chidi\Desktop\Scala_Project\model\Action.scala. Using presentation compiler with project's scala-library version: 3.3.8
2026.09.29 08:21:47 INFO  no build target found for C:\Users\chidi\Desktop\Scala_Project\model\Action.scala. Using presentation compiler with project's scala-library version: 3.3.8
2026.09.29 08:21:48 INFO  no build target found for C:\Users\chidi\Desktop\Scala_Project\Main.scala. Using presentation compiler with project's scala-library version: 3.3.8
2026.09.29 08:21:48 WARN  no build target for: C:\Users\chidi\Desktop\Scala_Project\Main.scala
2026.09.29 08:21:48 INFO  no build target found for C:\Users\chidi\Desktop\Scala_Project\Main.scala. Using presentation compiler with project's scala-library version: 3.3.8
2026.09.29 08:21:48 INFO  no build target found for C:\Users\chidi\Desktop\Scala_Project\Main.scala. Using presentation compiler with project's scala-library version: 3.3.8
2026.09.29 08:21:48 INFO  no build target found for C:\Users\chidi\Desktop\Scala_Project\Main.scala. Using presentation compiler with project's scala-library version: 3.3.8
2026.09.29 08:21:50 INFO  no build target found for C:\Users\chidi\Desktop\Scala_Project\Main.scala. Using presentation compiler with project's scala-library version: 3.3.8
2026.09.29 08:21:50 INFO  no build target found for C:\Users\chidi\Desktop\Scala_Project\Main.scala. Using presentation compiler with project's scala-library version: 3.3.8
2026.09.29 08:21:50 INFO  no build target found for C:\Users\chidi\Desktop\Scala_Project\Main.scala. Using presentation compiler with project's scala-library version: 3.3.8
2026.09.29 08:21:50 INFO  no build target found for C:\Users\chidi\Desktop\Scala_Project\Main.scala. Using presentation compiler with project's scala-library version: 3.3.8
2026.09.29 08:21:50 INFO  no build target found for C:\Users\chidi\Desktop\Scala_Project\Main.scala. Using presentation compiler with project's scala-library version: 3.3.8
2026.09.29 08:21:50 INFO  no build target found for C:\Users\chidi\Desktop\Scala_Project\Main.scala. Using presentation compiler with project's scala-library version: 3.3.8
2026.09.29 08:21:51 INFO  no build target found for C:\Users\chidi\Desktop\Scala_Project\Main.scala. Using presentation compiler with project's scala-library version: 3.3.8
2026.09.29 08:21:51 WARN  no build target for: C:\Users\chidi\Desktop\Scala_Project\Main.scala
2026.09.29 08:21:51 INFO  no build target found for C:\Users\chidi\Desktop\Scala_Project\Main.scala. Using presentation compiler with project's scala-library version: 3.3.8
2026.09.29 08:23:17 INFO  no build target found for C:\Users\chidi\Desktop\Scala_Project\poker\Combinations.scala. Using presentation compiler with project's scala-library version: 3.3.8
2026.09.29 08:23:17 WARN  Could not find semantic tokens for: file:///C:/Users/chidi/Desktop/Scala_Project/poker/Combinations.scala
2026.09.29 08:23:38 INFO  no build target found for C:\Users\chidi\Desktop\Scala_Project\poker\Combinations.scala. Using presentation compiler with project's scala-library version: 3.3.8
2026.09.29 08:23:38 INFO  no build target found for C:\Users\chidi\Desktop\Scala_Project\poker\Combinations.scala. Using presentation compiler with project's scala-library version: 3.3.8
2026.09.29 08:23:38 INFO  no build target found for C:\Users\chidi\Desktop\Scala_Project\poker\Combinations.scala. Using presentation compiler with project's scala-library version: 3.3.8
2026.09.29 08:23:39 INFO  no build target found for C:\Users\chidi\Desktop\Scala_Project\poker\Combinations.scala. Using presentation compiler with project's scala-library version: 3.3.8
2026.09.29 08:23:38 INFO  no build target found for C:\Users\chidi\Desktop\Scala_Project\poker\Combinations.scala. Using presentation compiler with project's scala-library version: 3.3.8
2026.09.29 08:23:39 WARN  Could not find semantic tokens for: file:///C:/Users/chidi/Desktop/Scala_Project/poker/Combinations.scala
2026.09.29 08:23:38 INFO  no build target found for C:\Users\chidi\Desktop\Scala_Project\poker\Combinations.scala. Using presentation compiler with project's scala-library version: 3.3.8
2026.09.29 08:23:38 INFO  no build target found for C:\Users\chidi\Desktop\Scala_Project\poker\Combinations.scala. Using presentation compiler with project's scala-library version: 3.3.8
2026.09.29 08:23:38 INFO  no build target found for C:\Users\chidi\Desktop\Scala_Project\poker\Combinations.scala. Using presentation compiler with project's scala-library version: 3.3.8
2026.09.29 08:23:39 INFO  no build target found for C:\Users\chidi\Desktop\Scala_Project\poker\Combinations.scala. Using presentation compiler with project's scala-library version: 3.3.8
2026.09.29 08:23:39 WARN  Could not find semantic tokens for: file:///C:/Users/chidi/Desktop/Scala_Project/poker/Combinations.scala
2026.09.29 08:23:38 INFO  no build target found for C:\Users\chidi\Desktop\Scala_Project\poker\Combinations.scala. Using presentation compiler with project's scala-library version: 3.3.8
2026.09.29 08:23:40 INFO  no build target found for C:\Users\chidi\Desktop\Scala_Project\poker\Combinations.scala. Using presentation compiler with project's scala-library version: 3.3.8
2026.09.29 08:23:40 INFO  no build target found for C:\Users\chidi\Desktop\Scala_Project\poker\Combinations.scala. Using presentation compiler with project's scala-library version: 3.3.8
2026.09.29 08:23:40 INFO  no build target found for C:\Users\chidi\Desktop\Scala_Project\poker\Combinations.scala. Using presentation compiler with project's scala-library version: 3.3.8
2026.09.29 08:23:40 WARN  Could not find semantic tokens for: file:///C:/Users/chidi/Desktop/Scala_Project/poker/Combinations.scala
2026.09.29 08:23:40 INFO  no build target found for C:\Users\chidi\Desktop\Scala_Project\poker\Combinations.scala. Using presentation compiler with project's scala-library version: 3.3.8
2026.09.29 08:23:40 INFO  no build target found for C:\Users\chidi\Desktop\Scala_Project\poker\Combinations.scala. Using presentation compiler with project's scala-library version: 3.3.8
2026.09.29 08:23:40 INFO  no build target found for C:\Users\chidi\Desktop\Scala_Project\poker\Combinations.scala. Using presentation compiler with project's scala-library version: 3.3.8
2026.09.29 08:23:40 INFO  no build target found for C:\Users\chidi\Desktop\Scala_Project\poker\Combinations.scala. Using presentation compiler with project's scala-library version: 3.3.8
2026.09.29 08:23:40 INFO  no build target found for C:\Users\chidi\Desktop\Scala_Project\poker\Combinations.scala. Using presentation compiler with project's scala-library version: 3.3.8
2026.09.29 08:23:40 INFO  no build target found for C:\Users\chidi\Desktop\Scala_Project\poker\Combinations.scala. Using presentation compiler with project's scala-library version: 3.3.8
2026.09.29 08:23:40 INFO  no build target found for C:\Users\chidi\Desktop\Scala_Project\poker\Combinations.scala. Using presentation compiler with project's scala-library version: 3.3.8
2026.09.29 08:23:41 INFO  no build target found for C:\Users\chidi\Desktop\Scala_Project\poker\Combinations.scala. Using presentation compiler with project's scala-library version: 3.3.8
2026.09.29 08:23:40 INFO  no build target found for C:\Users\chidi\Desktop\Scala_Project\poker\Combinations.scala. Using presentation compiler with project's scala-library version: 3.3.8
2026.09.29 08:23:41 INFO  no build target found for C:\Users\chidi\Desktop\Scala_Project\poker\Combinations.scala. Using presentation compiler with project's scala-library version: 3.3.8
2026.09.29 08:23:41 INFO  no build target found for C:\Users\chidi\Desktop\Scala_Project\poker\Combinations.scala. Using presentation compiler with project's scala-library version: 3.3.8
2026.09.29 08:23:41 INFO  no build target found for C:\Users\chidi\Desktop\Scala_Project\poker\Combinations.scala. Using presentation compiler with project's scala-library version: 3.3.8
2026.09.29 08:23:41 INFO  no build target found for C:\Users\chidi\Desktop\Scala_Project\poker\Combinations.scala. Using presentation compiler with project's scala-library version: 3.3.8
2026.09.29 08:23:42 WARN  no build target for: C:\Users\chidi\Desktop\Scala_Project\poker\Combinations.scala
2026.09.29 08:23:42 INFO  no build target found for C:\Users\chidi\Desktop\Scala_Project\poker\Combinations.scala. Using presentation compiler with project's scala-library version: 3.3.8
2026.09.29 08:23:42 INFO  no build target found for C:\Users\chidi\Desktop\Scala_Project\poker\Combinations.scala. Using presentation compiler with project's scala-library version: 3.3.8
2026.09.29 08:23:44 INFO  no build target found for C:\Users\chidi\Desktop\Scala_Project\poker\Combinations.scala. Using presentation compiler with project's scala-library version: 3.3.8
2026.09.29 08:23:45 INFO  no build target found for C:\Users\chidi\Desktop\Scala_Project\poker\Combinations.scala. Using presentation compiler with project's scala-library version: 3.3.8
2026.09.29 08:23:44 INFO  no build target found for C:\Users\chidi\Desktop\Scala_Project\poker\Combinations.scala. Using presentation compiler with project's scala-library version: 3.3.8
2026.09.29 08:23:44 INFO  no build target found for C:\Users\chidi\Desktop\Scala_Project\poker\Combinations.scala. Using presentation compiler with project's scala-library version: 3.3.8
2026.09.29 08:23:44 INFO  no build target found for C:\Users\chidi\Desktop\Scala_Project\poker\Combinations.scala. Using presentation compiler with project's scala-library version: 3.3.8
2026.09.29 08:23:44 INFO  no build target found for C:\Users\chidi\Desktop\Scala_Project\poker\Combinations.scala. Using presentation compiler with project's scala-library version: 3.3.8
2026.09.29 08:23:45 INFO  no build target found for C:\Users\chidi\Desktop\Scala_Project\poker\Combinations.scala. Using presentation compiler with project's scala-library version: 3.3.8
2026.09.29 08:23:44 INFO  no build target found for C:\Users\chidi\Desktop\Scala_Project\poker\Combinations.scala. Using presentation compiler with project's scala-library version: 3.3.8
2026.09.29 08:23:45 INFO  no build target found for C:\Users\chidi\Desktop\Scala_Project\poker\Combinations.scala. Using presentation compiler with project's scala-library version: 3.3.8
2026.09.29 08:23:45 INFO  no build target found for C:\Users\chidi\Desktop\Scala_Project\poker\Combinations.scala. Using presentation compiler with project's scala-library version: 3.3.8
2026.09.29 08:23:45 INFO  no build target found for C:\Users\chidi\Desktop\Scala_Project\poker\Combinations.scala. Using presentation compiler with project's scala-library version: 3.3.8
2026.09.29 08:23:45 INFO  no build target found for C:\Users\chidi\Desktop\Scala_Project\poker\Combinations.scala. Using presentation compiler with project's scala-library version: 3.3.8
2026.09.29 08:23:45 INFO  no build target found for C:\Users\chidi\Desktop\Scala_Project\poker\Combinations.scala. Using presentation compiler with project's scala-library version: 3.3.8
2026.09.29 08:23:45 INFO  no build target found for C:\Users\chidi\Desktop\Scala_Project\poker\Combinations.scala. Using presentation compiler with project's scala-library version: 3.3.8
2026.09.29 08:23:46 INFO  no build target found for C:\Users\chidi\Desktop\Scala_Project\poker\Combinations.scala. Using presentation compiler with project's scala-library version: 3.3.8
2026.09.29 08:23:45 INFO  no build target found for C:\Users\chidi\Desktop\Scala_Project\poker\Combinations.scala. Using presentation compiler with project's scala-library version: 3.3.8
2026.09.29 08:23:45 INFO  no build target found for C:\Users\chidi\Desktop\Scala_Project\poker\Combinations.scala. Using presentation compiler with project's scala-library version: 3.3.8
2026.09.29 08:23:45 INFO  no build target found for C:\Users\chidi\Desktop\Scala_Project\poker\Combinations.scala. Using presentation compiler with project's scala-library version: 3.3.8
2026.09.29 08:23:46 INFO  no build target found for C:\Users\chidi\Desktop\Scala_Project\poker\Combinations.scala. Using presentation compiler with project's scala-library version: 3.3.8
2026.09.29 08:23:47 INFO  no build target found for C:\Users\chidi\Desktop\Scala_Project\poker\Combinations.scala. Using presentation compiler with project's scala-library version: 3.3.8
2026.09.29 08:23:47 INFO  no build target found for C:\Users\chidi\Desktop\Scala_Project\poker\Combinations.scala. Using presentation compiler with project's scala-library version: 3.3.8
2026.09.29 08:23:46 INFO  no build target found for C:\Users\chidi\Desktop\Scala_Project\poker\Combinations.scala. Using presentation compiler with project's scala-library version: 3.3.8
2026.09.29 08:23:47 INFO  no build target found for C:\Users\chidi\Desktop\Scala_Project\poker\Combinations.scala. Using presentation compiler with project's scala-library version: 3.3.8
2026.09.29 08:23:47 INFO  no build target found for C:\Users\chidi\Desktop\Scala_Project\poker\Combinations.scala. Using presentation compiler with project's scala-library version: 3.3.8
2026.09.29 08:23:47 INFO  no build target found for C:\Users\chidi\Desktop\Scala_Project\poker\Combinations.scala. Using presentation compiler with project's scala-library version: 3.3.8
2026.09.29 08:23:47 INFO  no build target found for C:\Users\chidi\Desktop\Scala_Project\poker\Combinations.scala. Using presentation compiler with project's scala-library version: 3.3.8
2026.09.29 08:23:47 INFO  no build target found for C:\Users\chidi\Desktop\Scala_Project\poker\Combinations.scala. Using presentation compiler with project's scala-library version: 3.3.8
2026.09.29 08:23:48 INFO  no build target found for C:\Users\chidi\Desktop\Scala_Project\poker\Combinations.scala. Using presentation compiler with project's scala-library version: 3.3.8
2026.09.29 08:23:48 INFO  no build target found for C:\Users\chidi\Desktop\Scala_Project\poker\Combinations.scala. Using presentation compiler with project's scala-library version: 3.3.8
2026.09.29 08:23:48 INFO  no build target found for C:\Users\chidi\Desktop\Scala_Project\poker\Combinations.scala. Using presentation compiler with project's scala-library version: 3.3.8
2026.09.29 08:23:48 INFO  no build target found for C:\Users\chidi\Desktop\Scala_Project\poker\Combinations.scala. Using presentation compiler with project's scala-library version: 3.3.8
2026.09.29 08:23:48 INFO  no build target found for C:\Users\chidi\Desktop\Scala_Project\poker\Combinations.scala. Using presentation compiler with project's scala-library version: 3.3.8
2026.09.29 08:23:48 INFO  no build target found for C:\Users\chidi\Desktop\Scala_Project\poker\Combinations.scala. Using presentation compiler with project's scala-library version: 3.3.8
2026.09.29 08:23:48 INFO  no build target found for C:\Users\chidi\Desktop\Scala_Project\poker\Combinations.scala. Using presentation compiler with project's scala-library version: 3.3.8
2026.09.29 08:23:48 INFO  no build target found for C:\Users\chidi\Desktop\Scala_Project\poker\Combinations.scala. Using presentation compiler with project's scala-library version: 3.3.8
2026.09.29 08:23:48 INFO  no build target found for C:\Users\chidi\Desktop\Scala_Project\poker\Combinations.scala. Using presentation compiler with project's scala-library version: 3.3.8
2026.09.29 08:23:49 INFO  no build target found for C:\Users\chidi\Desktop\Scala_Project\poker\Combinations.scala. Using presentation compiler with project's scala-library version: 3.3.8
2026.09.29 08:23:49 INFO  no build target found for C:\Users\chidi\Desktop\Scala_Project\poker\Combinations.scala. Using presentation compiler with project's scala-library version: 3.3.8
2026.09.29 08:23:50 WARN  no build target for: C:\Users\chidi\Desktop\Scala_Project\poker\Combinations.scala
2026.09.29 08:23:50 INFO  no build target found for C:\Users\chidi\Desktop\Scala_Project\poker\Combinations.scala. Using presentation compiler with project's scala-library version: 3.3.8
2026.09.29 08:23:49 INFO  no build target found for C:\Users\chidi\Desktop\Scala_Project\poker\Combinations.scala. Using presentation compiler with project's scala-library version: 3.3.8
2026.09.29 08:23:50 INFO  no build target found for C:\Users\chidi\Desktop\Scala_Project\poker\Combinations.scala. Using presentation compiler with project's scala-library version: 3.3.8
2026.09.29 08:23:50 INFO  no build target found for C:\Users\chidi\Desktop\Scala_Project\poker\Combinations.scala. Using presentation compiler with project's scala-library version: 3.3.8
2026.09.29 08:23:50 INFO  no build target found for C:\Users\chidi\Desktop\Scala_Project\poker\Combinations.scala. Using presentation compiler with project's scala-library version: 3.3.8
2026.09.29 08:23:50 INFO  no build target found for C:\Users\chidi\Desktop\Scala_Project\poker\Combinations.scala. Using presentation compiler with project's scala-library version: 3.3.8
2026.09.29 08:23:50 INFO  no build target found for C:\Users\chidi\Desktop\Scala_Project\poker\Combinations.scala. Using presentation compiler with project's scala-library version: 3.3.8
2026.09.29 08:23:50 INFO  no build target found for C:\Users\chidi\Desktop\Scala_Project\poker\Combinations.scala. Using presentation compiler with project's scala-library version: 3.3.8
2026.09.29 08:23:51 INFO  no build target found for C:\Users\chidi\Desktop\Scala_Project\poker\Combinations.scala. Using presentation compiler with project's scala-library version: 3.3.8
2026.09.29 08:23:50 INFO  no build target found for C:\Users\chidi\Desktop\Scala_Project\poker\Combinations.scala. Using presentation compiler with project's scala-library version: 3.3.8
2026.09.29 08:23:50 INFO  no build target found for C:\Users\chidi\Desktop\Scala_Project\poker\Combinations.scala. Using presentation compiler with project's scala-library version: 3.3.8
2026.09.29 08:23:50 INFO  no build target found for C:\Users\chidi\Desktop\Scala_Project\poker\Combinations.scala. Using presentation compiler with project's scala-library version: 3.3.8
2026.09.29 08:23:50 INFO  no build target found for C:\Users\chidi\Desktop\Scala_Project\poker\Combinations.scala. Using presentation compiler with project's scala-library version: 3.3.8
2026.09.29 08:23:50 INFO  no build target found for C:\Users\chidi\Desktop\Scala_Project\poker\Combinations.scala. Using presentation compiler with project's scala-library version: 3.3.8
2026.09.29 08:23:51 INFO  no build target found for C:\Users\chidi\Desktop\Scala_Project\poker\Combinations.scala. Using presentation compiler with project's scala-library version: 3.3.8
2026.09.29 08:23:51 INFO  no build target found for C:\Users\chidi\Desktop\Scala_Project\poker\Combinations.scala. Using presentation compiler with project's scala-library version: 3.3.8
2026.09.29 08:23:51 INFO  no build target found for C:\Users\chidi\Desktop\Scala_Project\poker\Combinations.scala. Using presentation compiler with project's scala-library version: 3.3.8
2026.09.29 08:23:51 INFO  no build target found for C:\Users\chidi\Desktop\Scala_Project\poker\Combinations.scala. Using presentation compiler with project's scala-library version: 3.3.8
2026.09.29 08:23:51 INFO  no build target found for C:\Users\chidi\Desktop\Scala_Project\poker\Combinations.scala. Using presentation compiler with project's scala-library version: 3.3.8
2026.09.29 08:23:51 INFO  no build target found for C:\Users\chidi\Desktop\Scala_Project\poker\Combinations.scala. Using presentation compiler with project's scala-library version: 3.3.8
2026.09.29 08:23:51 INFO  no build target found for C:\Users\chidi\Desktop\Scala_Project\poker\Combinations.scala. Using presentation compiler with project's scala-library version: 3.3.8
2026.09.29 08:23:51 INFO  no build target found for C:\Users\chidi\Desktop\Scala_Project\poker\Combinations.scala. Using presentation compiler with project's scala-library version: 3.3.8
2026.09.29 08:23:51 INFO  no build target found for C:\Users\chidi\Desktop\Scala_Project\poker\Combinations.scala. Using presentation compiler with project's scala-library version: 3.3.8
2026.09.29 08:23:51 INFO  no build target found for C:\Users\chidi\Desktop\Scala_Project\poker\Combinations.scala. Using presentation compiler with project's scala-library version: 3.3.8
2026.09.29 08:23:52 INFO  no build target found for C:\Users\chidi\Desktop\Scala_Project\poker\Combinations.scala. Using presentation compiler with project's scala-library version: 3.3.8
2026.09.29 08:23:53 INFO  no build target found for C:\Users\chidi\Desktop\Scala_Project\poker\Combinations.scala. Using presentation compiler with project's scala-library version: 3.3.8
2026.09.29 08:23:53 WARN  no build target for: C:\Users\chidi\Desktop\Scala_Project\poker\Combinations.scala
2026.09.29 08:23:53 INFO  no build target found for C:\Users\chidi\Desktop\Scala_Project\poker\Combinations.scala. Using presentation compiler with project's scala-library version: 3.3.8
2026.09.29 08:24:11 INFO  no build target found for C:\Users\chidi\Desktop\Scala_Project\poker\Combinations.scala. Using presentation compiler with project's scala-library version: 3.3.8
2026.09.29 08:24:13 INFO  no build target found for C:\Users\chidi\Desktop\Scala_Project\poker\Combinations.scala. Using presentation compiler with project's scala-library version: 3.3.8
2026.09.29 08:24:13 INFO  no build target found for C:\Users\chidi\Desktop\Scala_Project\poker\Combinations.scala. Using presentation compiler with project's scala-library version: 3.3.8
2026.09.29 08:24:13 INFO  no build target found for C:\Users\chidi\Desktop\Scala_Project\poker\Combinations.scala. Using presentation compiler with project's scala-library version: 3.3.8
2026.09.29 08:24:13 INFO  no build target found for C:\Users\chidi\Desktop\Scala_Project\poker\Combinations.scala. Using presentation compiler with project's scala-library version: 3.3.8
2026.09.29 08:24:14 INFO  no build target found for C:\Users\chidi\Desktop\Scala_Project\poker\Combinations.scala. Using presentation compiler with project's scala-library version: 3.3.8
2026.09.29 08:24:14 WARN  no build target for: C:\Users\chidi\Desktop\Scala_Project\poker\Combinations.scala
2026.09.29 08:24:14 INFO  no build target found for C:\Users\chidi\Desktop\Scala_Project\poker\Combinations.scala. Using presentation compiler with project's scala-library version: 3.3.8
2026.09.29 08:24:15 INFO  no build target found for C:\Users\chidi\Desktop\Scala_Project\poker\Combinations.scala. Using presentation compiler with project's scala-library version: 3.3.8
2026.09.29 08:24:15 INFO  no build target found for C:\Users\chidi\Desktop\Scala_Project\poker\Combinations.scala. Using presentation compiler with project's scala-library version: 3.3.8
2026.09.29 08:24:15 INFO  no build target found for C:\Users\chidi\Desktop\Scala_Project\poker\Combinations.scala. Using presentation compiler with project's scala-library version: 3.3.8
2026.09.29 08:24:15 INFO  no build target found for C:\Users\chidi\Desktop\Scala_Project\poker\Combinations.scala. Using presentation compiler with project's scala-library version: 3.3.8
2026.09.29 08:24:16 INFO  no build target found for C:\Users\chidi\Desktop\Scala_Project\poker\Combinations.scala. Using presentation compiler with project's scala-library version: 3.3.8
2026.09.29 08:24:16 WARN  no build target for: C:\Users\chidi\Desktop\Scala_Project\poker\Combinations.scala
2026.09.29 08:24:16 INFO  no build target found for C:\Users\chidi\Desktop\Scala_Project\poker\Combinations.scala. Using presentation compiler with project's scala-library version: 3.3.8
2026.09.29 08:24:16 INFO  no build target found for C:\Users\chidi\Desktop\Scala_Project\poker\Combinations.scala. Using presentation compiler with project's scala-library version: 3.3.8
2026.09.29 08:24:16 INFO  no build target found for C:\Users\chidi\Desktop\Scala_Project\poker\Combinations.scala. Using presentation compiler with project's scala-library version: 3.3.8
2026.09.29 08:24:16 INFO  no build target found for C:\Users\chidi\Desktop\Scala_Project\poker\Combinations.scala. Using presentation compiler with project's scala-library version: 3.3.8
2026.09.29 08:24:16 INFO  no build target found for C:\Users\chidi\Desktop\Scala_Project\poker\Combinations.scala. Using presentation compiler with project's scala-library version: 3.3.8
2026.09.29 08:24:16 INFO  no build target found for C:\Users\chidi\Desktop\Scala_Project\poker\Combinations.scala. Using presentation compiler with project's scala-library version: 3.3.8
2026.09.29 08:24:17 INFO  no build target found for C:\Users\chidi\Desktop\Scala_Project\poker\Combinations.scala. Using presentation compiler with project's scala-library version: 3.3.8
2026.09.29 08:24:16 INFO  no build target found for C:\Users\chidi\Desktop\Scala_Project\poker\Combinations.scala. Using presentation compiler with project's scala-library version: 3.3.8
2026.09.29 08:24:17 INFO  no build target found for C:\Users\chidi\Desktop\Scala_Project\poker\Combinations.scala. Using presentation compiler with project's scala-library version: 3.3.8
2026.09.29 08:24:17 INFO  no build target found for C:\Users\chidi\Desktop\Scala_Project\poker\Combinations.scala. Using presentation compiler with project's scala-library version: 3.3.8
2026.09.29 08:24:17 INFO  no build target found for C:\Users\chidi\Desktop\Scala_Project\poker\Combinations.scala. Using presentation compiler with project's scala-library version: 3.3.8
2026.09.29 08:24:18 INFO  no build target found for C:\Users\chidi\Desktop\Scala_Project\poker\Combinations.scala. Using presentation compiler with project's scala-library version: 3.3.8
2026.09.29 08:24:17 INFO  no build target found for C:\Users\chidi\Desktop\Scala_Project\poker\Combinations.scala. Using presentation compiler with project's scala-library version: 3.3.8
2026.09.29 08:24:17 INFO  no build target found for C:\Users\chidi\Desktop\Scala_Project\poker\Combinations.scala. Using presentation compiler with project's scala-library version: 3.3.8
2026.09.29 08:24:17 INFO  no build target found for C:\Users\chidi\Desktop\Scala_Project\poker\Combinations.scala. Using presentation compiler with project's scala-library version: 3.3.8
2026.09.29 08:24:17 INFO  no build target found for C:\Users\chidi\Desktop\Scala_Project\poker\Combinations.scala. Using presentation compiler with project's scala-library version: 3.3.8
2026.09.29 08:24:18 INFO  no build target found for C:\Users\chidi\Desktop\Scala_Project\poker\Combinations.scala. Using presentation compiler with project's scala-library version: 3.3.8
2026.09.29 08:24:19 INFO  no build target found for C:\Users\chidi\Desktop\Scala_Project\poker\Combinations.scala. Using presentation compiler with project's scala-library version: 3.3.8
2026.09.29 08:24:19 WARN  no build target for: C:\Users\chidi\Desktop\Scala_Project\poker\Combinations.scala
2026.09.29 08:24:19 INFO  no build target found for C:\Users\chidi\Desktop\Scala_Project\poker\Combinations.scala. Using presentation compiler with project's scala-library version: 3.3.8
2026.09.29 08:24:20 INFO  no build target found for C:\Users\chidi\Desktop\Scala_Project\poker\Combinations.scala. Using presentation compiler with project's scala-library version: 3.3.8
2026.09.29 08:24:20 INFO  no build target found for C:\Users\chidi\Desktop\Scala_Project\poker\Combinations.scala. Using presentation compiler with project's scala-library version: 3.3.8
2026.09.29 08:24:20 INFO  no build target found for C:\Users\chidi\Desktop\Scala_Project\poker\Combinations.scala. Using presentation compiler with project's scala-library version: 3.3.8
2026.09.29 08:24:20 INFO  no build target found for C:\Users\chidi\Desktop\Scala_Project\poker\Combinations.scala. Using presentation compiler with project's scala-library version: 3.3.8
2026.09.29 08:24:20 INFO  no build target found for C:\Users\chidi\Desktop\Scala_Project\poker\Combinations.scala. Using presentation compiler with project's scala-library version: 3.3.8
2026.09.29 08:24:20 INFO  no build target found for C:\Users\chidi\Desktop\Scala_Project\poker\Combinations.scala. Using presentation compiler with project's scala-library version: 3.3.8
2026.09.29 08:24:20 INFO  no build target found for C:\Users\chidi\Desktop\Scala_Project\poker\Combinations.scala. Using presentation compiler with project's scala-library version: 3.3.8
2026.09.29 08:24:20 INFO  no build target found for C:\Users\chidi\Desktop\Scala_Project\poker\Combinations.scala. Using presentation compiler with project's scala-library version: 3.3.8
2026.09.29 08:24:21 INFO  no build target found for C:\Users\chidi\Desktop\Scala_Project\poker\Combinations.scala. Using presentation compiler with project's scala-library version: 3.3.8
2026.09.29 08:24:20 INFO  no build target found for C:\Users\chidi\Desktop\Scala_Project\poker\Combinations.scala. Using presentation compiler with project's scala-library version: 3.3.8
2026.09.29 08:24:21 INFO  no build target found for C:\Users\chidi\Desktop\Scala_Project\poker\Combinations.scala. Using presentation compiler with project's scala-library version: 3.3.8
2026.09.29 08:24:21 INFO  no build target found for C:\Users\chidi\Desktop\Scala_Project\poker\Combinations.scala. Using presentation compiler with project's scala-library version: 3.3.8
2026.09.29 08:24:21 INFO  no build target found for C:\Users\chidi\Desktop\Scala_Project\poker\Combinations.scala. Using presentation compiler with project's scala-library version: 3.3.8
2026.09.29 08:24:21 INFO  no build target found for C:\Users\chidi\Desktop\Scala_Project\poker\Combinations.scala. Using presentation compiler with project's scala-library version: 3.3.8
2026.09.29 08:24:22 INFO  no build target found for C:\Users\chidi\Desktop\Scala_Project\poker\Combinations.scala. Using presentation compiler with project's scala-library version: 3.3.8
2026.09.29 08:24:22 INFO  no build target found for C:\Users\chidi\Desktop\Scala_Project\poker\Combinations.scala. Using presentation compiler with project's scala-library version: 3.3.8
2026.09.29 08:24:22 INFO  no build target found for C:\Users\chidi\Desktop\Scala_Project\poker\Combinations.scala. Using presentation compiler with project's scala-library version: 3.3.8
2026.09.29 08:24:22 INFO  no build target found for C:\Users\chidi\Desktop\Scala_Project\poker\Combinations.scala. Using presentation compiler with project's scala-library version: 3.3.8
2026.09.29 08:24:22 INFO  no build target found for C:\Users\chidi\Desktop\Scala_Project\poker\Combinations.scala. Using presentation compiler with project's scala-library version: 3.3.8
2026.09.29 08:24:22 INFO  no build target found for C:\Users\chidi\Desktop\Scala_Project\poker\Combinations.scala. Using presentation compiler with project's scala-library version: 3.3.8
2026.09.29 08:24:22 INFO  no build target found for C:\Users\chidi\Desktop\Scala_Project\poker\Combinations.scala. Using presentation compiler with project's scala-library version: 3.3.8
2026.09.29 08:24:23 INFO  no build target found for C:\Users\chidi\Desktop\Scala_Project\poker\Combinations.scala. Using presentation compiler with project's scala-library version: 3.3.8
2026.09.29 08:24:24 INFO  no build target found for C:\Users\chidi\Desktop\Scala_Project\poker\Combinations.scala. Using presentation compiler with project's scala-library version: 3.3.8
2026.09.29 08:24:24 WARN  no build target for: C:\Users\chidi\Desktop\Scala_Project\poker\Combinations.scala
2026.09.29 08:24:23 INFO  no build target found for C:\Users\chidi\Desktop\Scala_Project\poker\Combinations.scala. Using presentation compiler with project's scala-library version: 3.3.8
2026.09.29 08:24:24 INFO  no build target found for C:\Users\chidi\Desktop\Scala_Project\poker\Combinations.scala. Using presentation compiler with project's scala-library version: 3.3.8
2026.09.29 08:24:24 INFO  no build target found for C:\Users\chidi\Desktop\Scala_Project\poker\Combinations.scala. Using presentation compiler with project's scala-library version: 3.3.8
2026.09.29 08:24:24 INFO  no build target found for C:\Users\chidi\Desktop\Scala_Project\poker\Combinations.scala. Using presentation compiler with project's scala-library version: 3.3.8
2026.09.29 08:24:24 INFO  no build target found for C:\Users\chidi\Desktop\Scala_Project\poker\Combinations.scala. Using presentation compiler with project's scala-library version: 3.3.8
2026.09.29 08:24:24 INFO  no build target found for C:\Users\chidi\Desktop\Scala_Project\poker\Combinations.scala. Using presentation compiler with project's scala-library version: 3.3.8
2026.09.29 08:24:25 INFO  no build target found for C:\Users\chidi\Desktop\Scala_Project\poker\Combinations.scala. Using presentation compiler with project's scala-library version: 3.3.8
2026.09.29 08:24:24 INFO  no build target found for C:\Users\chidi\Desktop\Scala_Project\poker\Combinations.scala. Using presentation compiler with project's scala-library version: 3.3.8
2026.09.29 08:24:24 INFO  no build target found for C:\Users\chidi\Desktop\Scala_Project\poker\Combinations.scala. Using presentation compiler with project's scala-library version: 3.3.8
2026.09.29 08:24:24 INFO  no build target found for C:\Users\chidi\Desktop\Scala_Project\poker\Combinations.scala. Using presentation compiler with project's scala-library version: 3.3.8
2026.09.29 08:24:25 INFO  no build target found for C:\Users\chidi\Desktop\Scala_Project\poker\Combinations.scala. Using presentation compiler with project's scala-library version: 3.3.8
2026.09.29 08:24:26 INFO  no build target found for C:\Users\chidi\Desktop\Scala_Project\poker\Combinations.scala. Using presentation compiler with project's scala-library version: 3.3.8
2026.09.29 08:24:26 INFO  no build target found for C:\Users\chidi\Desktop\Scala_Project\poker\Combinations.scala. Using presentation compiler with project's scala-library version: 3.3.8
2026.09.29 08:24:26 INFO  no build target found for C:\Users\chidi\Desktop\Scala_Project\poker\Combinations.scala. Using presentation compiler with project's scala-library version: 3.3.8
2026.09.29 08:24:26 INFO  no build target found for C:\Users\chidi\Desktop\Scala_Project\poker\Combinations.scala. Using presentation compiler with project's scala-library version: 3.3.8
2026.09.29 08:24:26 INFO  no build target found for C:\Users\chidi\Desktop\Scala_Project\poker\Combinations.scala. Using presentation compiler with project's scala-library version: 3.3.8
2026.09.29 08:24:26 INFO  no build target found for C:\Users\chidi\Desktop\Scala_Project\poker\Combinations.scala. Using presentation compiler with project's scala-library version: 3.3.8
2026.09.29 08:24:26 INFO  no build target found for C:\Users\chidi\Desktop\Scala_Project\poker\Combinations.scala. Using presentation compiler with project's scala-library version: 3.3.8
2026.09.29 08:24:27 INFO  no build target found for C:\Users\chidi\Desktop\Scala_Project\poker\Combinations.scala. Using presentation compiler with project's scala-library version: 3.3.8
2026.09.29 08:24:27 WARN  no build target for: C:\Users\chidi\Desktop\Scala_Project\poker\Combinations.scala
2026.09.29 08:24:27 INFO  no build target found for C:\Users\chidi\Desktop\Scala_Project\poker\Combinations.scala. Using presentation compiler with project's scala-library version: 3.3.8
2026.09.29 08:24:27 INFO  no build target found for C:\Users\chidi\Desktop\Scala_Project\poker\Combinations.scala. Using presentation compiler with project's scala-library version: 3.3.8
2026.09.29 08:24:27 INFO  no build target found for C:\Users\chidi\Desktop\Scala_Project\poker\Combinations.scala. Using presentation compiler with project's scala-library version: 3.3.8
2026.09.29 08:24:27 INFO  no build target found for C:\Users\chidi\Desktop\Scala_Project\poker\Combinations.scala. Using presentation compiler with project's scala-library version: 3.3.8
2026.09.29 08:24:27 INFO  no build target found for C:\Users\chidi\Desktop\Scala_Project\poker\Combinations.scala. Using presentation compiler with project's scala-library version: 3.3.8
2026.09.29 08:24:27 INFO  no build target found for C:\Users\chidi\Desktop\Scala_Project\poker\Combinations.scala. Using presentation compiler with project's scala-library version: 3.3.8
2026.09.29 08:24:27 INFO  no build target found for C:\Users\chidi\Desktop\Scala_Project\poker\Combinations.scala. Using presentation compiler with project's scala-library version: 3.3.8
2026.09.29 08:24:27 INFO  no build target found for C:\Users\chidi\Desktop\Scala_Project\poker\Combinations.scala. Using presentation compiler with project's scala-library version: 3.3.8
2026.09.29 08:24:27 INFO  no build target found for C:\Users\chidi\Desktop\Scala_Project\poker\Combinations.scala. Using presentation compiler with project's scala-library version: 3.3.8
2026.09.29 08:24:27 INFO  no build target found for C:\Users\chidi\Desktop\Scala_Project\poker\Combinations.scala. Using presentation compiler with project's scala-library version: 3.3.8
2026.09.29 08:24:27 INFO  no build target found for C:\Users\chidi\Desktop\Scala_Project\poker\Combinations.scala. Using presentation compiler with project's scala-library version: 3.3.8
2026.09.29 08:24:27 INFO  no build target found for C:\Users\chidi\Desktop\Scala_Project\poker\Combinations.scala. Using presentation compiler with project's scala-library version: 3.3.8
2026.09.29 08:24:28 INFO  no build target found for C:\Users\chidi\Desktop\Scala_Project\poker\Combinations.scala. Using presentation compiler with project's scala-library version: 3.3.8
2026.09.29 08:24:29 WARN  no build target for: C:\Users\chidi\Desktop\Scala_Project\poker\Combinations.scala
2026.09.29 08:24:29 INFO  no build target found for C:\Users\chidi\Desktop\Scala_Project\poker\Combinations.scala. Using presentation compiler with project's scala-library version: 3.3.8
2026.09.29 08:24:28 INFO  no build target found for C:\Users\chidi\Desktop\Scala_Project\poker\Combinations.scala. Using presentation compiler with project's scala-library version: 3.3.8
2026.09.29 08:24:30 INFO  no build target found for C:\Users\chidi\Desktop\Scala_Project\poker\Combinations.scala. Using presentation compiler with project's scala-library version: 3.3.8
2026.09.29 08:24:30 INFO  no build target found for C:\Users\chidi\Desktop\Scala_Project\poker\Combinations.scala. Using presentation compiler with project's scala-library version: 3.3.8
2026.09.29 08:24:30 INFO  no build target found for C:\Users\chidi\Desktop\Scala_Project\poker\Combinations.scala. Using presentation compiler with project's scala-library version: 3.3.8
2026.09.29 08:24:30 INFO  no build target found for C:\Users\chidi\Desktop\Scala_Project\poker\Combinations.scala. Using presentation compiler with project's scala-library version: 3.3.8
2026.09.29 08:24:30 INFO  no build target found for C:\Users\chidi\Desktop\Scala_Project\poker\Combinations.scala. Using presentation compiler with project's scala-library version: 3.3.8
2026.09.29 08:24:30 INFO  no build target found for C:\Users\chidi\Desktop\Scala_Project\poker\Combinations.scala. Using presentation compiler with project's scala-library version: 3.3.8
2026.09.29 08:24:30 INFO  no build target found for C:\Users\chidi\Desktop\Scala_Project\poker\Combinations.scala. Using presentation compiler with project's scala-library version: 3.3.8
2026.09.29 08:24:30 INFO  no build target found for C:\Users\chidi\Desktop\Scala_Project\poker\Combinations.scala. Using presentation compiler with project's scala-library version: 3.3.8
2026.09.29 08:24:30 INFO  no build target found for C:\Users\chidi\Desktop\Scala_Project\poker\Combinations.scala. Using presentation compiler with project's scala-library version: 3.3.8
2026.09.29 08:24:30 INFO  no build target found for C:\Users\chidi\Desktop\Scala_Project\poker\Combinations.scala. Using presentation compiler with project's scala-library version: 3.3.8
2026.09.29 08:24:30 INFO  no build target found for C:\Users\chidi\Desktop\Scala_Project\poker\Combinations.scala. Using presentation compiler with project's scala-library version: 3.3.8
2026.09.29 08:24:31 INFO  no build target found for C:\Users\chidi\Desktop\Scala_Project\poker\Combinations.scala. Using presentation compiler with project's scala-library version: 3.3.8
2026.09.29 08:24:31 INFO  no build target found for C:\Users\chidi\Desktop\Scala_Project\poker\Combinations.scala. Using presentation compiler with project's scala-library version: 3.3.8
2026.09.29 08:24:30 INFO  no build target found for C:\Users\chidi\Desktop\Scala_Project\poker\Combinations.scala. Using presentation compiler with project's scala-library version: 3.3.8
2026.09.29 08:24:31 INFO  no build target found for C:\Users\chidi\Desktop\Scala_Project\poker\Combinations.scala. Using presentation compiler with project's scala-library version: 3.3.8
2026.09.29 08:24:32 INFO  no build target found for C:\Users\chidi\Desktop\Scala_Project\poker\Combinations.scala. Using presentation compiler with project's scala-library version: 3.3.8
2026.09.29 08:24:32 WARN  no build target for: C:\Users\chidi\Desktop\Scala_Project\poker\Combinations.scala
2026.09.29 08:24:32 INFO  no build target found for C:\Users\chidi\Desktop\Scala_Project\poker\Combinations.scala. Using presentation compiler with project's scala-library version: 3.3.8
2026.09.29 08:24:32 INFO  no build target found for C:\Users\chidi\Desktop\Scala_Project\poker\Combinations.scala. Using presentation compiler with project's scala-library version: 3.3.8
2026.09.29 08:24:32 INFO  no build target found for C:\Users\chidi\Desktop\Scala_Project\poker\Combinations.scala. Using presentation compiler with project's scala-library version: 3.3.8
2026.09.29 08:24:32 INFO  no build target found for C:\Users\chidi\Desktop\Scala_Project\poker\Combinations.scala. Using presentation compiler with project's scala-library version: 3.3.8
2026.09.29 08:24:32 INFO  no build target found for C:\Users\chidi\Desktop\Scala_Project\poker\Combinations.scala. Using presentation compiler with project's scala-library version: 3.3.8
2026.09.29 08:24:32 INFO  no build target found for C:\Users\chidi\Desktop\Scala_Project\poker\Combinations.scala. Using presentation compiler with project's scala-library version: 3.3.8
2026.09.29 08:24:32 INFO  no build target found for C:\Users\chidi\Desktop\Scala_Project\poker\Combinations.scala. Using presentation compiler with project's scala-library version: 3.3.8
2026.09.29 08:24:32 INFO  no build target found for C:\Users\chidi\Desktop\Scala_Project\poker\Combinations.scala. Using presentation compiler with project's scala-library version: 3.3.8
2026.09.29 08:24:32 INFO  no build target found for C:\Users\chidi\Desktop\Scala_Project\poker\Combinations.scala. Using presentation compiler with project's scala-library version: 3.3.8
2026.09.29 08:24:32 INFO  no build target found for C:\Users\chidi\Desktop\Scala_Project\poker\Combinations.scala. Using presentation compiler with project's scala-library version: 3.3.8
2026.09.29 08:24:32 INFO  no build target found for C:\Users\chidi\Desktop\Scala_Project\poker\Combinations.scala. Using presentation compiler with project's scala-library version: 3.3.8
2026.09.29 08:24:32 INFO  no build target found for C:\Users\chidi\Desktop\Scala_Project\poker\Combinations.scala. Using presentation compiler with project's scala-library version: 3.3.8
2026.09.29 08:24:32 INFO  no build target found for C:\Users\chidi\Desktop\Scala_Project\poker\Combinations.scala. Using presentation compiler with project's scala-library version: 3.3.8
2026.09.29 08:24:32 INFO  no build target found for C:\Users\chidi\Desktop\Scala_Project\poker\Combinations.scala. Using presentation compiler with project's scala-library version: 3.3.8
2026.09.29 08:24:32 INFO  no build target found for C:\Users\chidi\Desktop\Scala_Project\poker\Combinations.scala. Using presentation compiler with project's scala-library version: 3.3.8
2026.09.29 08:24:32 INFO  no build target found for C:\Users\chidi\Desktop\Scala_Project\poker\Combinations.scala. Using presentation compiler with project's scala-library version: 3.3.8
2026.09.29 08:24:32 INFO  no build target found for C:\Users\chidi\Desktop\Scala_Project\poker\Combinations.scala. Using presentation compiler with project's scala-library version: 3.3.8
2026.09.29 08:24:33 INFO  no build target found for C:\Users\chidi\Desktop\Scala_Project\poker\Combinations.scala. Using presentation compiler with project's scala-library version: 3.3.8
2026.09.29 08:24:34 INFO  no build target found for C:\Users\chidi\Desktop\Scala_Project\poker\Combinations.scala. Using presentation compiler with project's scala-library version: 3.3.8
2026.09.29 08:24:34 WARN  no build target for: C:\Users\chidi\Desktop\Scala_Project\poker\Combinations.scala
2026.09.29 08:24:34 INFO  no build target found for C:\Users\chidi\Desktop\Scala_Project\poker\Combinations.scala. Using presentation compiler with project's scala-library version: 3.3.8
2026.09.29 08:24:34 INFO  no build target found for C:\Users\chidi\Desktop\Scala_Project\poker\Combinations.scala. Using presentation compiler with project's scala-library version: 3.3.8
2026.09.29 08:24:34 INFO  no build target found for C:\Users\chidi\Desktop\Scala_Project\poker\Combinations.scala. Using presentation compiler with project's scala-library version: 3.3.8
2026.09.29 08:24:34 INFO  no build target found for C:\Users\chidi\Desktop\Scala_Project\poker\Combinations.scala. Using presentation compiler with project's scala-library version: 3.3.8
2026.09.29 08:24:34 INFO  no build target found for C:\Users\chidi\Desktop\Scala_Project\poker\Combinations.scala. Using presentation compiler with project's scala-library version: 3.3.8
2026.09.29 08:24:34 INFO  no build target found for C:\Users\chidi\Desktop\Scala_Project\poker\Combinations.scala. Using presentation compiler with project's scala-library version: 3.3.8
2026.09.29 08:24:34 INFO  no build target found for C:\Users\chidi\Desktop\Scala_Project\poker\Combinations.scala. Using presentation compiler with project's scala-library version: 3.3.8
2026.09.29 08:24:34 INFO  no build target found for C:\Users\chidi\Desktop\Scala_Project\poker\Combinations.scala. Using presentation compiler with project's scala-library version: 3.3.8
2026.09.29 08:24:34 INFO  no build target found for C:\Users\chidi\Desktop\Scala_Project\poker\Combinations.scala. Using presentation compiler with project's scala-library version: 3.3.8
2026.09.29 08:24:35 INFO  no build target found for C:\Users\chidi\Desktop\Scala_Project\poker\Combinations.scala. Using presentation compiler with project's scala-library version: 3.3.8
2026.09.29 08:24:36 INFO  no build target found for C:\Users\chidi\Desktop\Scala_Project\poker\Combinations.scala. Using presentation compiler with project's scala-library version: 3.3.8
2026.09.29 08:24:36 WARN  no build target for: C:\Users\chidi\Desktop\Scala_Project\poker\Combinations.scala
2026.09.29 08:24:36 INFO  no build target found for C:\Users\chidi\Desktop\Scala_Project\poker\Combinations.scala. Using presentation compiler with project's scala-library version: 3.3.8
2026.09.29 08:24:36 INFO  no build target found for C:\Users\chidi\Desktop\Scala_Project\poker\Combinations.scala. Using presentation compiler with project's scala-library version: 3.3.8
2026.09.29 08:24:36 INFO  no build target found for C:\Users\chidi\Desktop\Scala_Project\poker\Combinations.scala. Using presentation compiler with project's scala-library version: 3.3.8
2026.09.29 08:24:36 INFO  no build target found for C:\Users\chidi\Desktop\Scala_Project\poker\Combinations.scala. Using presentation compiler with project's scala-library version: 3.3.8
2026.09.29 08:24:36 INFO  no build target found for C:\Users\chidi\Desktop\Scala_Project\poker\Combinations.scala. Using presentation compiler with project's scala-library version: 3.3.8
2026.09.29 08:24:36 INFO  no build target found for C:\Users\chidi\Desktop\Scala_Project\poker\Combinations.scala. Using presentation compiler with project's scala-library version: 3.3.8
2026.09.29 08:24:37 INFO  no build target found for C:\Users\chidi\Desktop\Scala_Project\poker\Combinations.scala. Using presentation compiler with project's scala-library version: 3.3.8
2026.09.29 08:24:37 INFO  no build target found for C:\Users\chidi\Desktop\Scala_Project\poker\Combinations.scala. Using presentation compiler with project's scala-library version: 3.3.8
2026.09.29 08:24:37 INFO  no build target found for C:\Users\chidi\Desktop\Scala_Project\poker\Combinations.scala. Using presentation compiler with project's scala-library version: 3.3.8
2026.09.29 08:24:38 INFO  no build target found for C:\Users\chidi\Desktop\Scala_Project\poker\Combinations.scala. Using presentation compiler with project's scala-library version: 3.3.8
2026.09.29 08:24:38 WARN  no build target for: C:\Users\chidi\Desktop\Scala_Project\poker\Combinations.scala
2026.09.29 08:24:38 INFO  no build target found for C:\Users\chidi\Desktop\Scala_Project\poker\Combinations.scala. Using presentation compiler with project's scala-library version: 3.3.8
2026.09.29 08:24:39 INFO  no build target found for C:\Users\chidi\Desktop\Scala_Project\poker\Combinations.scala. Using presentation compiler with project's scala-library version: 3.3.8
2026.09.29 08:24:39 INFO  no build target found for C:\Users\chidi\Desktop\Scala_Project\poker\Combinations.scala. Using presentation compiler with project's scala-library version: 3.3.8
2026.09.29 08:24:39 INFO  no build target found for C:\Users\chidi\Desktop\Scala_Project\poker\Combinations.scala. Using presentation compiler with project's scala-library version: 3.3.8
2026.09.29 08:24:39 INFO  no build target found for C:\Users\chidi\Desktop\Scala_Project\poker\Combinations.scala. Using presentation compiler with project's scala-library version: 3.3.8
2026.09.29 08:24:39 INFO  no build target found for C:\Users\chidi\Desktop\Scala_Project\poker\Combinations.scala. Using presentation compiler with project's scala-library version: 3.3.8
2026.09.29 08:24:39 INFO  no build target found for C:\Users\chidi\Desktop\Scala_Project\poker\Combinations.scala. Using presentation compiler with project's scala-library version: 3.3.8
2026.09.29 08:24:39 INFO  no build target found for C:\Users\chidi\Desktop\Scala_Project\poker\Combinations.scala. Using presentation compiler with project's scala-library version: 3.3.8
2026.09.29 08:24:40 INFO  no build target found for C:\Users\chidi\Desktop\Scala_Project\poker\Combinations.scala. Using presentation compiler with project's scala-library version: 3.3.8
2026.09.29 08:24:39 INFO  no build target found for C:\Users\chidi\Desktop\Scala_Project\poker\Combinations.scala. Using presentation compiler with project's scala-library version: 3.3.8
2026.09.29 08:24:40 INFO  no build target found for C:\Users\chidi\Desktop\Scala_Project\poker\Combinations.scala. Using presentation compiler with project's scala-library version: 3.3.8
2026.09.29 08:24:40 INFO  no build target found for C:\Users\chidi\Desktop\Scala_Project\poker\Combinations.scala. Using presentation compiler with project's scala-library version: 3.3.8
2026.09.29 08:24:40 INFO  no build target found for C:\Users\chidi\Desktop\Scala_Project\poker\Combinations.scala. Using presentation compiler with project's scala-library version: 3.3.8
2026.09.29 08:24:39 INFO  no build target found for C:\Users\chidi\Desktop\Scala_Project\poker\Combinations.scala. Using presentation compiler with project's scala-library version: 3.3.8
2026.09.29 08:24:40 INFO  no build target found for C:\Users\chidi\Desktop\Scala_Project\poker\Combinations.scala. Using presentation compiler with project's scala-library version: 3.3.8
2026.09.29 08:24:40 INFO  no build target found for C:\Users\chidi\Desktop\Scala_Project\poker\Combinations.scala. Using presentation compiler with project's scala-library version: 3.3.8
2026.09.29 08:24:40 INFO  no build target found for C:\Users\chidi\Desktop\Scala_Project\poker\Combinations.scala. Using presentation compiler with project's scala-library version: 3.3.8
2026.09.29 08:24:40 INFO  no build target found for C:\Users\chidi\Desktop\Scala_Project\poker\Combinations.scala. Using presentation compiler with project's scala-library version: 3.3.8
2026.09.29 08:24:41 INFO  no build target found for C:\Users\chidi\Desktop\Scala_Project\poker\Combinations.scala. Using presentation compiler with project's scala-library version: 3.3.8
2026.09.29 08:24:41 INFO  no build target found for C:\Users\chidi\Desktop\Scala_Project\poker\Combinations.scala. Using presentation compiler with project's scala-library version: 3.3.8
2026.09.29 08:24:41 INFO  no build target found for C:\Users\chidi\Desktop\Scala_Project\poker\Combinations.scala. Using presentation compiler with project's scala-library version: 3.3.8
2026.09.29 08:24:41 INFO  no build target found for C:\Users\chidi\Desktop\Scala_Project\poker\Combinations.scala. Using presentation compiler with project's scala-library version: 3.3.8
2026.09.29 08:24:41 INFO  no build target found for C:\Users\chidi\Desktop\Scala_Project\poker\Combinations.scala. Using presentation compiler with project's scala-library version: 3.3.8
2026.09.29 08:24:41 INFO  no build target found for C:\Users\chidi\Desktop\Scala_Project\poker\Combinations.scala. Using presentation compiler with project's scala-library version: 3.3.8
2026.09.29 08:24:42 INFO  no build target found for C:\Users\chidi\Desktop\Scala_Project\poker\Combinations.scala. Using presentation compiler with project's scala-library version: 3.3.8
2026.09.29 08:24:42 INFO  no build target found for C:\Users\chidi\Desktop\Scala_Project\poker\Combinations.scala. Using presentation compiler with project's scala-library version: 3.3.8
2026.09.29 08:24:42 INFO  no build target found for C:\Users\chidi\Desktop\Scala_Project\poker\Combinations.scala. Using presentation compiler with project's scala-library version: 3.3.8
2026.09.29 08:24:42 INFO  no build target found for C:\Users\chidi\Desktop\Scala_Project\poker\Combinations.scala. Using presentation compiler with project's scala-library version: 3.3.8
2026.09.29 08:24:42 INFO  no build target found for C:\Users\chidi\Desktop\Scala_Project\poker\Combinations.scala. Using presentation compiler with project's scala-library version: 3.3.8
2026.09.29 08:24:42 INFO  no build target found for C:\Users\chidi\Desktop\Scala_Project\poker\Combinations.scala. Using presentation compiler with project's scala-library version: 3.3.8
2026.09.29 08:24:42 INFO  no build target found for C:\Users\chidi\Desktop\Scala_Project\poker\Combinations.scala. Using presentation compiler with project's scala-library version: 3.3.8
2026.09.29 08:24:42 INFO  no build target found for C:\Users\chidi\Desktop\Scala_Project\poker\Combinations.scala. Using presentation compiler with project's scala-library version: 3.3.8
2026.09.29 08:24:42 INFO  no build target found for C:\Users\chidi\Desktop\Scala_Project\poker\Combinations.scala. Using presentation compiler with project's scala-library version: 3.3.8
2026.09.29 08:24:43 INFO  no build target found for C:\Users\chidi\Desktop\Scala_Project\poker\Combinations.scala. Using presentation compiler with project's scala-library version: 3.3.8
2026.09.29 08:24:42 INFO  no build target found for C:\Users\chidi\Desktop\Scala_Project\poker\Combinations.scala. Using presentation compiler with project's scala-library version: 3.3.8
2026.09.29 08:24:43 INFO  no build target found for C:\Users\chidi\Desktop\Scala_Project\poker\Combinations.scala. Using presentation compiler with project's scala-library version: 3.3.8
2026.09.29 08:24:43 INFO  no build target found for C:\Users\chidi\Desktop\Scala_Project\poker\Combinations.scala. Using presentation compiler with project's scala-library version: 3.3.8
2026.09.29 08:24:43 INFO  no build target found for C:\Users\chidi\Desktop\Scala_Project\poker\Combinations.scala. Using presentation compiler with project's scala-library version: 3.3.8
2026.09.29 08:24:43 INFO  no build target found for C:\Users\chidi\Desktop\Scala_Project\poker\Combinations.scala. Using presentation compiler with project's scala-library version: 3.3.8
2026.09.29 08:24:43 INFO  no build target found for C:\Users\chidi\Desktop\Scala_Project\poker\Combinations.scala. Using presentation compiler with project's scala-library version: 3.3.8
2026.09.29 08:24:43 INFO  no build target found for C:\Users\chidi\Desktop\Scala_Project\poker\Combinations.scala. Using presentation compiler with project's scala-library version: 3.3.8
2026.09.29 08:24:43 INFO  no build target found for C:\Users\chidi\Desktop\Scala_Project\poker\Combinations.scala. Using presentation compiler with project's scala-library version: 3.3.8
2026.09.29 08:24:43 INFO  no build target found for C:\Users\chidi\Desktop\Scala_Project\poker\Combinations.scala. Using presentation compiler with project's scala-library version: 3.3.8
2026.09.29 08:24:43 INFO  no build target found for C:\Users\chidi\Desktop\Scala_Project\poker\Combinations.scala. Using presentation compiler with project's scala-library version: 3.3.8
2026.09.29 08:24:43 INFO  no build target found for C:\Users\chidi\Desktop\Scala_Project\poker\Combinations.scala. Using presentation compiler with project's scala-library version: 3.3.8
2026.09.29 08:24:44 INFO  no build target found for C:\Users\chidi\Desktop\Scala_Project\poker\Combinations.scala. Using presentation compiler with project's scala-library version: 3.3.8
2026.09.29 08:24:45 INFO  no build target found for C:\Users\chidi\Desktop\Scala_Project\poker\Combinations.scala. Using presentation compiler with project's scala-library version: 3.3.8
2026.09.29 08:24:45 WARN  no build target for: C:\Users\chidi\Desktop\Scala_Project\poker\Combinations.scala
2026.09.29 08:24:45 INFO  no build target found for C:\Users\chidi\Desktop\Scala_Project\poker\Combinations.scala. Using presentation compiler with project's scala-library version: 3.3.8
2026.09.29 08:24:45 INFO  no build target found for C:\Users\chidi\Desktop\Scala_Project\poker\Combinations.scala. Using presentation compiler with project's scala-library version: 3.3.8
2026.09.29 08:24:45 INFO  no build target found for C:\Users\chidi\Desktop\Scala_Project\poker\Combinations.scala. Using presentation compiler with project's scala-library version: 3.3.8
2026.09.29 08:24:45 INFO  no build target found for C:\Users\chidi\Desktop\Scala_Project\poker\Combinations.scala. Using presentation compiler with project's scala-library version: 3.3.8
2026.09.29 08:24:45 INFO  no build target found for C:\Users\chidi\Desktop\Scala_Project\poker\Combinations.scala. Using presentation compiler with project's scala-library version: 3.3.8
2026.09.29 08:24:45 INFO  no build target found for C:\Users\chidi\Desktop\Scala_Project\poker\Combinations.scala. Using presentation compiler with project's scala-library version: 3.3.8
2026.09.29 08:24:45 INFO  no build target found for C:\Users\chidi\Desktop\Scala_Project\poker\Combinations.scala. Using presentation compiler with project's scala-library version: 3.3.8
2026.09.29 08:24:45 INFO  no build target found for C:\Users\chidi\Desktop\Scala_Project\poker\Combinations.scala. Using presentation compiler with project's scala-library version: 3.3.8
2026.09.29 08:24:46 INFO  no build target found for C:\Users\chidi\Desktop\Scala_Project\poker\Combinations.scala. Using presentation compiler with project's scala-library version: 3.3.8
2026.09.29 08:24:45 INFO  no build target found for C:\Users\chidi\Desktop\Scala_Project\poker\Combinations.scala. Using presentation compiler with project's scala-library version: 3.3.8
2026.09.29 08:24:45 INFO  no build target found for C:\Users\chidi\Desktop\Scala_Project\poker\Combinations.scala. Using presentation compiler with project's scala-library version: 3.3.8
2026.09.29 08:24:46 INFO  no build target found for C:\Users\chidi\Desktop\Scala_Project\poker\Combinations.scala. Using presentation compiler with project's scala-library version: 3.3.8
2026.09.29 08:24:46 INFO  no build target found for C:\Users\chidi\Desktop\Scala_Project\poker\Combinations.scala. Using presentation compiler with project's scala-library version: 3.3.8
2026.09.29 08:24:46 INFO  no build target found for C:\Users\chidi\Desktop\Scala_Project\poker\Combinations.scala. Using presentation compiler with project's scala-library version: 3.3.8
2026.09.29 08:24:46 INFO  no build target found for C:\Users\chidi\Desktop\Scala_Project\poker\Combinations.scala. Using presentation compiler with project's scala-library version: 3.3.8
2026.09.29 08:24:46 INFO  no build target found for C:\Users\chidi\Desktop\Scala_Project\poker\Combinations.scala. Using presentation compiler with project's scala-library version: 3.3.8
2026.09.29 08:24:46 INFO  no build target found for C:\Users\chidi\Desktop\Scala_Project\poker\Combinations.scala. Using presentation compiler with project's scala-library version: 3.3.8
2026.09.29 08:24:46 INFO  no build target found for C:\Users\chidi\Desktop\Scala_Project\poker\Combinations.scala. Using presentation compiler with project's scala-library version: 3.3.8
2026.09.29 08:24:47 INFO  no build target found for C:\Users\chidi\Desktop\Scala_Project\poker\Combinations.scala. Using presentation compiler with project's scala-library version: 3.3.8
2026.09.29 08:24:46 INFO  no build target found for C:\Users\chidi\Desktop\Scala_Project\poker\Combinations.scala. Using presentation compiler with project's scala-library version: 3.3.8
2026.09.29 08:24:46 INFO  no build target found for C:\Users\chidi\Desktop\Scala_Project\poker\Combinations.scala. Using presentation compiler with project's scala-library version: 3.3.8
2026.09.29 08:24:46 INFO  no build target found for C:\Users\chidi\Desktop\Scala_Project\poker\Combinations.scala. Using presentation compiler with project's scala-library version: 3.3.8
2026.09.29 08:24:46 INFO  no build target found for C:\Users\chidi\Desktop\Scala_Project\poker\Combinations.scala. Using presentation compiler with project's scala-library version: 3.3.8
2026.09.29 08:24:46 INFO  no build target found for C:\Users\chidi\Desktop\Scala_Project\poker\Combinations.scala. Using presentation compiler with project's scala-library version: 3.3.8
2026.09.29 08:24:46 INFO  no build target found for C:\Users\chidi\Desktop\Scala_Project\poker\Combinations.scala. Using presentation compiler with project's scala-library version: 3.3.8
2026.09.29 08:24:46 INFO  no build target found for C:\Users\chidi\Desktop\Scala_Project\poker\Combinations.scala. Using presentation compiler with project's scala-library version: 3.3.8
2026.09.29 08:24:46 INFO  no build target found for C:\Users\chidi\Desktop\Scala_Project\poker\Combinations.scala. Using presentation compiler with project's scala-library version: 3.3.8
2026.09.29 08:24:47 INFO  no build target found for C:\Users\chidi\Desktop\Scala_Project\poker\Combinations.scala. Using presentation compiler with project's scala-library version: 3.3.8
2026.09.29 08:24:47 INFO  no build target found for C:\Users\chidi\Desktop\Scala_Project\poker\Combinations.scala. Using presentation compiler with project's scala-library version: 3.3.8
2026.09.29 08:24:47 INFO  no build target found for C:\Users\chidi\Desktop\Scala_Project\poker\Combinations.scala. Using presentation compiler with project's scala-library version: 3.3.8
2026.09.29 08:24:47 INFO  no build target found for C:\Users\chidi\Desktop\Scala_Project\poker\Combinations.scala. Using presentation compiler with project's scala-library version: 3.3.8
2026.09.29 08:24:48 INFO  no build target found for C:\Users\chidi\Desktop\Scala_Project\poker\Combinations.scala. Using presentation compiler with project's scala-library version: 3.3.8
2026.09.29 08:24:48 WARN  no build target for: C:\Users\chidi\Desktop\Scala_Project\poker\Combinations.scala
2026.09.29 08:24:48 INFO  no build target found for C:\Users\chidi\Desktop\Scala_Project\poker\Combinations.scala. Using presentation compiler with project's scala-library version: 3.3.8
2026.09.29 08:24:48 INFO  no build target found for C:\Users\chidi\Desktop\Scala_Project\poker\Combinations.scala. Using presentation compiler with project's scala-library version: 3.3.8
2026.09.29 08:24:48 INFO  no build target found for C:\Users\chidi\Desktop\Scala_Project\poker\Combinations.scala. Using presentation compiler with project's scala-library version: 3.3.8
2026.09.29 08:24:48 INFO  no build target found for C:\Users\chidi\Desktop\Scala_Project\poker\Combinations.scala. Using presentation compiler with project's scala-library version: 3.3.8
2026.09.29 08:24:48 INFO  no build target found for C:\Users\chidi\Desktop\Scala_Project\poker\Combinations.scala. Using presentation compiler with project's scala-library version: 3.3.8
2026.09.29 08:24:48 INFO  no build target found for C:\Users\chidi\Desktop\Scala_Project\poker\Combinations.scala. Using presentation compiler with project's scala-library version: 3.3.8
2026.09.29 08:24:48 INFO  no build target found for C:\Users\chidi\Desktop\Scala_Project\poker\Combinations.scala. Using presentation compiler with project's scala-library version: 3.3.8
2026.09.29 08:24:48 INFO  no build target found for C:\Users\chidi\Desktop\Scala_Project\poker\Combinations.scala. Using presentation compiler with project's scala-library version: 3.3.8
2026.09.29 08:24:49 INFO  no build target found for C:\Users\chidi\Desktop\Scala_Project\poker\Combinations.scala. Using presentation compiler with project's scala-library version: 3.3.8
2026.09.29 08:24:48 INFO  no build target found for C:\Users\chidi\Desktop\Scala_Project\poker\Combinations.scala. Using presentation compiler with project's scala-library version: 3.3.8
2026.09.29 08:24:48 INFO  no build target found for C:\Users\chidi\Desktop\Scala_Project\poker\Combinations.scala. Using presentation compiler with project's scala-library version: 3.3.8
2026.09.29 08:24:48 INFO  no build target found for C:\Users\chidi\Desktop\Scala_Project\poker\Combinations.scala. Using presentation compiler with project's scala-library version: 3.3.8
2026.09.29 08:24:49 INFO  no build target found for C:\Users\chidi\Desktop\Scala_Project\poker\Combinations.scala. Using presentation compiler with project's scala-library version: 3.3.8
2026.09.29 08:24:49 INFO  no build target found for C:\Users\chidi\Desktop\Scala_Project\poker\Combinations.scala. Using presentation compiler with project's scala-library version: 3.3.8
2026.09.29 08:24:49 INFO  no build target found for C:\Users\chidi\Desktop\Scala_Project\poker\Combinations.scala. Using presentation compiler with project's scala-library version: 3.3.8
2026.09.29 08:24:49 INFO  no build target found for C:\Users\chidi\Desktop\Scala_Project\poker\Combinations.scala. Using presentation compiler with project's scala-library version: 3.3.8
2026.09.29 08:24:49 INFO  no build target found for C:\Users\chidi\Desktop\Scala_Project\poker\Combinations.scala. Using presentation compiler with project's scala-library version: 3.3.8
2026.09.29 08:24:49 INFO  no build target found for C:\Users\chidi\Desktop\Scala_Project\poker\Combinations.scala. Using presentation compiler with project's scala-library version: 3.3.8
2026.09.29 08:24:49 INFO  no build target found for C:\Users\chidi\Desktop\Scala_Project\poker\Combinations.scala. Using presentation compiler with project's scala-library version: 3.3.8
2026.09.29 08:24:50 INFO  no build target found for C:\Users\chidi\Desktop\Scala_Project\poker\Combinations.scala. Using presentation compiler with project's scala-library version: 3.3.8
2026.09.29 08:24:49 INFO  no build target found for C:\Users\chidi\Desktop\Scala_Project\poker\Combinations.scala. Using presentation compiler with project's scala-library version: 3.3.8
2026.09.29 08:24:51 INFO  no build target found for C:\Users\chidi\Desktop\Scala_Project\poker\Combinations.scala. Using presentation compiler with project's scala-library version: 3.3.8
2026.09.29 08:24:51 INFO  no build target found for C:\Users\chidi\Desktop\Scala_Project\poker\Combinations.scala. Using presentation compiler with project's scala-library version: 3.3.8
2026.09.29 08:24:51 INFO  no build target found for C:\Users\chidi\Desktop\Scala_Project\poker\Combinations.scala. Using presentation compiler with project's scala-library version: 3.3.8
2026.09.29 08:24:51 INFO  no build target found for C:\Users\chidi\Desktop\Scala_Project\poker\Combinations.scala. Using presentation compiler with project's scala-library version: 3.3.8
2026.09.29 08:24:51 INFO  no build target found for C:\Users\chidi\Desktop\Scala_Project\poker\Combinations.scala. Using presentation compiler with project's scala-library version: 3.3.8
2026.09.29 08:24:51 INFO  no build target found for C:\Users\chidi\Desktop\Scala_Project\poker\Combinations.scala. Using presentation compiler with project's scala-library version: 3.3.8
2026.09.29 08:24:51 INFO  no build target found for C:\Users\chidi\Desktop\Scala_Project\poker\Combinations.scala. Using presentation compiler with project's scala-library version: 3.3.8
2026.09.29 08:24:51 INFO  no build target found for C:\Users\chidi\Desktop\Scala_Project\poker\Combinations.scala. Using presentation compiler with project's scala-library version: 3.3.8
2026.09.29 08:24:52 INFO  no build target found for C:\Users\chidi\Desktop\Scala_Project\poker\Combinations.scala. Using presentation compiler with project's scala-library version: 3.3.8
2026.09.29 08:24:52 INFO  no build target found for C:\Users\chidi\Desktop\Scala_Project\poker\Combinations.scala. Using presentation compiler with project's scala-library version: 3.3.8
2026.09.29 08:24:52 INFO  no build target found for C:\Users\chidi\Desktop\Scala_Project\poker\Combinations.scala. Using presentation compiler with project's scala-library version: 3.3.8
2026.09.29 08:24:52 INFO  no build target found for C:\Users\chidi\Desktop\Scala_Project\poker\Combinations.scala. Using presentation compiler with project's scala-library version: 3.3.8
2026.09.29 08:24:52 INFO  no build target found for C:\Users\chidi\Desktop\Scala_Project\poker\Combinations.scala. Using presentation compiler with project's scala-library version: 3.3.8
2026.09.29 08:24:52 INFO  no build target found for C:\Users\chidi\Desktop\Scala_Project\poker\Combinations.scala. Using presentation compiler with project's scala-library version: 3.3.8
2026.09.29 08:24:52 INFO  no build target found for C:\Users\chidi\Desktop\Scala_Project\poker\Combinations.scala. Using presentation compiler with project's scala-library version: 3.3.8
2026.09.29 08:24:52 INFO  no build target found for C:\Users\chidi\Desktop\Scala_Project\poker\Combinations.scala. Using presentation compiler with project's scala-library version: 3.3.8
2026.09.29 08:24:53 INFO  no build target found for C:\Users\chidi\Desktop\Scala_Project\poker\Combinations.scala. Using presentation compiler with project's scala-library version: 3.3.8
2026.09.29 08:24:52 INFO  no build target found for C:\Users\chidi\Desktop\Scala_Project\poker\Combinations.scala. Using presentation compiler with project's scala-library version: 3.3.8
2026.09.29 08:24:52 INFO  no build target found for C:\Users\chidi\Desktop\Scala_Project\poker\Combinations.scala. Using presentation compiler with project's scala-library version: 3.3.8
2026.09.29 08:24:52 INFO  no build target found for C:\Users\chidi\Desktop\Scala_Project\poker\Combinations.scala. Using presentation compiler with project's scala-library version: 3.3.8
2026.09.29 08:24:52 INFO  no build target found for C:\Users\chidi\Desktop\Scala_Project\poker\Combinations.scala. Using presentation compiler with project's scala-library version: 3.3.8
2026.09.29 08:24:52 INFO  no build target found for C:\Users\chidi\Desktop\Scala_Project\poker\Combinations.scala. Using presentation compiler with project's scala-library version: 3.3.8
2026.09.29 08:24:53 INFO  no build target found for C:\Users\chidi\Desktop\Scala_Project\poker\Combinations.scala. Using presentation compiler with project's scala-library version: 3.3.8
2026.09.29 08:24:53 INFO  no build target found for C:\Users\chidi\Desktop\Scala_Project\poker\Combinations.scala. Using presentation compiler with project's scala-library version: 3.3.8
2026.09.29 08:24:53 INFO  no build target found for C:\Users\chidi\Desktop\Scala_Project\poker\Combinations.scala. Using presentation compiler with project's scala-library version: 3.3.8
2026.09.29 08:24:53 INFO  no build target found for C:\Users\chidi\Desktop\Scala_Project\poker\Combinations.scala. Using presentation compiler with project's scala-library version: 3.3.8
2026.09.29 08:24:53 INFO  no build target found for C:\Users\chidi\Desktop\Scala_Project\poker\Combinations.scala. Using presentation compiler with project's scala-library version: 3.3.8
2026.09.29 08:24:54 INFO  no build target found for C:\Users\chidi\Desktop\Scala_Project\poker\Combinations.scala. Using presentation compiler with project's scala-library version: 3.3.8
2026.09.29 08:24:54 WARN  no build target for: C:\Users\chidi\Desktop\Scala_Project\poker\Combinations.scala
2026.09.29 08:24:54 INFO  no build target found for C:\Users\chidi\Desktop\Scala_Project\poker\Combinations.scala. Using presentation compiler with project's scala-library version: 3.3.8
2026.09.29 08:24:55 INFO  no build target found for C:\Users\chidi\Desktop\Scala_Project\poker\Combinations.scala. Using presentation compiler with project's scala-library version: 3.3.8
2026.09.29 08:24:55 INFO  no build target found for C:\Users\chidi\Desktop\Scala_Project\poker\Combinations.scala. Using presentation compiler with project's scala-library version: 3.3.8
2026.09.29 08:24:55 INFO  no build target found for C:\Users\chidi\Desktop\Scala_Project\poker\Combinations.scala. Using presentation compiler with project's scala-library version: 3.3.8
2026.09.29 08:24:55 INFO  no build target found for C:\Users\chidi\Desktop\Scala_Project\poker\Combinations.scala. Using presentation compiler with project's scala-library version: 3.3.8
2026.09.29 08:24:54 INFO  no build target found for C:\Users\chidi\Desktop\Scala_Project\poker\Combinations.scala. Using presentation compiler with project's scala-library version: 3.3.8
2026.09.29 08:24:55 INFO  no build target found for C:\Users\chidi\Desktop\Scala_Project\poker\Combinations.scala. Using presentation compiler with project's scala-library version: 3.3.8
2026.09.29 08:24:55 INFO  no build target found for C:\Users\chidi\Desktop\Scala_Project\poker\Combinations.scala. Using presentation compiler with project's scala-library version: 3.3.8
2026.09.29 08:24:55 INFO  no build target found for C:\Users\chidi\Desktop\Scala_Project\poker\Combinations.scala. Using presentation compiler with project's scala-library version: 3.3.8
2026.09.29 08:24:55 INFO  no build target found for C:\Users\chidi\Desktop\Scala_Project\poker\Combinations.scala. Using presentation compiler with project's scala-library version: 3.3.8
2026.09.29 08:24:55 INFO  no build target found for C:\Users\chidi\Desktop\Scala_Project\poker\Combinations.scala. Using presentation compiler with project's scala-library version: 3.3.8
2026.09.29 08:24:55 INFO  no build target found for C:\Users\chidi\Desktop\Scala_Project\poker\Combinations.scala. Using presentation compiler with project's scala-library version: 3.3.8
2026.09.29 08:24:55 INFO  no build target found for C:\Users\chidi\Desktop\Scala_Project\poker\Combinations.scala. Using presentation compiler with project's scala-library version: 3.3.8
2026.09.29 08:24:56 INFO  no build target found for C:\Users\chidi\Desktop\Scala_Project\poker\Combinations.scala. Using presentation compiler with project's scala-library version: 3.3.8
2026.09.29 08:24:56 INFO  no build target found for C:\Users\chidi\Desktop\Scala_Project\poker\Combinations.scala. Using presentation compiler with project's scala-library version: 3.3.8
2026.09.29 08:24:55 INFO  no build target found for C:\Users\chidi\Desktop\Scala_Project\poker\Combinations.scala. Using presentation compiler with project's scala-library version: 3.3.8
2026.09.29 08:24:56 INFO  no build target found for C:\Users\chidi\Desktop\Scala_Project\poker\Combinations.scala. Using presentation compiler with project's scala-library version: 3.3.8
2026.09.29 08:24:56 INFO  no build target found for C:\Users\chidi\Desktop\Scala_Project\poker\Combinations.scala. Using presentation compiler with project's scala-library version: 3.3.8
2026.09.29 08:24:56 INFO  no build target found for C:\Users\chidi\Desktop\Scala_Project\poker\Combinations.scala. Using presentation compiler with project's scala-library version: 3.3.8
2026.09.29 08:24:56 INFO  no build target found for C:\Users\chidi\Desktop\Scala_Project\poker\Combinations.scala. Using presentation compiler with project's scala-library version: 3.3.8
2026.09.29 08:24:56 INFO  no build target found for C:\Users\chidi\Desktop\Scala_Project\poker\Combinations.scala. Using presentation compiler with project's scala-library version: 3.3.8
2026.09.29 08:24:57 INFO  no build target found for C:\Users\chidi\Desktop\Scala_Project\poker\Combinations.scala. Using presentation compiler with project's scala-library version: 3.3.8
2026.09.29 08:24:56 INFO  no build target found for C:\Users\chidi\Desktop\Scala_Project\poker\Combinations.scala. Using presentation compiler with project's scala-library version: 3.3.8
2026.09.29 08:24:57 INFO  no build target found for C:\Users\chidi\Desktop\Scala_Project\poker\Combinations.scala. Using presentation compiler with project's scala-library version: 3.3.8
2026.09.29 08:24:57 INFO  no build target found for C:\Users\chidi\Desktop\Scala_Project\poker\Combinations.scala. Using presentation compiler with project's scala-library version: 3.3.8
2026.09.29 08:24:57 INFO  no build target found for C:\Users\chidi\Desktop\Scala_Project\poker\Combinations.scala. Using presentation compiler with project's scala-library version: 3.3.8
2026.09.29 08:24:57 INFO  no build target found for C:\Users\chidi\Desktop\Scala_Project\poker\Combinations.scala. Using presentation compiler with project's scala-library version: 3.3.8
2026.09.29 08:24:58 INFO  no build target found for C:\Users\chidi\Desktop\Scala_Project\poker\Combinations.scala. Using presentation compiler with project's scala-library version: 3.3.8
2026.09.29 08:24:58 INFO  no build target found for C:\Users\chidi\Desktop\Scala_Project\poker\Combinations.scala. Using presentation compiler with project's scala-library version: 3.3.8
2026.09.29 08:24:58 INFO  no build target found for C:\Users\chidi\Desktop\Scala_Project\poker\Combinations.scala. Using presentation compiler with project's scala-library version: 3.3.8
2026.09.29 08:24:58 INFO  no build target found for C:\Users\chidi\Desktop\Scala_Project\poker\Combinations.scala. Using presentation compiler with project's scala-library version: 3.3.8
2026.09.29 08:24:58 INFO  no build target found for C:\Users\chidi\Desktop\Scala_Project\poker\Combinations.scala. Using presentation compiler with project's scala-library version: 3.3.8
2026.09.29 08:24:58 INFO  no build target found for C:\Users\chidi\Desktop\Scala_Project\poker\Combinations.scala. Using presentation compiler with project's scala-library version: 3.3.8
2026.09.29 08:24:58 INFO  no build target found for C:\Users\chidi\Desktop\Scala_Project\poker\Combinations.scala. Using presentation compiler with project's scala-library version: 3.3.8
2026.09.29 08:24:58 INFO  no build target found for C:\Users\chidi\Desktop\Scala_Project\poker\Combinations.scala. Using presentation compiler with project's scala-library version: 3.3.8
2026.09.29 08:24:58 INFO  no build target found for C:\Users\chidi\Desktop\Scala_Project\poker\Combinations.scala. Using presentation compiler with project's scala-library version: 3.3.8
2026.09.29 08:24:58 INFO  no build target found for C:\Users\chidi\Desktop\Scala_Project\poker\Combinations.scala. Using presentation compiler with project's scala-library version: 3.3.8
2026.09.29 08:24:59 INFO  no build target found for C:\Users\chidi\Desktop\Scala_Project\poker\Combinations.scala. Using presentation compiler with project's scala-library version: 3.3.8
2026.09.29 08:24:59 WARN  no build target for: C:\Users\chidi\Desktop\Scala_Project\poker\Combinations.scala
2026.09.29 08:24:59 INFO  no build target found for C:\Users\chidi\Desktop\Scala_Project\poker\Combinations.scala. Using presentation compiler with project's scala-library version: 3.3.8
2026.09.29 08:24:59 INFO  no build target found for C:\Users\chidi\Desktop\Scala_Project\poker\Combinations.scala. Using presentation compiler with project's scala-library version: 3.3.8
2026.09.29 08:24:59 INFO  no build target found for C:\Users\chidi\Desktop\Scala_Project\poker\Combinations.scala. Using presentation compiler with project's scala-library version: 3.3.8
2026.09.29 08:24:59 INFO  no build target found for C:\Users\chidi\Desktop\Scala_Project\poker\Combinations.scala. Using presentation compiler with project's scala-library version: 3.3.8
2026.09.29 08:24:59 INFO  no build target found for C:\Users\chidi\Desktop\Scala_Project\poker\Combinations.scala. Using presentation compiler with project's scala-library version: 3.3.8
2026.09.29 08:24:59 INFO  no build target found for C:\Users\chidi\Desktop\Scala_Project\poker\Combinations.scala. Using presentation compiler with project's scala-library version: 3.3.8
2026.09.29 08:25:00 INFO  no build target found for C:\Users\chidi\Desktop\Scala_Project\poker\Combinations.scala. Using presentation compiler with project's scala-library version: 3.3.8
2026.09.29 08:24:59 INFO  no build target found for C:\Users\chidi\Desktop\Scala_Project\poker\Combinations.scala. Using presentation compiler with project's scala-library version: 3.3.8
2026.09.29 08:24:59 INFO  no build target found for C:\Users\chidi\Desktop\Scala_Project\poker\Combinations.scala. Using presentation compiler with project's scala-library version: 3.3.8
2026.09.29 08:25:01 INFO  no build target found for C:\Users\chidi\Desktop\Scala_Project\poker\Combinations.scala. Using presentation compiler with project's scala-library version: 3.3.8
2026.09.29 08:25:01 INFO  no build target found for C:\Users\chidi\Desktop\Scala_Project\poker\Combinations.scala. Using presentation compiler with project's scala-library version: 3.3.8
2026.09.29 08:25:01 INFO  no build target found for C:\Users\chidi\Desktop\Scala_Project\poker\Combinations.scala. Using presentation compiler with project's scala-library version: 3.3.8
2026.09.29 08:25:01 INFO  no build target found for C:\Users\chidi\Desktop\Scala_Project\poker\Combinations.scala. Using presentation compiler with project's scala-library version: 3.3.8
2026.09.29 08:25:01 INFO  no build target found for C:\Users\chidi\Desktop\Scala_Project\poker\Combinations.scala. Using presentation compiler with project's scala-library version: 3.3.8
2026.09.29 08:25:01 INFO  no build target found for C:\Users\chidi\Desktop\Scala_Project\poker\Combinations.scala. Using presentation compiler with project's scala-library version: 3.3.8
2026.09.29 08:25:01 INFO  no build target found for C:\Users\chidi\Desktop\Scala_Project\poker\Combinations.scala. Using presentation compiler with project's scala-library version: 3.3.8
2026.09.29 08:25:01 INFO  no build target found for C:\Users\chidi\Desktop\Scala_Project\poker\Combinations.scala. Using presentation compiler with project's scala-library version: 3.3.8
2026.09.29 08:25:02 INFO  no build target found for C:\Users\chidi\Desktop\Scala_Project\poker\Combinations.scala. Using presentation compiler with project's scala-library version: 3.3.8
2026.09.29 08:25:02 INFO  no build target found for C:\Users\chidi\Desktop\Scala_Project\poker\Combinations.scala. Using presentation compiler with project's scala-library version: 3.3.8
2026.09.29 08:25:02 INFO  no build target found for C:\Users\chidi\Desktop\Scala_Project\poker\Combinations.scala. Using presentation compiler with project's scala-library version: 3.3.8
2026.09.29 08:25:02 INFO  no build target found for C:\Users\chidi\Desktop\Scala_Project\poker\Combinations.scala. Using presentation compiler with project's scala-library version: 3.3.8
2026.09.29 08:25:02 INFO  no build target found for C:\Users\chidi\Desktop\Scala_Project\poker\Combinations.scala. Using presentation compiler with project's scala-library version: 3.3.8
2026.09.29 08:25:02 INFO  no build target found for C:\Users\chidi\Desktop\Scala_Project\poker\Combinations.scala. Using presentation compiler with project's scala-library version: 3.3.8
2026.09.29 08:25:02 INFO  no build target found for C:\Users\chidi\Desktop\Scala_Project\poker\Combinations.scala. Using presentation compiler with project's scala-library version: 3.3.8
2026.09.29 08:25:03 INFO  no build target found for C:\Users\chidi\Desktop\Scala_Project\poker\Combinations.scala. Using presentation compiler with project's scala-library version: 3.3.8
2026.09.29 08:25:02 INFO  no build target found for C:\Users\chidi\Desktop\Scala_Project\poker\Combinations.scala. Using presentation compiler with project's scala-library version: 3.3.8
2026.09.29 08:25:02 INFO  no build target found for C:\Users\chidi\Desktop\Scala_Project\poker\Combinations.scala. Using presentation compiler with project's scala-library version: 3.3.8
2026.09.29 08:25:02 INFO  no build target found for C:\Users\chidi\Desktop\Scala_Project\poker\Combinations.scala. Using presentation compiler with project's scala-library version: 3.3.8
2026.09.29 08:25:03 INFO  no build target found for C:\Users\chidi\Desktop\Scala_Project\poker\Combinations.scala. Using presentation compiler with project's scala-library version: 3.3.8
2026.09.29 08:25:03 INFO  no build target found for C:\Users\chidi\Desktop\Scala_Project\poker\Combinations.scala. Using presentation compiler with project's scala-library version: 3.3.8
2026.09.29 08:25:03 INFO  no build target found for C:\Users\chidi\Desktop\Scala_Project\poker\Combinations.scala. Using presentation compiler with project's scala-library version: 3.3.8
2026.09.29 08:25:03 INFO  no build target found for C:\Users\chidi\Desktop\Scala_Project\poker\Combinations.scala. Using presentation compiler with project's scala-library version: 3.3.8
2026.09.29 08:25:03 INFO  no build target found for C:\Users\chidi\Desktop\Scala_Project\poker\Combinations.scala. Using presentation compiler with project's scala-library version: 3.3.8
2026.09.29 08:25:03 INFO  no build target found for C:\Users\chidi\Desktop\Scala_Project\poker\Combinations.scala. Using presentation compiler with project's scala-library version: 3.3.8
2026.09.29 08:25:03 INFO  no build target found for C:\Users\chidi\Desktop\Scala_Project\poker\Combinations.scala. Using presentation compiler with project's scala-library version: 3.3.8
2026.09.29 08:25:03 INFO  no build target found for C:\Users\chidi\Desktop\Scala_Project\poker\Combinations.scala. Using presentation compiler with project's scala-library version: 3.3.8
2026.09.29 08:25:03 INFO  no build target found for C:\Users\chidi\Desktop\Scala_Project\poker\Combinations.scala. Using presentation compiler with project's scala-library version: 3.3.8
2026.09.29 08:25:04 INFO  no build target found for C:\Users\chidi\Desktop\Scala_Project\poker\Combinations.scala. Using presentation compiler with project's scala-library version: 3.3.8
2026.09.29 08:25:04 INFO  no build target found for C:\Users\chidi\Desktop\Scala_Project\poker\Combinations.scala. Using presentation compiler with project's scala-library version: 3.3.8
2026.09.29 08:25:04 INFO  no build target found for C:\Users\chidi\Desktop\Scala_Project\poker\Combinations.scala. Using presentation compiler with project's scala-library version: 3.3.8
2026.09.29 08:25:04 INFO  no build target found for C:\Users\chidi\Desktop\Scala_Project\poker\Combinations.scala. Using presentation compiler with project's scala-library version: 3.3.8
2026.09.29 08:25:04 INFO  no build target found for C:\Users\chidi\Desktop\Scala_Project\poker\Combinations.scala. Using presentation compiler with project's scala-library version: 3.3.8
2026.09.29 08:25:04 INFO  no build target found for C:\Users\chidi\Desktop\Scala_Project\poker\Combinations.scala. Using presentation compiler with project's scala-library version: 3.3.8
2026.09.29 08:25:04 INFO  no build target found for C:\Users\chidi\Desktop\Scala_Project\poker\Combinations.scala. Using presentation compiler with project's scala-library version: 3.3.8
2026.09.29 08:25:04 INFO  no build target found for C:\Users\chidi\Desktop\Scala_Project\poker\Combinations.scala. Using presentation compiler with project's scala-library version: 3.3.8
2026.09.29 08:25:04 INFO  no build target found for C:\Users\chidi\Desktop\Scala_Project\poker\Combinations.scala. Using presentation compiler with project's scala-library version: 3.3.8
2026.09.29 08:25:05 INFO  no build target found for C:\Users\chidi\Desktop\Scala_Project\poker\Combinations.scala. Using presentation compiler with project's scala-library version: 3.3.8
2026.09.29 08:25:05 INFO  no build target found for C:\Users\chidi\Desktop\Scala_Project\poker\Combinations.scala. Using presentation compiler with project's scala-library version: 3.3.8
2026.09.29 08:25:05 INFO  no build target found for C:\Users\chidi\Desktop\Scala_Project\poker\Combinations.scala. Using presentation compiler with project's scala-library version: 3.3.8
2026.09.29 08:25:05 INFO  no build target found for C:\Users\chidi\Desktop\Scala_Project\poker\Combinations.scala. Using presentation compiler with project's scala-library version: 3.3.8
2026.09.29 08:25:05 INFO  no build target found for C:\Users\chidi\Desktop\Scala_Project\poker\Combinations.scala. Using presentation compiler with project's scala-library version: 3.3.8
2026.09.29 08:25:05 INFO  no build target found for C:\Users\chidi\Desktop\Scala_Project\poker\Combinations.scala. Using presentation compiler with project's scala-library version: 3.3.8
2026.09.29 08:25:05 INFO  no build target found for C:\Users\chidi\Desktop\Scala_Project\poker\Combinations.scala. Using presentation compiler with project's scala-library version: 3.3.8
2026.09.29 08:25:06 INFO  no build target found for C:\Users\chidi\Desktop\Scala_Project\poker\Combinations.scala. Using presentation compiler with project's scala-library version: 3.3.8
2026.09.29 08:25:06 INFO  no build target found for C:\Users\chidi\Desktop\Scala_Project\poker\Combinations.scala. Using presentation compiler with project's scala-library version: 3.3.8
2026.09.29 08:25:06 INFO  no build target found for C:\Users\chidi\Desktop\Scala_Project\poker\Combinations.scala. Using presentation compiler with project's scala-library version: 3.3.8
2026.09.29 08:25:06 INFO  no build target found for C:\Users\chidi\Desktop\Scala_Project\poker\Combinations.scala. Using presentation compiler with project's scala-library version: 3.3.8
2026.09.29 08:25:06 INFO  no build target found for C:\Users\chidi\Desktop\Scala_Project\poker\Combinations.scala. Using presentation compiler with project's scala-library version: 3.3.8
2026.09.29 08:25:07 INFO  no build target found for C:\Users\chidi\Desktop\Scala_Project\poker\Combinations.scala. Using presentation compiler with project's scala-library version: 3.3.8
2026.09.29 08:25:06 INFO  no build target found for C:\Users\chidi\Desktop\Scala_Project\poker\Combinations.scala. Using presentation compiler with project's scala-library version: 3.3.8
2026.09.29 08:25:06 INFO  no build target found for C:\Users\chidi\Desktop\Scala_Project\poker\Combinations.scala. Using presentation compiler with project's scala-library version: 3.3.8
2026.09.29 08:25:07 INFO  no build target found for C:\Users\chidi\Desktop\Scala_Project\poker\Combinations.scala. Using presentation compiler with project's scala-library version: 3.3.8
2026.09.29 08:25:07 INFO  no build target found for C:\Users\chidi\Desktop\Scala_Project\poker\Combinations.scala. Using presentation compiler with project's scala-library version: 3.3.8
2026.09.29 08:25:07 INFO  no build target found for C:\Users\chidi\Desktop\Scala_Project\poker\Combinations.scala. Using presentation compiler with project's scala-library version: 3.3.8
2026.09.29 08:25:07 INFO  no build target found for C:\Users\chidi\Desktop\Scala_Project\poker\Combinations.scala. Using presentation compiler with project's scala-library version: 3.3.8
2026.09.29 08:25:07 INFO  no build target found for C:\Users\chidi\Desktop\Scala_Project\poker\Combinations.scala. Using presentation compiler with project's scala-library version: 3.3.8
2026.09.29 08:25:08 INFO  no build target found for C:\Users\chidi\Desktop\Scala_Project\poker\Combinations.scala. Using presentation compiler with project's scala-library version: 3.3.8
2026.09.29 08:25:07 INFO  no build target found for C:\Users\chidi\Desktop\Scala_Project\poker\Combinations.scala. Using presentation compiler with project's scala-library version: 3.3.8
2026.09.29 08:25:07 INFO  no build target found for C:\Users\chidi\Desktop\Scala_Project\poker\Combinations.scala. Using presentation compiler with project's scala-library version: 3.3.8
2026.09.29 08:25:07 INFO  no build target found for C:\Users\chidi\Desktop\Scala_Project\poker\Combinations.scala. Using presentation compiler with project's scala-library version: 3.3.8
2026.09.29 08:25:07 INFO  no build target found for C:\Users\chidi\Desktop\Scala_Project\poker\Combinations.scala. Using presentation compiler with project's scala-library version: 3.3.8
2026.09.29 08:25:08 INFO  no build target found for C:\Users\chidi\Desktop\Scala_Project\poker\Combinations.scala. Using presentation compiler with project's scala-library version: 3.3.8
2026.09.29 08:25:07 INFO  no build target found for C:\Users\chidi\Desktop\Scala_Project\poker\Combinations.scala. Using presentation compiler with project's scala-library version: 3.3.8
2026.09.29 08:25:07 INFO  no build target found for C:\Users\chidi\Desktop\Scala_Project\poker\Combinations.scala. Using presentation compiler with project's scala-library version: 3.3.8
2026.09.29 08:25:09 INFO  no build target found for C:\Users\chidi\Desktop\Scala_Project\poker\Combinations.scala. Using presentation compiler with project's scala-library version: 3.3.8
2026.09.29 08:25:09 INFO  no build target found for C:\Users\chidi\Desktop\Scala_Project\poker\Combinations.scala. Using presentation compiler with project's scala-library version: 3.3.8
2026.09.29 08:25:09 INFO  no build target found for C:\Users\chidi\Desktop\Scala_Project\poker\Combinations.scala. Using presentation compiler with project's scala-library version: 3.3.8
2026.09.29 08:25:08 INFO  no build target found for C:\Users\chidi\Desktop\Scala_Project\poker\Combinations.scala. Using presentation compiler with project's scala-library version: 3.3.8
2026.09.29 08:25:09 INFO  no build target found for C:\Users\chidi\Desktop\Scala_Project\poker\Combinations.scala. Using presentation compiler with project's scala-library version: 3.3.8
2026.09.29 08:25:09 INFO  no build target found for C:\Users\chidi\Desktop\Scala_Project\poker\Combinations.scala. Using presentation compiler with project's scala-library version: 3.3.8
2026.09.29 08:25:08 INFO  no build target found for C:\Users\chidi\Desktop\Scala_Project\poker\Combinations.scala. Using presentation compiler with project's scala-library version: 3.3.8
2026.09.29 08:25:09 INFO  no build target found for C:\Users\chidi\Desktop\Scala_Project\poker\Combinations.scala. Using presentation compiler with project's scala-library version: 3.3.8
2026.09.29 08:25:09 INFO  no build target found for C:\Users\chidi\Desktop\Scala_Project\poker\Combinations.scala. Using presentation compiler with project's scala-library version: 3.3.8
2026.09.29 08:25:10 INFO  no build target found for C:\Users\chidi\Desktop\Scala_Project\poker\Combinations.scala. Using presentation compiler with project's scala-library version: 3.3.8
2026.09.29 08:25:10 INFO  no build target found for C:\Users\chidi\Desktop\Scala_Project\poker\Combinations.scala. Using presentation compiler with project's scala-library version: 3.3.8
2026.09.29 08:25:10 INFO  no build target found for C:\Users\chidi\Desktop\Scala_Project\poker\Combinations.scala. Using presentation compiler with project's scala-library version: 3.3.8
2026.09.29 08:25:10 INFO  no build target found for C:\Users\chidi\Desktop\Scala_Project\poker\Combinations.scala. Using presentation compiler with project's scala-library version: 3.3.8
2026.09.29 08:25:10 INFO  no build target found for C:\Users\chidi\Desktop\Scala_Project\poker\Combinations.scala. Using presentation compiler with project's scala-library version: 3.3.8
2026.09.29 08:25:10 INFO  no build target found for C:\Users\chidi\Desktop\Scala_Project\poker\Combinations.scala. Using presentation compiler with project's scala-library version: 3.3.8
2026.09.29 08:25:10 INFO  no build target found for C:\Users\chidi\Desktop\Scala_Project\poker\Combinations.scala. Using presentation compiler with project's scala-library version: 3.3.8
2026.09.29 08:25:10 INFO  no build target found for C:\Users\chidi\Desktop\Scala_Project\poker\Combinations.scala. Using presentation compiler with project's scala-library version: 3.3.8
2026.09.29 08:25:10 INFO  no build target found for C:\Users\chidi\Desktop\Scala_Project\poker\Combinations.scala. Using presentation compiler with project's scala-library version: 3.3.8
2026.09.29 08:25:10 INFO  no build target found for C:\Users\chidi\Desktop\Scala_Project\poker\Combinations.scala. Using presentation compiler with project's scala-library version: 3.3.8
2026.09.29 08:25:10 INFO  no build target found for C:\Users\chidi\Desktop\Scala_Project\poker\Combinations.scala. Using presentation compiler with project's scala-library version: 3.3.8
2026.09.29 08:25:11 INFO  no build target found for C:\Users\chidi\Desktop\Scala_Project\poker\Combinations.scala. Using presentation compiler with project's scala-library version: 3.3.8
2026.09.29 08:25:11 INFO  no build target found for C:\Users\chidi\Desktop\Scala_Project\poker\Combinations.scala. Using presentation compiler with project's scala-library version: 3.3.8
2026.09.29 08:25:11 INFO  no build target found for C:\Users\chidi\Desktop\Scala_Project\poker\Combinations.scala. Using presentation compiler with project's scala-library version: 3.3.8
2026.09.29 08:25:11 INFO  no build target found for C:\Users\chidi\Desktop\Scala_Project\poker\Combinations.scala. Using presentation compiler with project's scala-library version: 3.3.8
2026.09.29 08:25:11 INFO  no build target found for C:\Users\chidi\Desktop\Scala_Project\poker\Combinations.scala. Using presentation compiler with project's scala-library version: 3.3.8
2026.09.29 08:25:11 INFO  no build target found for C:\Users\chidi\Desktop\Scala_Project\poker\Combinations.scala. Using presentation compiler with project's scala-library version: 3.3.8
2026.09.29 08:25:11 INFO  no build target found for C:\Users\chidi\Desktop\Scala_Project\poker\Combinations.scala. Using presentation compiler with project's scala-library version: 3.3.8
2026.09.29 08:25:11 INFO  no build target found for C:\Users\chidi\Desktop\Scala_Project\poker\Combinations.scala. Using presentation compiler with project's scala-library version: 3.3.8
2026.09.29 08:25:11 INFO  no build target found for C:\Users\chidi\Desktop\Scala_Project\poker\Combinations.scala. Using presentation compiler with project's scala-library version: 3.3.8
2026.09.29 08:25:11 INFO  no build target found for C:\Users\chidi\Desktop\Scala_Project\poker\Combinations.scala. Using presentation compiler with project's scala-library version: 3.3.8
2026.09.29 08:25:11 INFO  no build target found for C:\Users\chidi\Desktop\Scala_Project\poker\Combinations.scala. Using presentation compiler with project's scala-library version: 3.3.8
2026.09.29 08:25:12 INFO  no build target found for C:\Users\chidi\Desktop\Scala_Project\poker\Combinations.scala. Using presentation compiler with project's scala-library version: 3.3.8
2026.09.29 08:25:12 INFO  no build target found for C:\Users\chidi\Desktop\Scala_Project\poker\Combinations.scala. Using presentation compiler with project's scala-library version: 3.3.8
2026.09.29 08:25:12 INFO  no build target found for C:\Users\chidi\Desktop\Scala_Project\poker\Combinations.scala. Using presentation compiler with project's scala-library version: 3.3.8
2026.09.29 08:25:12 INFO  no build target found for C:\Users\chidi\Desktop\Scala_Project\poker\Combinations.scala. Using presentation compiler with project's scala-library version: 3.3.8
2026.09.29 08:25:12 INFO  no build target found for C:\Users\chidi\Desktop\Scala_Project\poker\Combinations.scala. Using presentation compiler with project's scala-library version: 3.3.8
2026.09.29 08:25:12 INFO  no build target found for C:\Users\chidi\Desktop\Scala_Project\poker\Combinations.scala. Using presentation compiler with project's scala-library version: 3.3.8
2026.09.29 08:25:12 INFO  no build target found for C:\Users\chidi\Desktop\Scala_Project\poker\Combinations.scala. Using presentation compiler with project's scala-library version: 3.3.8
2026.09.29 08:25:12 INFO  no build target found for C:\Users\chidi\Desktop\Scala_Project\poker\Combinations.scala. Using presentation compiler with project's scala-library version: 3.3.8
2026.09.29 08:25:12 INFO  no build target found for C:\Users\chidi\Desktop\Scala_Project\poker\Combinations.scala. Using presentation compiler with project's scala-library version: 3.3.8
2026.09.29 08:25:12 INFO  no build target found for C:\Users\chidi\Desktop\Scala_Project\poker\Combinations.scala. Using presentation compiler with project's scala-library version: 3.3.8
2026.09.29 08:25:12 INFO  no build target found for C:\Users\chidi\Desktop\Scala_Project\poker\Combinations.scala. Using presentation compiler with project's scala-library version: 3.3.8
2026.09.29 08:25:13 INFO  no build target found for C:\Users\chidi\Desktop\Scala_Project\poker\Combinations.scala. Using presentation compiler with project's scala-library version: 3.3.8
2026.09.29 08:25:13 INFO  no build target found for C:\Users\chidi\Desktop\Scala_Project\poker\Combinations.scala. Using presentation compiler with project's scala-library version: 3.3.8
2026.09.29 08:25:13 INFO  no build target found for C:\Users\chidi\Desktop\Scala_Project\poker\Combinations.scala. Using presentation compiler with project's scala-library version: 3.3.8
2026.09.29 08:25:13 INFO  no build target found for C:\Users\chidi\Desktop\Scala_Project\poker\Combinations.scala. Using presentation compiler with project's scala-library version: 3.3.8
2026.09.29 08:25:13 INFO  no build target found for C:\Users\chidi\Desktop\Scala_Project\poker\Combinations.scala. Using presentation compiler with project's scala-library version: 3.3.8
2026.09.29 08:25:14 INFO  no build target found for C:\Users\chidi\Desktop\Scala_Project\poker\Combinations.scala. Using presentation compiler with project's scala-library version: 3.3.8
2026.09.29 08:25:13 INFO  no build target found for C:\Users\chidi\Desktop\Scala_Project\poker\Combinations.scala. Using presentation compiler with project's scala-library version: 3.3.8
2026.09.29 08:25:14 INFO  no build target found for C:\Users\chidi\Desktop\Scala_Project\poker\Combinations.scala. Using presentation compiler with project's scala-library version: 3.3.8
2026.09.29 08:25:14 INFO  no build target found for C:\Users\chidi\Desktop\Scala_Project\poker\Combinations.scala. Using presentation compiler with project's scala-library version: 3.3.8
2026.09.29 08:25:14 INFO  no build target found for C:\Users\chidi\Desktop\Scala_Project\poker\Combinations.scala. Using presentation compiler with project's scala-library version: 3.3.8
2026.09.29 08:25:14 INFO  no build target found for C:\Users\chidi\Desktop\Scala_Project\poker\Combinations.scala. Using presentation compiler with project's scala-library version: 3.3.8
2026.09.29 08:25:14 INFO  no build target found for C:\Users\chidi\Desktop\Scala_Project\poker\Combinations.scala. Using presentation compiler with project's scala-library version: 3.3.8
2026.09.29 08:25:14 INFO  no build target found for C:\Users\chidi\Desktop\Scala_Project\poker\Combinations.scala. Using presentation compiler with project's scala-library version: 3.3.8
2026.09.29 08:25:14 INFO  no build target found for C:\Users\chidi\Desktop\Scala_Project\poker\Combinations.scala. Using presentation compiler with project's scala-library version: 3.3.8
2026.09.29 08:25:14 INFO  no build target found for C:\Users\chidi\Desktop\Scala_Project\poker\Combinations.scala. Using presentation compiler with project's scala-library version: 3.3.8
2026.09.29 08:25:14 INFO  no build target found for C:\Users\chidi\Desktop\Scala_Project\poker\Combinations.scala. Using presentation compiler with project's scala-library version: 3.3.8
2026.09.29 08:25:15 INFO  no build target found for C:\Users\chidi\Desktop\Scala_Project\poker\Combinations.scala. Using presentation compiler with project's scala-library version: 3.3.8
2026.09.29 08:25:14 INFO  no build target found for C:\Users\chidi\Desktop\Scala_Project\poker\Combinations.scala. Using presentation compiler with project's scala-library version: 3.3.8
2026.09.29 08:25:14 INFO  no build target found for C:\Users\chidi\Desktop\Scala_Project\poker\Combinations.scala. Using presentation compiler with project's scala-library version: 3.3.8
2026.09.29 08:25:15 INFO  no build target found for C:\Users\chidi\Desktop\Scala_Project\poker\Combinations.scala. Using presentation compiler with project's scala-library version: 3.3.8
2026.09.29 08:25:15 INFO  no build target found for C:\Users\chidi\Desktop\Scala_Project\poker\Combinations.scala. Using presentation compiler with project's scala-library version: 3.3.8
2026.09.29 08:25:15 INFO  no build target found for C:\Users\chidi\Desktop\Scala_Project\poker\Combinations.scala. Using presentation compiler with project's scala-library version: 3.3.8
2026.09.29 08:25:15 INFO  no build target found for C:\Users\chidi\Desktop\Scala_Project\poker\Combinations.scala. Using presentation compiler with project's scala-library version: 3.3.8
2026.09.29 08:25:15 INFO  no build target found for C:\Users\chidi\Desktop\Scala_Project\poker\Combinations.scala. Using presentation compiler with project's scala-library version: 3.3.8
2026.09.29 08:25:15 INFO  no build target found for C:\Users\chidi\Desktop\Scala_Project\poker\Combinations.scala. Using presentation compiler with project's scala-library version: 3.3.8
2026.09.29 08:25:15 INFO  no build target found for C:\Users\chidi\Desktop\Scala_Project\poker\Combinations.scala. Using presentation compiler with project's scala-library version: 3.3.8
2026.09.29 08:25:16 INFO  no build target found for C:\Users\chidi\Desktop\Scala_Project\poker\Combinations.scala. Using presentation compiler with project's scala-library version: 3.3.8
2026.09.29 08:25:15 INFO  no build target found for C:\Users\chidi\Desktop\Scala_Project\poker\Combinations.scala. Using presentation compiler with project's scala-library version: 3.3.8
2026.09.29 08:25:16 INFO  no build target found for C:\Users\chidi\Desktop\Scala_Project\poker\Combinations.scala. Using presentation compiler with project's scala-library version: 3.3.8
2026.09.29 08:25:16 WARN  no build target for: C:\Users\chidi\Desktop\Scala_Project\poker\Combinations.scala
2026.09.29 08:25:16 INFO  no build target found for C:\Users\chidi\Desktop\Scala_Project\poker\Combinations.scala. Using presentation compiler with project's scala-library version: 3.3.8
2026.09.29 08:25:17 INFO  no build target found for C:\Users\chidi\Desktop\Scala_Project\poker\Combinations.scala. Using presentation compiler with project's scala-library version: 3.3.8
2026.09.29 08:25:18 INFO  no build target found for C:\Users\chidi\Desktop\Scala_Project\poker\Combinations.scala. Using presentation compiler with project's scala-library version: 3.3.8
2026.09.29 08:25:17 INFO  no build target found for C:\Users\chidi\Desktop\Scala_Project\poker\Combinations.scala. Using presentation compiler with project's scala-library version: 3.3.8
2026.09.29 08:25:17 INFO  no build target found for C:\Users\chidi\Desktop\Scala_Project\poker\Combinations.scala. Using presentation compiler with project's scala-library version: 3.3.8
2026.09.29 08:25:18 INFO  no build target found for C:\Users\chidi\Desktop\Scala_Project\poker\Combinations.scala. Using presentation compiler with project's scala-library version: 3.3.8
2026.09.29 08:25:18 INFO  no build target found for C:\Users\chidi\Desktop\Scala_Project\poker\Combinations.scala. Using presentation compiler with project's scala-library version: 3.3.8
2026.09.29 08:25:18 INFO  no build target found for C:\Users\chidi\Desktop\Scala_Project\poker\Combinations.scala. Using presentation compiler with project's scala-library version: 3.3.8
2026.09.29 08:25:18 INFO  no build target found for C:\Users\chidi\Desktop\Scala_Project\poker\Combinations.scala. Using presentation compiler with project's scala-library version: 3.3.8
2026.09.29 08:25:18 INFO  no build target found for C:\Users\chidi\Desktop\Scala_Project\poker\Combinations.scala. Using presentation compiler with project's scala-library version: 3.3.8
2026.09.29 08:25:18 INFO  no build target found for C:\Users\chidi\Desktop\Scala_Project\poker\Combinations.scala. Using presentation compiler with project's scala-library version: 3.3.8
2026.09.29 08:25:18 INFO  no build target found for C:\Users\chidi\Desktop\Scala_Project\poker\Combinations.scala. Using presentation compiler with project's scala-library version: 3.3.8
2026.09.29 08:25:19 INFO  no build target found for C:\Users\chidi\Desktop\Scala_Project\poker\Combinations.scala. Using presentation compiler with project's scala-library version: 3.3.8
2026.09.29 08:25:18 INFO  no build target found for C:\Users\chidi\Desktop\Scala_Project\poker\Combinations.scala. Using presentation compiler with project's scala-library version: 3.3.8
2026.09.29 08:25:18 INFO  no build target found for C:\Users\chidi\Desktop\Scala_Project\poker\Combinations.scala. Using presentation compiler with project's scala-library version: 3.3.8
2026.09.29 08:25:18 INFO  no build target found for C:\Users\chidi\Desktop\Scala_Project\poker\Combinations.scala. Using presentation compiler with project's scala-library version: 3.3.8
2026.09.29 08:25:18 INFO  no build target found for C:\Users\chidi\Desktop\Scala_Project\poker\Combinations.scala. Using presentation compiler with project's scala-library version: 3.3.8
2026.09.29 08:25:19 INFO  no build target found for C:\Users\chidi\Desktop\Scala_Project\poker\Combinations.scala. Using presentation compiler with project's scala-library version: 3.3.8
2026.09.29 08:25:18 INFO  no build target found for C:\Users\chidi\Desktop\Scala_Project\poker\Combinations.scala. Using presentation compiler with project's scala-library version: 3.3.8
2026.09.29 08:25:18 INFO  no build target found for C:\Users\chidi\Desktop\Scala_Project\poker\Combinations.scala. Using presentation compiler with project's scala-library version: 3.3.8
2026.09.29 08:25:18 INFO  no build target found for C:\Users\chidi\Desktop\Scala_Project\poker\Combinations.scala. Using presentation compiler with project's scala-library version: 3.3.8
2026.09.29 08:25:18 INFO  no build target found for C:\Users\chidi\Desktop\Scala_Project\poker\Combinations.scala. Using presentation compiler with project's scala-library version: 3.3.8
2026.09.29 08:25:19 INFO  no build target found for C:\Users\chidi\Desktop\Scala_Project\poker\Combinations.scala. Using presentation compiler with project's scala-library version: 3.3.8
2026.09.29 08:25:19 INFO  no build target found for C:\Users\chidi\Desktop\Scala_Project\poker\Combinations.scala. Using presentation compiler with project's scala-library version: 3.3.8
2026.09.29 08:25:19 INFO  no build target found for C:\Users\chidi\Desktop\Scala_Project\poker\Combinations.scala. Using presentation compiler with project's scala-library version: 3.3.8
2026.09.29 08:25:19 INFO  no build target found for C:\Users\chidi\Desktop\Scala_Project\poker\Combinations.scala. Using presentation compiler with project's scala-library version: 3.3.8
2026.09.29 08:25:19 INFO  no build target found for C:\Users\chidi\Desktop\Scala_Project\poker\Combinations.scala. Using presentation compiler with project's scala-library version: 3.3.8
2026.09.29 08:25:20 INFO  no build target found for C:\Users\chidi\Desktop\Scala_Project\poker\Combinations.scala. Using presentation compiler with project's scala-library version: 3.3.8
2026.09.29 08:25:19 INFO  no build target found for C:\Users\chidi\Desktop\Scala_Project\poker\Combinations.scala. Using presentation compiler with project's scala-library version: 3.3.8
2026.09.29 08:25:19 INFO  no build target found for C:\Users\chidi\Desktop\Scala_Project\poker\Combinations.scala. Using presentation compiler with project's scala-library version: 3.3.8
2026.09.29 08:25:19 INFO  no build target found for C:\Users\chidi\Desktop\Scala_Project\poker\Combinations.scala. Using presentation compiler with project's scala-library version: 3.3.8
2026.09.29 08:25:20 INFO  no build target found for C:\Users\chidi\Desktop\Scala_Project\poker\Combinations.scala. Using presentation compiler with project's scala-library version: 3.3.8
2026.09.29 08:25:19 INFO  no build target found for C:\Users\chidi\Desktop\Scala_Project\poker\Combinations.scala. Using presentation compiler with project's scala-library version: 3.3.8
2026.09.29 08:25:21 INFO  no build target found for C:\Users\chidi\Desktop\Scala_Project\poker\Combinations.scala. Using presentation compiler with project's scala-library version: 3.3.8
2026.09.29 08:25:21 WARN  no build target for: C:\Users\chidi\Desktop\Scala_Project\poker\Combinations.scala
2026.09.29 08:25:21 INFO  no build target found for C:\Users\chidi\Desktop\Scala_Project\poker\Combinations.scala. Using presentation compiler with project's scala-library version: 3.3.8
2026.09.29 08:25:22 INFO  no build target found for C:\Users\chidi\Desktop\Scala_Project\poker\Combinations.scala. Using presentation compiler with project's scala-library version: 3.3.8
2026.09.29 08:25:22 INFO  no build target found for C:\Users\chidi\Desktop\Scala_Project\poker\Combinations.scala. Using presentation compiler with project's scala-library version: 3.3.8
2026.09.29 08:25:22 INFO  no build target found for C:\Users\chidi\Desktop\Scala_Project\poker\Combinations.scala. Using presentation compiler with project's scala-library version: 3.3.8
2026.09.29 08:25:22 INFO  no build target found for C:\Users\chidi\Desktop\Scala_Project\poker\Combinations.scala. Using presentation compiler with project's scala-library version: 3.3.8
2026.09.29 08:25:22 INFO  no build target found for C:\Users\chidi\Desktop\Scala_Project\poker\Combinations.scala. Using presentation compiler with project's scala-library version: 3.3.8
2026.09.29 08:25:22 INFO  no build target found for C:\Users\chidi\Desktop\Scala_Project\poker\Combinations.scala. Using presentation compiler with project's scala-library version: 3.3.8
2026.09.29 08:25:23 INFO  no build target found for C:\Users\chidi\Desktop\Scala_Project\poker\Combinations.scala. Using presentation compiler with project's scala-library version: 3.3.8
2026.09.29 08:25:22 INFO  no build target found for C:\Users\chidi\Desktop\Scala_Project\poker\Combinations.scala. Using presentation compiler with project's scala-library version: 3.3.8
2026.09.29 08:25:22 INFO  no build target found for C:\Users\chidi\Desktop\Scala_Project\poker\Combinations.scala. Using presentation compiler with project's scala-library version: 3.3.8
2026.09.29 08:25:23 INFO  no build target found for C:\Users\chidi\Desktop\Scala_Project\poker\Combinations.scala. Using presentation compiler with project's scala-library version: 3.3.8
2026.09.29 08:25:23 INFO  no build target found for C:\Users\chidi\Desktop\Scala_Project\poker\Combinations.scala. Using presentation compiler with project's scala-library version: 3.3.8
2026.09.29 08:25:23 INFO  no build target found for C:\Users\chidi\Desktop\Scala_Project\poker\Combinations.scala. Using presentation compiler with project's scala-library version: 3.3.8
2026.09.29 08:25:23 INFO  no build target found for C:\Users\chidi\Desktop\Scala_Project\poker\Combinations.scala. Using presentation compiler with project's scala-library version: 3.3.8
2026.09.29 08:25:23 INFO  no build target found for C:\Users\chidi\Desktop\Scala_Project\poker\Combinations.scala. Using presentation compiler with project's scala-library version: 3.3.8
2026.09.29 08:25:23 INFO  no build target found for C:\Users\chidi\Desktop\Scala_Project\poker\Combinations.scala. Using presentation compiler with project's scala-library version: 3.3.8
2026.09.29 08:25:23 INFO  no build target found for C:\Users\chidi\Desktop\Scala_Project\poker\Combinations.scala. Using presentation compiler with project's scala-library version: 3.3.8
2026.09.29 08:25:23 INFO  no build target found for C:\Users\chidi\Desktop\Scala_Project\poker\Combinations.scala. Using presentation compiler with project's scala-library version: 3.3.8
2026.09.29 08:25:24 INFO  no build target found for C:\Users\chidi\Desktop\Scala_Project\poker\Combinations.scala. Using presentation compiler with project's scala-library version: 3.3.8
2026.09.29 08:25:24 INFO  no build target found for C:\Users\chidi\Desktop\Scala_Project\poker\Combinations.scala. Using presentation compiler with project's scala-library version: 3.3.8
2026.09.29 08:25:24 INFO  no build target found for C:\Users\chidi\Desktop\Scala_Project\poker\Combinations.scala. Using presentation compiler with project's scala-library version: 3.3.8
2026.09.29 08:25:24 INFO  no build target found for C:\Users\chidi\Desktop\Scala_Project\poker\Combinations.scala. Using presentation compiler with project's scala-library version: 3.3.8
2026.09.29 08:25:24 INFO  no build target found for C:\Users\chidi\Desktop\Scala_Project\poker\Combinations.scala. Using presentation compiler with project's scala-library version: 3.3.8
2026.09.29 08:25:24 INFO  no build target found for C:\Users\chidi\Desktop\Scala_Project\poker\Combinations.scala. Using presentation compiler with project's scala-library version: 3.3.8
2026.09.29 08:25:24 INFO  no build target found for C:\Users\chidi\Desktop\Scala_Project\poker\Combinations.scala. Using presentation compiler with project's scala-library version: 3.3.8
2026.09.29 08:25:24 INFO  no build target found for C:\Users\chidi\Desktop\Scala_Project\poker\Combinations.scala. Using presentation compiler with project's scala-library version: 3.3.8
2026.09.29 08:25:24 INFO  no build target found for C:\Users\chidi\Desktop\Scala_Project\poker\Combinations.scala. Using presentation compiler with project's scala-library version: 3.3.8
2026.09.29 08:25:25 INFO  no build target found for C:\Users\chidi\Desktop\Scala_Project\poker\Combinations.scala. Using presentation compiler with project's scala-library version: 3.3.8
2026.09.29 08:25:25 INFO  no build target found for C:\Users\chidi\Desktop\Scala_Project\poker\Combinations.scala. Using presentation compiler with project's scala-library version: 3.3.8
2026.09.29 08:25:25 INFO  no build target found for C:\Users\chidi\Desktop\Scala_Project\poker\Combinations.scala. Using presentation compiler with project's scala-library version: 3.3.8
2026.09.29 08:25:25 INFO  no build target found for C:\Users\chidi\Desktop\Scala_Project\poker\Combinations.scala. Using presentation compiler with project's scala-library version: 3.3.8
2026.09.29 08:25:26 INFO  no build target found for C:\Users\chidi\Desktop\Scala_Project\poker\Combinations.scala. Using presentation compiler with project's scala-library version: 3.3.8
2026.09.29 08:25:25 INFO  no build target found for C:\Users\chidi\Desktop\Scala_Project\poker\Combinations.scala. Using presentation compiler with project's scala-library version: 3.3.8
2026.09.29 08:25:25 INFO  no build target found for C:\Users\chidi\Desktop\Scala_Project\poker\Combinations.scala. Using presentation compiler with project's scala-library version: 3.3.8
2026.09.29 08:25:27 INFO  no build target found for C:\Users\chidi\Desktop\Scala_Project\poker\Combinations.scala. Using presentation compiler with project's scala-library version: 3.3.8
2026.09.29 08:25:27 WARN  no build target for: C:\Users\chidi\Desktop\Scala_Project\poker\Combinations.scala
2026.09.29 08:25:27 INFO  no build target found for C:\Users\chidi\Desktop\Scala_Project\poker\Combinations.scala. Using presentation compiler with project's scala-library version: 3.3.8
2026.09.29 08:25:27 INFO  no build target found for C:\Users\chidi\Desktop\Scala_Project\poker\Combinations.scala. Using presentation compiler with project's scala-library version: 3.3.8
2026.09.29 08:25:27 INFO  no build target found for C:\Users\chidi\Desktop\Scala_Project\poker\Combinations.scala. Using presentation compiler with project's scala-library version: 3.3.8
2026.09.29 08:25:27 INFO  no build target found for C:\Users\chidi\Desktop\Scala_Project\poker\Combinations.scala. Using presentation compiler with project's scala-library version: 3.3.8
2026.09.29 08:25:27 INFO  no build target found for C:\Users\chidi\Desktop\Scala_Project\poker\Combinations.scala. Using presentation compiler with project's scala-library version: 3.3.8
2026.09.29 08:25:27 INFO  no build target found for C:\Users\chidi\Desktop\Scala_Project\poker\Combinations.scala. Using presentation compiler with project's scala-library version: 3.3.8
2026.09.29 08:25:27 INFO  no build target found for C:\Users\chidi\Desktop\Scala_Project\poker\Combinations.scala. Using presentation compiler with project's scala-library version: 3.3.8
2026.09.29 08:25:27 INFO  no build target found for C:\Users\chidi\Desktop\Scala_Project\poker\Combinations.scala. Using presentation compiler with project's scala-library version: 3.3.8
2026.09.29 08:25:27 INFO  no build target found for C:\Users\chidi\Desktop\Scala_Project\poker\Combinations.scala. Using presentation compiler with project's scala-library version: 3.3.8
2026.09.29 08:25:27 INFO  no build target found for C:\Users\chidi\Desktop\Scala_Project\poker\Combinations.scala. Using presentation compiler with project's scala-library version: 3.3.8
2026.09.29 08:25:27 INFO  no build target found for C:\Users\chidi\Desktop\Scala_Project\poker\Combinations.scala. Using presentation compiler with project's scala-library version: 3.3.8
2026.09.29 08:25:28 INFO  no build target found for C:\Users\chidi\Desktop\Scala_Project\poker\Combinations.scala. Using presentation compiler with project's scala-library version: 3.3.8
2026.09.29 08:25:27 INFO  no build target found for C:\Users\chidi\Desktop\Scala_Project\poker\Combinations.scala. Using presentation compiler with project's scala-library version: 3.3.8
2026.09.29 08:25:27 INFO  no build target found for C:\Users\chidi\Desktop\Scala_Project\poker\Combinations.scala. Using presentation compiler with project's scala-library version: 3.3.8
2026.09.29 08:25:27 INFO  no build target found for C:\Users\chidi\Desktop\Scala_Project\poker\Combinations.scala. Using presentation compiler with project's scala-library version: 3.3.8
2026.09.29 08:25:28 INFO  no build target found for C:\Users\chidi\Desktop\Scala_Project\poker\Combinations.scala. Using presentation compiler with project's scala-library version: 3.3.8
2026.09.29 08:25:28 INFO  no build target found for C:\Users\chidi\Desktop\Scala_Project\poker\Combinations.scala. Using presentation compiler with project's scala-library version: 3.3.8
2026.09.29 08:25:28 INFO  no build target found for C:\Users\chidi\Desktop\Scala_Project\poker\Combinations.scala. Using presentation compiler with project's scala-library version: 3.3.8
2026.09.29 08:25:28 INFO  no build target found for C:\Users\chidi\Desktop\Scala_Project\poker\Combinations.scala. Using presentation compiler with project's scala-library version: 3.3.8
2026.09.29 08:25:28 INFO  no build target found for C:\Users\chidi\Desktop\Scala_Project\poker\Combinations.scala. Using presentation compiler with project's scala-library version: 3.3.8
2026.09.29 08:25:28 INFO  no build target found for C:\Users\chidi\Desktop\Scala_Project\poker\Combinations.scala. Using presentation compiler with project's scala-library version: 3.3.8
2026.09.29 08:25:28 INFO  no build target found for C:\Users\chidi\Desktop\Scala_Project\poker\Combinations.scala. Using presentation compiler with project's scala-library version: 3.3.8
2026.09.29 08:25:28 INFO  no build target found for C:\Users\chidi\Desktop\Scala_Project\poker\Combinations.scala. Using presentation compiler with project's scala-library version: 3.3.8
2026.09.29 08:25:28 INFO  no build target found for C:\Users\chidi\Desktop\Scala_Project\poker\Combinations.scala. Using presentation compiler with project's scala-library version: 3.3.8
2026.09.29 08:25:28 INFO  no build target found for C:\Users\chidi\Desktop\Scala_Project\poker\Combinations.scala. Using presentation compiler with project's scala-library version: 3.3.8
2026.09.29 08:25:29 INFO  no build target found for C:\Users\chidi\Desktop\Scala_Project\poker\Combinations.scala. Using presentation compiler with project's scala-library version: 3.3.8
2026.09.29 08:25:28 INFO  no build target found for C:\Users\chidi\Desktop\Scala_Project\poker\Combinations.scala. Using presentation compiler with project's scala-library version: 3.3.8
2026.09.29 08:25:29 INFO  no build target found for C:\Users\chidi\Desktop\Scala_Project\poker\Combinations.scala. Using presentation compiler with project's scala-library version: 3.3.8
2026.09.29 08:25:30 INFO  no build target found for C:\Users\chidi\Desktop\Scala_Project\poker\Combinations.scala. Using presentation compiler with project's scala-library version: 3.3.8
2026.09.29 08:25:30 WARN  no build target for: C:\Users\chidi\Desktop\Scala_Project\poker\Combinations.scala
2026.09.29 08:25:30 INFO  no build target found for C:\Users\chidi\Desktop\Scala_Project\poker\Combinations.scala. Using presentation compiler with project's scala-library version: 3.3.8
2026.09.29 08:25:31 INFO  no build target found for C:\Users\chidi\Desktop\Scala_Project\poker\Combinations.scala. Using presentation compiler with project's scala-library version: 3.3.8
2026.09.29 08:25:31 INFO  no build target found for C:\Users\chidi\Desktop\Scala_Project\poker\Combinations.scala. Using presentation compiler with project's scala-library version: 3.3.8
2026.09.29 08:25:33 INFO  no build target found for C:\Users\chidi\Desktop\Scala_Project\poker\Combinations.scala. Using presentation compiler with project's scala-library version: 3.3.8
2026.09.29 08:25:33 INFO  no build target found for C:\Users\chidi\Desktop\Scala_Project\poker\Combinations.scala. Using presentation compiler with project's scala-library version: 3.3.8
2026.09.29 08:25:33 INFO  no build target found for C:\Users\chidi\Desktop\Scala_Project\poker\Combinations.scala. Using presentation compiler with project's scala-library version: 3.3.8
2026.09.29 08:25:34 INFO  no build target found for C:\Users\chidi\Desktop\Scala_Project\poker\Combinations.scala. Using presentation compiler with project's scala-library version: 3.3.8
2026.09.29 08:25:34 INFO  no build target found for C:\Users\chidi\Desktop\Scala_Project\poker\Combinations.scala. Using presentation compiler with project's scala-library version: 3.3.8
2026.09.29 08:25:34 INFO  no build target found for C:\Users\chidi\Desktop\Scala_Project\poker\Combinations.scala. Using presentation compiler with project's scala-library version: 3.3.8
2026.09.29 08:25:34 INFO  no build target found for C:\Users\chidi\Desktop\Scala_Project\poker\Combinations.scala. Using presentation compiler with project's scala-library version: 3.3.8
2026.09.29 08:25:34 INFO  no build target found for C:\Users\chidi\Desktop\Scala_Project\poker\Combinations.scala. Using presentation compiler with project's scala-library version: 3.3.8
2026.09.29 08:25:34 INFO  no build target found for C:\Users\chidi\Desktop\Scala_Project\poker\Combinations.scala. Using presentation compiler with project's scala-library version: 3.3.8
2026.09.29 08:25:35 INFO  no build target found for C:\Users\chidi\Desktop\Scala_Project\poker\Combinations.scala. Using presentation compiler with project's scala-library version: 3.3.8
2026.09.29 08:25:35 INFO  no build target found for C:\Users\chidi\Desktop\Scala_Project\poker\Combinations.scala. Using presentation compiler with project's scala-library version: 3.3.8
2026.09.29 08:25:35 INFO  no build target found for C:\Users\chidi\Desktop\Scala_Project\poker\Combinations.scala. Using presentation compiler with project's scala-library version: 3.3.8
2026.09.29 08:25:35 INFO  no build target found for C:\Users\chidi\Desktop\Scala_Project\poker\Combinations.scala. Using presentation compiler with project's scala-library version: 3.3.8
2026.09.29 08:25:35 INFO  no build target found for C:\Users\chidi\Desktop\Scala_Project\poker\Combinations.scala. Using presentation compiler with project's scala-library version: 3.3.8
2026.09.29 08:25:35 INFO  no build target found for C:\Users\chidi\Desktop\Scala_Project\poker\Combinations.scala. Using presentation compiler with project's scala-library version: 3.3.8
2026.09.29 08:25:35 INFO  no build target found for C:\Users\chidi\Desktop\Scala_Project\poker\Combinations.scala. Using presentation compiler with project's scala-library version: 3.3.8
2026.09.29 08:25:35 INFO  no build target found for C:\Users\chidi\Desktop\Scala_Project\poker\Combinations.scala. Using presentation compiler with project's scala-library version: 3.3.8
2026.09.29 08:25:36 INFO  no build target found for C:\Users\chidi\Desktop\Scala_Project\poker\Combinations.scala. Using presentation compiler with project's scala-library version: 3.3.8
2026.09.29 08:25:36 INFO  no build target found for C:\Users\chidi\Desktop\Scala_Project\poker\Combinations.scala. Using presentation compiler with project's scala-library version: 3.3.8
2026.09.29 08:25:37 INFO  no build target found for C:\Users\chidi\Desktop\Scala_Project\poker\Combinations.scala. Using presentation compiler with project's scala-library version: 3.3.8
2026.09.29 08:25:37 WARN  no build target for: C:\Users\chidi\Desktop\Scala_Project\poker\Combinations.scala
2026.09.29 08:25:37 INFO  no build target found for C:\Users\chidi\Desktop\Scala_Project\poker\Combinations.scala. Using presentation compiler with project's scala-library version: 3.3.8
2026.09.29 08:25:38 INFO  no build target found for C:\Users\chidi\Desktop\Scala_Project\poker\Combinations.scala. Using presentation compiler with project's scala-library version: 3.3.8
2026.09.29 08:25:38 INFO  no build target found for C:\Users\chidi\Desktop\Scala_Project\poker\Combinations.scala. Using presentation compiler with project's scala-library version: 3.3.8
2026.09.29 08:25:38 INFO  no build target found for C:\Users\chidi\Desktop\Scala_Project\poker\Combinations.scala. Using presentation compiler with project's scala-library version: 3.3.8
2026.09.29 08:25:38 INFO  no build target found for C:\Users\chidi\Desktop\Scala_Project\poker\Combinations.scala. Using presentation compiler with project's scala-library version: 3.3.8
2026.09.29 08:25:38 INFO  no build target found for C:\Users\chidi\Desktop\Scala_Project\poker\Combinations.scala. Using presentation compiler with project's scala-library version: 3.3.8
2026.09.29 08:25:38 INFO  no build target found for C:\Users\chidi\Desktop\Scala_Project\poker\Combinations.scala. Using presentation compiler with project's scala-library version: 3.3.8
2026.09.29 08:25:38 INFO  no build target found for C:\Users\chidi\Desktop\Scala_Project\poker\Combinations.scala. Using presentation compiler with project's scala-library version: 3.3.8
2026.09.29 08:25:38 INFO  no build target found for C:\Users\chidi\Desktop\Scala_Project\poker\Combinations.scala. Using presentation compiler with project's scala-library version: 3.3.8
2026.09.29 08:25:38 INFO  no build target found for C:\Users\chidi\Desktop\Scala_Project\poker\Combinations.scala. Using presentation compiler with project's scala-library version: 3.3.8
2026.09.29 08:25:38 INFO  no build target found for C:\Users\chidi\Desktop\Scala_Project\poker\Combinations.scala. Using presentation compiler with project's scala-library version: 3.3.8
2026.09.29 08:25:38 INFO  no build target found for C:\Users\chidi\Desktop\Scala_Project\poker\Combinations.scala. Using presentation compiler with project's scala-library version: 3.3.8
2026.09.29 08:25:38 INFO  no build target found for C:\Users\chidi\Desktop\Scala_Project\poker\Combinations.scala. Using presentation compiler with project's scala-library version: 3.3.8
2026.09.29 08:25:38 INFO  no build target found for C:\Users\chidi\Desktop\Scala_Project\poker\Combinations.scala. Using presentation compiler with project's scala-library version: 3.3.8
2026.09.29 08:25:38 INFO  no build target found for C:\Users\chidi\Desktop\Scala_Project\poker\Combinations.scala. Using presentation compiler with project's scala-library version: 3.3.8
2026.09.29 08:25:38 INFO  no build target found for C:\Users\chidi\Desktop\Scala_Project\poker\Combinations.scala. Using presentation compiler with project's scala-library version: 3.3.8
2026.09.29 08:25:38 INFO  no build target found for C:\Users\chidi\Desktop\Scala_Project\poker\Combinations.scala. Using presentation compiler with project's scala-library version: 3.3.8
2026.09.29 08:25:38 INFO  no build target found for C:\Users\chidi\Desktop\Scala_Project\poker\Combinations.scala. Using presentation compiler with project's scala-library version: 3.3.8
2026.09.29 08:25:39 INFO  no build target found for C:\Users\chidi\Desktop\Scala_Project\poker\Combinations.scala. Using presentation compiler with project's scala-library version: 3.3.8
2026.09.29 08:25:39 INFO  no build target found for C:\Users\chidi\Desktop\Scala_Project\poker\Combinations.scala. Using presentation compiler with project's scala-library version: 3.3.8
2026.09.29 08:25:39 INFO  no build target found for C:\Users\chidi\Desktop\Scala_Project\poker\Combinations.scala. Using presentation compiler with project's scala-library version: 3.3.8
2026.09.29 08:25:38 INFO  no build target found for C:\Users\chidi\Desktop\Scala_Project\poker\Combinations.scala. Using presentation compiler with project's scala-library version: 3.3.8
2026.09.29 08:25:39 INFO  no build target found for C:\Users\chidi\Desktop\Scala_Project\poker\Combinations.scala. Using presentation compiler with project's scala-library version: 3.3.8
2026.09.29 08:25:39 INFO  no build target found for C:\Users\chidi\Desktop\Scala_Project\poker\Combinations.scala. Using presentation compiler with project's scala-library version: 3.3.8
2026.09.29 08:25:39 INFO  no build target found for C:\Users\chidi\Desktop\Scala_Project\poker\Combinations.scala. Using presentation compiler with project's scala-library version: 3.3.8
2026.09.29 08:25:39 INFO  no build target found for C:\Users\chidi\Desktop\Scala_Project\poker\Combinations.scala. Using presentation compiler with project's scala-library version: 3.3.8
2026.09.29 08:25:39 INFO  no build target found for C:\Users\chidi\Desktop\Scala_Project\poker\Combinations.scala. Using presentation compiler with project's scala-library version: 3.3.8
2026.09.29 08:25:39 INFO  no build target found for C:\Users\chidi\Desktop\Scala_Project\poker\Combinations.scala. Using presentation compiler with project's scala-library version: 3.3.8
2026.09.29 08:25:39 INFO  no build target found for C:\Users\chidi\Desktop\Scala_Project\poker\Combinations.scala. Using presentation compiler with project's scala-library version: 3.3.8
2026.09.29 08:25:39 INFO  no build target found for C:\Users\chidi\Desktop\Scala_Project\poker\Combinations.scala. Using presentation compiler with project's scala-library version: 3.3.8
2026.09.29 08:25:40 INFO  no build target found for C:\Users\chidi\Desktop\Scala_Project\poker\Combinations.scala. Using presentation compiler with project's scala-library version: 3.3.8
2026.09.29 08:25:40 INFO  no build target found for C:\Users\chidi\Desktop\Scala_Project\poker\Combinations.scala. Using presentation compiler with project's scala-library version: 3.3.8
2026.09.29 08:25:40 INFO  no build target found for C:\Users\chidi\Desktop\Scala_Project\poker\Combinations.scala. Using presentation compiler with project's scala-library version: 3.3.8
2026.09.29 08:25:40 INFO  no build target found for C:\Users\chidi\Desktop\Scala_Project\poker\Combinations.scala. Using presentation compiler with project's scala-library version: 3.3.8
2026.09.29 08:25:40 INFO  no build target found for C:\Users\chidi\Desktop\Scala_Project\poker\Combinations.scala. Using presentation compiler with project's scala-library version: 3.3.8
2026.09.29 08:25:40 INFO  no build target found for C:\Users\chidi\Desktop\Scala_Project\poker\Combinations.scala. Using presentation compiler with project's scala-library version: 3.3.8
2026.09.29 08:25:40 INFO  no build target found for C:\Users\chidi\Desktop\Scala_Project\poker\Combinations.scala. Using presentation compiler with project's scala-library version: 3.3.8
2026.09.29 08:25:41 INFO  no build target found for C:\Users\chidi\Desktop\Scala_Project\poker\Combinations.scala. Using presentation compiler with project's scala-library version: 3.3.8
2026.09.29 08:25:41 INFO  no build target found for C:\Users\chidi\Desktop\Scala_Project\poker\Combinations.scala. Using presentation compiler with project's scala-library version: 3.3.8
2026.09.29 08:25:41 INFO  no build target found for C:\Users\chidi\Desktop\Scala_Project\poker\Combinations.scala. Using presentation compiler with project's scala-library version: 3.3.8
2026.09.29 08:25:41 INFO  no build target found for C:\Users\chidi\Desktop\Scala_Project\poker\Combinations.scala. Using presentation compiler with project's scala-library version: 3.3.8
2026.09.29 08:25:41 INFO  no build target found for C:\Users\chidi\Desktop\Scala_Project\poker\Combinations.scala. Using presentation compiler with project's scala-library version: 3.3.8
2026.09.29 08:25:41 INFO  no build target found for C:\Users\chidi\Desktop\Scala_Project\poker\Combinations.scala. Using presentation compiler with project's scala-library version: 3.3.8
2026.09.29 08:25:41 INFO  no build target found for C:\Users\chidi\Desktop\Scala_Project\poker\Combinations.scala. Using presentation compiler with project's scala-library version: 3.3.8
2026.09.29 08:25:41 INFO  no build target found for C:\Users\chidi\Desktop\Scala_Project\poker\Combinations.scala. Using presentation compiler with project's scala-library version: 3.3.8
2026.09.29 08:25:41 INFO  no build target found for C:\Users\chidi\Desktop\Scala_Project\poker\Combinations.scala. Using presentation compiler with project's scala-library version: 3.3.8
2026.09.29 08:25:42 INFO  no build target found for C:\Users\chidi\Desktop\Scala_Project\poker\Combinations.scala. Using presentation compiler with project's scala-library version: 3.3.8
2026.09.29 08:25:41 INFO  no build target found for C:\Users\chidi\Desktop\Scala_Project\poker\Combinations.scala. Using presentation compiler with project's scala-library version: 3.3.8
2026.09.29 08:25:41 INFO  no build target found for C:\Users\chidi\Desktop\Scala_Project\poker\Combinations.scala. Using presentation compiler with project's scala-library version: 3.3.8
2026.09.29 08:25:42 INFO  no build target found for C:\Users\chidi\Desktop\Scala_Project\poker\Combinations.scala. Using presentation compiler with project's scala-library version: 3.3.8
2026.09.29 08:25:42 INFO  no build target found for C:\Users\chidi\Desktop\Scala_Project\poker\Combinations.scala. Using presentation compiler with project's scala-library version: 3.3.8
2026.09.29 08:25:42 INFO  no build target found for C:\Users\chidi\Desktop\Scala_Project\poker\Combinations.scala. Using presentation compiler with project's scala-library version: 3.3.8
2026.09.29 08:25:42 INFO  no build target found for C:\Users\chidi\Desktop\Scala_Project\poker\Combinations.scala. Using presentation compiler with project's scala-library version: 3.3.8
2026.09.29 08:25:42 INFO  no build target found for C:\Users\chidi\Desktop\Scala_Project\poker\Combinations.scala. Using presentation compiler with project's scala-library version: 3.3.8
2026.09.29 08:25:42 INFO  no build target found for C:\Users\chidi\Desktop\Scala_Project\poker\Combinations.scala. Using presentation compiler with project's scala-library version: 3.3.8
2026.09.29 08:25:42 INFO  no build target found for C:\Users\chidi\Desktop\Scala_Project\poker\Combinations.scala. Using presentation compiler with project's scala-library version: 3.3.8
2026.09.29 08:25:42 INFO  no build target found for C:\Users\chidi\Desktop\Scala_Project\poker\Combinations.scala. Using presentation compiler with project's scala-library version: 3.3.8
2026.09.29 08:25:42 INFO  no build target found for C:\Users\chidi\Desktop\Scala_Project\poker\Combinations.scala. Using presentation compiler with project's scala-library version: 3.3.8
2026.09.29 08:25:42 INFO  no build target found for C:\Users\chidi\Desktop\Scala_Project\poker\Combinations.scala. Using presentation compiler with project's scala-library version: 3.3.8
2026.09.29 08:25:42 INFO  no build target found for C:\Users\chidi\Desktop\Scala_Project\poker\Combinations.scala. Using presentation compiler with project's scala-library version: 3.3.8
2026.09.29 08:25:42 INFO  no build target found for C:\Users\chidi\Desktop\Scala_Project\poker\Combinations.scala. Using presentation compiler with project's scala-library version: 3.3.8
2026.09.29 08:25:42 INFO  no build target found for C:\Users\chidi\Desktop\Scala_Project\poker\Combinations.scala. Using presentation compiler with project's scala-library version: 3.3.8
2026.09.29 08:25:42 INFO  no build target found for C:\Users\chidi\Desktop\Scala_Project\poker\Combinations.scala. Using presentation compiler with project's scala-library version: 3.3.8
2026.09.29 08:25:43 INFO  no build target found for C:\Users\chidi\Desktop\Scala_Project\poker\Combinations.scala. Using presentation compiler with project's scala-library version: 3.3.8
2026.09.29 08:25:43 INFO  no build target found for C:\Users\chidi\Desktop\Scala_Project\poker\Combinations.scala. Using presentation compiler with project's scala-library version: 3.3.8
2026.09.29 08:25:43 INFO  no build target found for C:\Users\chidi\Desktop\Scala_Project\poker\Combinations.scala. Using presentation compiler with project's scala-library version: 3.3.8
2026.09.29 08:25:43 INFO  no build target found for C:\Users\chidi\Desktop\Scala_Project\poker\Combinations.scala. Using presentation compiler with project's scala-library version: 3.3.8
2026.09.29 08:25:42 INFO  no build target found for C:\Users\chidi\Desktop\Scala_Project\poker\Combinations.scala. Using presentation compiler with project's scala-library version: 3.3.8
2026.09.29 08:25:43 INFO  no build target found for C:\Users\chidi\Desktop\Scala_Project\poker\Combinations.scala. Using presentation compiler with project's scala-library version: 3.3.8
2026.09.29 08:25:43 INFO  no build target found for C:\Users\chidi\Desktop\Scala_Project\poker\Combinations.scala. Using presentation compiler with project's scala-library version: 3.3.8
2026.09.29 08:25:43 INFO  no build target found for C:\Users\chidi\Desktop\Scala_Project\poker\Combinations.scala. Using presentation compiler with project's scala-library version: 3.3.8
2026.09.29 08:25:44 INFO  no build target found for C:\Users\chidi\Desktop\Scala_Project\poker\Combinations.scala. Using presentation compiler with project's scala-library version: 3.3.8
2026.09.29 08:25:43 INFO  no build target found for C:\Users\chidi\Desktop\Scala_Project\poker\Combinations.scala. Using presentation compiler with project's scala-library version: 3.3.8
2026.09.29 08:25:43 INFO  no build target found for C:\Users\chidi\Desktop\Scala_Project\poker\Combinations.scala. Using presentation compiler with project's scala-library version: 3.3.8
2026.09.29 08:25:43 INFO  no build target found for C:\Users\chidi\Desktop\Scala_Project\poker\Combinations.scala. Using presentation compiler with project's scala-library version: 3.3.8
2026.09.29 08:25:43 INFO  no build target found for C:\Users\chidi\Desktop\Scala_Project\poker\Combinations.scala. Using presentation compiler with project's scala-library version: 3.3.8
2026.09.29 08:25:44 INFO  no build target found for C:\Users\chidi\Desktop\Scala_Project\poker\Combinations.scala. Using presentation compiler with project's scala-library version: 3.3.8
2026.09.29 08:25:44 INFO  no build target found for C:\Users\chidi\Desktop\Scala_Project\poker\Combinations.scala. Using presentation compiler with project's scala-library version: 3.3.8
2026.09.29 08:25:44 INFO  no build target found for C:\Users\chidi\Desktop\Scala_Project\poker\Combinations.scala. Using presentation compiler with project's scala-library version: 3.3.8
2026.09.29 08:25:44 INFO  no build target found for C:\Users\chidi\Desktop\Scala_Project\poker\Combinations.scala. Using presentation compiler with project's scala-library version: 3.3.8
2026.09.29 08:25:44 INFO  no build target found for C:\Users\chidi\Desktop\Scala_Project\poker\Combinations.scala. Using presentation compiler with project's scala-library version: 3.3.8
2026.09.29 08:25:44 INFO  no build target found for C:\Users\chidi\Desktop\Scala_Project\poker\Combinations.scala. Using presentation compiler with project's scala-library version: 3.3.8
2026.09.29 08:25:44 INFO  no build target found for C:\Users\chidi\Desktop\Scala_Project\poker\Combinations.scala. Using presentation compiler with project's scala-library version: 3.3.8
2026.09.29 08:25:44 INFO  no build target found for C:\Users\chidi\Desktop\Scala_Project\poker\Combinations.scala. Using presentation compiler with project's scala-library version: 3.3.8
2026.09.29 08:25:44 INFO  no build target found for C:\Users\chidi\Desktop\Scala_Project\poker\Combinations.scala. Using presentation compiler with project's scala-library version: 3.3.8
2026.09.29 08:25:44 INFO  no build target found for C:\Users\chidi\Desktop\Scala_Project\poker\Combinations.scala. Using presentation compiler with project's scala-library version: 3.3.8
2026.09.29 08:25:44 INFO  no build target found for C:\Users\chidi\Desktop\Scala_Project\poker\Combinations.scala. Using presentation compiler with project's scala-library version: 3.3.8
2026.09.29 08:25:44 INFO  no build target found for C:\Users\chidi\Desktop\Scala_Project\poker\Combinations.scala. Using presentation compiler with project's scala-library version: 3.3.8
2026.09.29 08:25:44 INFO  no build target found for C:\Users\chidi\Desktop\Scala_Project\poker\Combinations.scala. Using presentation compiler with project's scala-library version: 3.3.8
2026.09.29 08:25:44 INFO  no build target found for C:\Users\chidi\Desktop\Scala_Project\poker\Combinations.scala. Using presentation compiler with project's scala-library version: 3.3.8
2026.09.29 08:25:44 INFO  no build target found for C:\Users\chidi\Desktop\Scala_Project\poker\Combinations.scala. Using presentation compiler with project's scala-library version: 3.3.8
2026.09.29 08:25:44 INFO  no build target found for C:\Users\chidi\Desktop\Scala_Project\poker\Combinations.scala. Using presentation compiler with project's scala-library version: 3.3.8
2026.09.29 08:25:45 INFO  no build target found for C:\Users\chidi\Desktop\Scala_Project\poker\Combinations.scala. Using presentation compiler with project's scala-library version: 3.3.8
2026.09.29 08:25:45 INFO  no build target found for C:\Users\chidi\Desktop\Scala_Project\poker\Combinations.scala. Using presentation compiler with project's scala-library version: 3.3.8
2026.09.29 08:25:45 INFO  no build target found for C:\Users\chidi\Desktop\Scala_Project\poker\Combinations.scala. Using presentation compiler with project's scala-library version: 3.3.8
2026.09.29 08:25:45 INFO  no build target found for C:\Users\chidi\Desktop\Scala_Project\poker\Combinations.scala. Using presentation compiler with project's scala-library version: 3.3.8
2026.09.29 08:25:45 INFO  no build target found for C:\Users\chidi\Desktop\Scala_Project\poker\Combinations.scala. Using presentation compiler with project's scala-library version: 3.3.8
2026.09.29 08:25:45 INFO  no build target found for C:\Users\chidi\Desktop\Scala_Project\poker\Combinations.scala. Using presentation compiler with project's scala-library version: 3.3.8
2026.09.29 08:25:46 INFO  no build target found for C:\Users\chidi\Desktop\Scala_Project\poker\Combinations.scala. Using presentation compiler with project's scala-library version: 3.3.8
2026.09.29 08:25:45 INFO  no build target found for C:\Users\chidi\Desktop\Scala_Project\poker\Combinations.scala. Using presentation compiler with project's scala-library version: 3.3.8
2026.09.29 08:25:45 INFO  no build target found for C:\Users\chidi\Desktop\Scala_Project\poker\Combinations.scala. Using presentation compiler with project's scala-library version: 3.3.8
2026.09.29 08:25:46 INFO  no build target found for C:\Users\chidi\Desktop\Scala_Project\poker\Combinations.scala. Using presentation compiler with project's scala-library version: 3.3.8
2026.09.29 08:25:46 INFO  no build target found for C:\Users\chidi\Desktop\Scala_Project\poker\Combinations.scala. Using presentation compiler with project's scala-library version: 3.3.8
2026.09.29 08:25:47 INFO  no build target found for C:\Users\chidi\Desktop\Scala_Project\poker\Combinations.scala. Using presentation compiler with project's scala-library version: 3.3.8
2026.09.29 08:25:47 WARN  no build target for: C:\Users\chidi\Desktop\Scala_Project\poker\Combinations.scala
2026.09.29 08:25:47 INFO  no build target found for C:\Users\chidi\Desktop\Scala_Project\poker\Combinations.scala. Using presentation compiler with project's scala-library version: 3.3.8
2026.09.29 08:25:46 INFO  no build target found for C:\Users\chidi\Desktop\Scala_Project\poker\Combinations.scala. Using presentation compiler with project's scala-library version: 3.3.8
2026.09.29 08:25:47 INFO  no build target found for C:\Users\chidi\Desktop\Scala_Project\poker\Combinations.scala. Using presentation compiler with project's scala-library version: 3.3.8
2026.09.29 08:25:51 INFO  no build target found for C:\Users\chidi\Desktop\Scala_Project\poker\Combinations.scala. Using presentation compiler with project's scala-library version: 3.3.8
2026.09.29 08:25:51 INFO  no build target found for C:\Users\chidi\Desktop\Scala_Project\poker\Combinations.scala. Using presentation compiler with project's scala-library version: 3.3.8
2026.09.29 08:25:51 INFO  no build target found for C:\Users\chidi\Desktop\Scala_Project\poker\Combinations.scala. Using presentation compiler with project's scala-library version: 3.3.8
2026.09.29 08:25:52 INFO  no build target found for C:\Users\chidi\Desktop\Scala_Project\poker\Combinations.scala. Using presentation compiler with project's scala-library version: 3.3.8
2026.09.29 08:25:52 INFO  no build target found for C:\Users\chidi\Desktop\Scala_Project\poker\Combinations.scala. Using presentation compiler with project's scala-library version: 3.3.8
2026.09.29 08:25:52 INFO  no build target found for C:\Users\chidi\Desktop\Scala_Project\poker\Combinations.scala. Using presentation compiler with project's scala-library version: 3.3.8
2026.09.29 08:25:52 INFO  no build target found for C:\Users\chidi\Desktop\Scala_Project\poker\Combinations.scala. Using presentation compiler with project's scala-library version: 3.3.8
2026.09.29 08:25:52 INFO  no build target found for C:\Users\chidi\Desktop\Scala_Project\poker\Combinations.scala. Using presentation compiler with project's scala-library version: 3.3.8
2026.09.29 08:25:52 INFO  no build target found for C:\Users\chidi\Desktop\Scala_Project\poker\Combinations.scala. Using presentation compiler with project's scala-library version: 3.3.8
2026.09.29 08:25:52 INFO  no build target found for C:\Users\chidi\Desktop\Scala_Project\poker\Combinations.scala. Using presentation compiler with project's scala-library version: 3.3.8
2026.09.29 08:25:53 INFO  no build target found for C:\Users\chidi\Desktop\Scala_Project\poker\Combinations.scala. Using presentation compiler with project's scala-library version: 3.3.8
2026.09.29 08:25:52 INFO  no build target found for C:\Users\chidi\Desktop\Scala_Project\poker\Combinations.scala. Using presentation compiler with project's scala-library version: 3.3.8
2026.09.29 08:25:52 INFO  no build target found for C:\Users\chidi\Desktop\Scala_Project\poker\Combinations.scala. Using presentation compiler with project's scala-library version: 3.3.8
2026.09.29 08:25:52 INFO  no build target found for C:\Users\chidi\Desktop\Scala_Project\poker\Combinations.scala. Using presentation compiler with project's scala-library version: 3.3.8
2026.09.29 08:25:52 INFO  no build target found for C:\Users\chidi\Desktop\Scala_Project\poker\Combinations.scala. Using presentation compiler with project's scala-library version: 3.3.8
2026.09.29 08:25:53 INFO  no build target found for C:\Users\chidi\Desktop\Scala_Project\poker\Combinations.scala. Using presentation compiler with project's scala-library version: 3.3.8
2026.09.29 08:25:52 INFO  no build target found for C:\Users\chidi\Desktop\Scala_Project\poker\Combinations.scala. Using presentation compiler with project's scala-library version: 3.3.8
2026.09.29 08:25:52 INFO  no build target found for C:\Users\chidi\Desktop\Scala_Project\poker\Combinations.scala. Using presentation compiler with project's scala-library version: 3.3.8
2026.09.29 08:25:54 INFO  no build target found for C:\Users\chidi\Desktop\Scala_Project\poker\Combinations.scala. Using presentation compiler with project's scala-library version: 3.3.8
2026.09.29 08:25:54 INFO  no build target found for C:\Users\chidi\Desktop\Scala_Project\poker\Combinations.scala. Using presentation compiler with project's scala-library version: 3.3.8
2026.09.29 08:25:54 INFO  no build target found for C:\Users\chidi\Desktop\Scala_Project\poker\Combinations.scala. Using presentation compiler with project's scala-library version: 3.3.8
2026.09.29 08:25:54 INFO  no build target found for C:\Users\chidi\Desktop\Scala_Project\poker\Combinations.scala. Using presentation compiler with project's scala-library version: 3.3.8
2026.09.29 08:25:54 INFO  no build target found for C:\Users\chidi\Desktop\Scala_Project\poker\Combinations.scala. Using presentation compiler with project's scala-library version: 3.3.8
2026.09.29 08:25:54 INFO  no build target found for C:\Users\chidi\Desktop\Scala_Project\poker\Combinations.scala. Using presentation compiler with project's scala-library version: 3.3.8
2026.09.29 08:25:54 INFO  no build target found for C:\Users\chidi\Desktop\Scala_Project\poker\Combinations.scala. Using presentation compiler with project's scala-library version: 3.3.8
2026.09.29 08:25:54 INFO  no build target found for C:\Users\chidi\Desktop\Scala_Project\poker\Combinations.scala. Using presentation compiler with project's scala-library version: 3.3.8
2026.09.29 08:25:54 INFO  no build target found for C:\Users\chidi\Desktop\Scala_Project\poker\Combinations.scala. Using presentation compiler with project's scala-library version: 3.3.8
2026.09.29 08:25:54 INFO  no build target found for C:\Users\chidi\Desktop\Scala_Project\poker\Combinations.scala. Using presentation compiler with project's scala-library version: 3.3.8
2026.09.29 08:25:54 INFO  no build target found for C:\Users\chidi\Desktop\Scala_Project\poker\Combinations.scala. Using presentation compiler with project's scala-library version: 3.3.8
2026.09.29 08:25:54 INFO  no build target found for C:\Users\chidi\Desktop\Scala_Project\poker\Combinations.scala. Using presentation compiler with project's scala-library version: 3.3.8
2026.09.29 08:25:54 INFO  no build target found for C:\Users\chidi\Desktop\Scala_Project\poker\Combinations.scala. Using presentation compiler with project's scala-library version: 3.3.8
2026.09.29 08:25:54 INFO  no build target found for C:\Users\chidi\Desktop\Scala_Project\poker\Combinations.scala. Using presentation compiler with project's scala-library version: 3.3.8
2026.09.29 08:25:55 INFO  no build target found for C:\Users\chidi\Desktop\Scala_Project\poker\Combinations.scala. Using presentation compiler with project's scala-library version: 3.3.8
2026.09.29 08:25:55 INFO  no build target found for C:\Users\chidi\Desktop\Scala_Project\poker\Combinations.scala. Using presentation compiler with project's scala-library version: 3.3.8
2026.09.29 08:25:55 INFO  no build target found for C:\Users\chidi\Desktop\Scala_Project\poker\Combinations.scala. Using presentation compiler with project's scala-library version: 3.3.8
2026.09.29 08:25:55 INFO  no build target found for C:\Users\chidi\Desktop\Scala_Project\poker\Combinations.scala. Using presentation compiler with project's scala-library version: 3.3.8
2026.09.29 08:25:56 INFO  no build target found for C:\Users\chidi\Desktop\Scala_Project\poker\Combinations.scala. Using presentation compiler with project's scala-library version: 3.3.8
2026.09.29 08:25:56 WARN  no build target for: C:\Users\chidi\Desktop\Scala_Project\poker\Combinations.scala
2026.09.29 08:25:56 INFO  no build target found for C:\Users\chidi\Desktop\Scala_Project\poker\Combinations.scala. Using presentation compiler with project's scala-library version: 3.3.8
2026.09.29 08:25:58 INFO  no build target found for C:\Users\chidi\Desktop\Scala_Project\poker\Combinations.scala. Using presentation compiler with project's scala-library version: 3.3.8
2026.09.29 08:25:58 INFO  no build target found for C:\Users\chidi\Desktop\Scala_Project\poker\Combinations.scala. Using presentation compiler with project's scala-library version: 3.3.8
2026.09.29 08:25:58 INFO  no build target found for C:\Users\chidi\Desktop\Scala_Project\poker\Combinations.scala. Using presentation compiler with project's scala-library version: 3.3.8
2026.09.29 08:25:58 INFO  no build target found for C:\Users\chidi\Desktop\Scala_Project\poker\Combinations.scala. Using presentation compiler with project's scala-library version: 3.3.8
2026.09.29 08:25:58 INFO  no build target found for C:\Users\chidi\Desktop\Scala_Project\poker\Combinations.scala. Using presentation compiler with project's scala-library version: 3.3.8
2026.09.29 08:25:59 INFO  no build target found for C:\Users\chidi\Desktop\Scala_Project\poker\Combinations.scala. Using presentation compiler with project's scala-library version: 3.3.8
2026.09.29 08:25:59 INFO  no build target found for C:\Users\chidi\Desktop\Scala_Project\poker\Combinations.scala. Using presentation compiler with project's scala-library version: 3.3.8
2026.09.29 08:25:59 INFO  no build target found for C:\Users\chidi\Desktop\Scala_Project\poker\Combinations.scala. Using presentation compiler with project's scala-library version: 3.3.8
2026.09.29 08:25:59 INFO  no build target found for C:\Users\chidi\Desktop\Scala_Project\poker\Combinations.scala. Using presentation compiler with project's scala-library version: 3.3.8
2026.09.29 08:25:59 INFO  no build target found for C:\Users\chidi\Desktop\Scala_Project\poker\Combinations.scala. Using presentation compiler with project's scala-library version: 3.3.8
2026.09.29 08:25:59 INFO  no build target found for C:\Users\chidi\Desktop\Scala_Project\poker\Combinations.scala. Using presentation compiler with project's scala-library version: 3.3.8
2026.09.29 08:25:59 INFO  no build target found for C:\Users\chidi\Desktop\Scala_Project\poker\Combinations.scala. Using presentation compiler with project's scala-library version: 3.3.8
2026.09.29 08:25:59 INFO  no build target found for C:\Users\chidi\Desktop\Scala_Project\poker\Combinations.scala. Using presentation compiler with project's scala-library version: 3.3.8
2026.09.29 08:25:59 INFO  no build target found for C:\Users\chidi\Desktop\Scala_Project\poker\Combinations.scala. Using presentation compiler with project's scala-library version: 3.3.8
2026.09.29 08:25:59 INFO  no build target found for C:\Users\chidi\Desktop\Scala_Project\poker\Combinations.scala. Using presentation compiler with project's scala-library version: 3.3.8
2026.09.29 08:25:59 INFO  no build target found for C:\Users\chidi\Desktop\Scala_Project\poker\Combinations.scala. Using presentation compiler with project's scala-library version: 3.3.8
2026.09.29 08:26:00 INFO  no build target found for C:\Users\chidi\Desktop\Scala_Project\poker\Combinations.scala. Using presentation compiler with project's scala-library version: 3.3.8
2026.09.29 08:26:00 INFO  no build target found for C:\Users\chidi\Desktop\Scala_Project\poker\Combinations.scala. Using presentation compiler with project's scala-library version: 3.3.8
2026.09.29 08:26:00 INFO  no build target found for C:\Users\chidi\Desktop\Scala_Project\poker\Combinations.scala. Using presentation compiler with project's scala-library version: 3.3.8
2026.09.29 08:26:00 INFO  no build target found for C:\Users\chidi\Desktop\Scala_Project\poker\Combinations.scala. Using presentation compiler with project's scala-library version: 3.3.8
2026.09.29 08:26:00 INFO  no build target found for C:\Users\chidi\Desktop\Scala_Project\poker\Combinations.scala. Using presentation compiler with project's scala-library version: 3.3.8
2026.09.29 08:26:01 INFO  no build target found for C:\Users\chidi\Desktop\Scala_Project\poker\Combinations.scala. Using presentation compiler with project's scala-library version: 3.3.8
2026.09.29 08:26:00 INFO  no build target found for C:\Users\chidi\Desktop\Scala_Project\poker\Combinations.scala. Using presentation compiler with project's scala-library version: 3.3.8
2026.09.29 08:26:00 INFO  no build target found for C:\Users\chidi\Desktop\Scala_Project\poker\Combinations.scala. Using presentation compiler with project's scala-library version: 3.3.8
2026.09.29 08:26:00 INFO  no build target found for C:\Users\chidi\Desktop\Scala_Project\poker\Combinations.scala. Using presentation compiler with project's scala-library version: 3.3.8
2026.09.29 08:26:00 INFO  no build target found for C:\Users\chidi\Desktop\Scala_Project\poker\Combinations.scala. Using presentation compiler with project's scala-library version: 3.3.8
2026.09.29 08:26:00 INFO  no build target found for C:\Users\chidi\Desktop\Scala_Project\poker\Combinations.scala. Using presentation compiler with project's scala-library version: 3.3.8
2026.09.29 08:26:00 INFO  no build target found for C:\Users\chidi\Desktop\Scala_Project\poker\Combinations.scala. Using presentation compiler with project's scala-library version: 3.3.8
2026.09.29 08:26:01 INFO  no build target found for C:\Users\chidi\Desktop\Scala_Project\poker\Combinations.scala. Using presentation compiler with project's scala-library version: 3.3.8
2026.09.29 08:26:01 INFO  no build target found for C:\Users\chidi\Desktop\Scala_Project\poker\Combinations.scala. Using presentation compiler with project's scala-library version: 3.3.8
2026.09.29 08:26:01 INFO  no build target found for C:\Users\chidi\Desktop\Scala_Project\poker\Combinations.scala. Using presentation compiler with project's scala-library version: 3.3.8
2026.09.29 08:26:01 INFO  no build target found for C:\Users\chidi\Desktop\Scala_Project\poker\Combinations.scala. Using presentation compiler with project's scala-library version: 3.3.8
2026.09.29 08:26:01 INFO  no build target found for C:\Users\chidi\Desktop\Scala_Project\poker\Combinations.scala. Using presentation compiler with project's scala-library version: 3.3.8
2026.09.29 08:26:01 INFO  no build target found for C:\Users\chidi\Desktop\Scala_Project\poker\Combinations.scala. Using presentation compiler with project's scala-library version: 3.3.8
2026.09.29 08:26:01 INFO  no build target found for C:\Users\chidi\Desktop\Scala_Project\poker\Combinations.scala. Using presentation compiler with project's scala-library version: 3.3.8
2026.09.29 08:26:01 INFO  no build target found for C:\Users\chidi\Desktop\Scala_Project\poker\Combinations.scala. Using presentation compiler with project's scala-library version: 3.3.8
2026.09.29 08:26:01 INFO  no build target found for C:\Users\chidi\Desktop\Scala_Project\poker\Combinations.scala. Using presentation compiler with project's scala-library version: 3.3.8
2026.09.29 08:26:01 INFO  no build target found for C:\Users\chidi\Desktop\Scala_Project\poker\Combinations.scala. Using presentation compiler with project's scala-library version: 3.3.8
2026.09.29 08:26:02 INFO  no build target found for C:\Users\chidi\Desktop\Scala_Project\poker\Combinations.scala. Using presentation compiler with project's scala-library version: 3.3.8
2026.09.29 08:26:03 INFO  no build target found for C:\Users\chidi\Desktop\Scala_Project\poker\Combinations.scala. Using presentation compiler with project's scala-library version: 3.3.8
2026.09.29 08:26:03 WARN  no build target for: C:\Users\chidi\Desktop\Scala_Project\poker\Combinations.scala
2026.09.29 08:26:02 INFO  no build target found for C:\Users\chidi\Desktop\Scala_Project\poker\Combinations.scala. Using presentation compiler with project's scala-library version: 3.3.8
2026.09.29 08:26:03 INFO  no build target found for C:\Users\chidi\Desktop\Scala_Project\poker\Combinations.scala. Using presentation compiler with project's scala-library version: 3.3.8
2026.09.29 08:26:03 INFO  no build target found for C:\Users\chidi\Desktop\Scala_Project\poker\Combinations.scala. Using presentation compiler with project's scala-library version: 3.3.8
2026.09.29 08:26:03 INFO  no build target found for C:\Users\chidi\Desktop\Scala_Project\poker\Combinations.scala. Using presentation compiler with project's scala-library version: 3.3.8
2026.09.29 08:26:03 INFO  no build target found for C:\Users\chidi\Desktop\Scala_Project\poker\Combinations.scala. Using presentation compiler with project's scala-library version: 3.3.8
2026.09.29 08:26:03 INFO  no build target found for C:\Users\chidi\Desktop\Scala_Project\poker\Combinations.scala. Using presentation compiler with project's scala-library version: 3.3.8
2026.09.29 08:26:03 INFO  no build target found for C:\Users\chidi\Desktop\Scala_Project\poker\Combinations.scala. Using presentation compiler with project's scala-library version: 3.3.8
2026.09.29 08:26:03 INFO  no build target found for C:\Users\chidi\Desktop\Scala_Project\poker\Combinations.scala. Using presentation compiler with project's scala-library version: 3.3.8
2026.09.29 08:26:03 INFO  no build target found for C:\Users\chidi\Desktop\Scala_Project\poker\Combinations.scala. Using presentation compiler with project's scala-library version: 3.3.8
2026.09.29 08:26:03 INFO  no build target found for C:\Users\chidi\Desktop\Scala_Project\poker\Combinations.scala. Using presentation compiler with project's scala-library version: 3.3.8
2026.09.29 08:26:03 INFO  no build target found for C:\Users\chidi\Desktop\Scala_Project\poker\Combinations.scala. Using presentation compiler with project's scala-library version: 3.3.8
2026.09.29 08:26:03 INFO  no build target found for C:\Users\chidi\Desktop\Scala_Project\poker\Combinations.scala. Using presentation compiler with project's scala-library version: 3.3.8
2026.09.29 08:26:03 INFO  no build target found for C:\Users\chidi\Desktop\Scala_Project\poker\Combinations.scala. Using presentation compiler with project's scala-library version: 3.3.8
2026.09.29 08:26:03 INFO  no build target found for C:\Users\chidi\Desktop\Scala_Project\poker\Combinations.scala. Using presentation compiler with project's scala-library version: 3.3.8
2026.09.29 08:26:03 INFO  no build target found for C:\Users\chidi\Desktop\Scala_Project\poker\Combinations.scala. Using presentation compiler with project's scala-library version: 3.3.8
2026.09.29 08:26:03 INFO  no build target found for C:\Users\chidi\Desktop\Scala_Project\poker\Combinations.scala. Using presentation compiler with project's scala-library version: 3.3.8
2026.09.29 08:26:03 INFO  no build target found for C:\Users\chidi\Desktop\Scala_Project\poker\Combinations.scala. Using presentation compiler with project's scala-library version: 3.3.8
2026.09.29 08:26:03 INFO  no build target found for C:\Users\chidi\Desktop\Scala_Project\poker\Combinations.scala. Using presentation compiler with project's scala-library version: 3.3.8
2026.09.29 08:26:04 INFO  no build target found for C:\Users\chidi\Desktop\Scala_Project\poker\Combinations.scala. Using presentation compiler with project's scala-library version: 3.3.8
2026.09.29 08:26:04 INFO  no build target found for C:\Users\chidi\Desktop\Scala_Project\poker\Combinations.scala. Using presentation compiler with project's scala-library version: 3.3.8
2026.09.29 08:26:04 INFO  no build target found for C:\Users\chidi\Desktop\Scala_Project\poker\Combinations.scala. Using presentation compiler with project's scala-library version: 3.3.8
2026.09.29 08:26:04 INFO  no build target found for C:\Users\chidi\Desktop\Scala_Project\poker\Combinations.scala. Using presentation compiler with project's scala-library version: 3.3.8
2026.09.29 08:26:04 INFO  no build target found for C:\Users\chidi\Desktop\Scala_Project\poker\Combinations.scala. Using presentation compiler with project's scala-library version: 3.3.8
2026.09.29 08:26:04 INFO  no build target found for C:\Users\chidi\Desktop\Scala_Project\poker\Combinations.scala. Using presentation compiler with project's scala-library version: 3.3.8
2026.09.29 08:26:04 INFO  no build target found for C:\Users\chidi\Desktop\Scala_Project\poker\Combinations.scala. Using presentation compiler with project's scala-library version: 3.3.8
2026.09.29 08:26:04 INFO  no build target found for C:\Users\chidi\Desktop\Scala_Project\poker\Combinations.scala. Using presentation compiler with project's scala-library version: 3.3.8
2026.09.29 08:26:04 INFO  no build target found for C:\Users\chidi\Desktop\Scala_Project\poker\Combinations.scala. Using presentation compiler with project's scala-library version: 3.3.8
2026.09.29 08:26:05 INFO  no build target found for C:\Users\chidi\Desktop\Scala_Project\poker\Combinations.scala. Using presentation compiler with project's scala-library version: 3.3.8
2026.09.29 08:26:05 WARN  no build target for: C:\Users\chidi\Desktop\Scala_Project\poker\Combinations.scala
2026.09.29 08:26:05 INFO  no build target found for C:\Users\chidi\Desktop\Scala_Project\poker\Combinations.scala. Using presentation compiler with project's scala-library version: 3.3.8
2026.09.29 08:26:05 INFO  no build target found for C:\Users\chidi\Desktop\Scala_Project\poker\Combinations.scala. Using presentation compiler with project's scala-library version: 3.3.8
2026.09.29 08:26:05 INFO  no build target found for C:\Users\chidi\Desktop\Scala_Project\poker\Combinations.scala. Using presentation compiler with project's scala-library version: 3.3.8
2026.09.29 08:26:05 INFO  no build target found for C:\Users\chidi\Desktop\Scala_Project\poker\Combinations.scala. Using presentation compiler with project's scala-library version: 3.3.8
2026.09.29 08:26:05 INFO  no build target found for C:\Users\chidi\Desktop\Scala_Project\poker\Combinations.scala. Using presentation compiler with project's scala-library version: 3.3.8
2026.09.29 08:26:05 INFO  no build target found for C:\Users\chidi\Desktop\Scala_Project\poker\Combinations.scala. Using presentation compiler with project's scala-library version: 3.3.8
2026.09.29 08:26:05 INFO  no build target found for C:\Users\chidi\Desktop\Scala_Project\poker\Combinations.scala. Using presentation compiler with project's scala-library version: 3.3.8
2026.09.29 08:26:06 INFO  no build target found for C:\Users\chidi\Desktop\Scala_Project\poker\Combinations.scala. Using presentation compiler with project's scala-library version: 3.3.8
2026.09.29 08:26:05 INFO  no build target found for C:\Users\chidi\Desktop\Scala_Project\poker\Combinations.scala. Using presentation compiler with project's scala-library version: 3.3.8
2026.09.29 08:26:05 INFO  no build target found for C:\Users\chidi\Desktop\Scala_Project\poker\Combinations.scala. Using presentation compiler with project's scala-library version: 3.3.8
2026.09.29 08:26:06 INFO  no build target found for C:\Users\chidi\Desktop\Scala_Project\poker\Combinations.scala. Using presentation compiler with project's scala-library version: 3.3.8
2026.09.29 08:26:06 INFO  no build target found for C:\Users\chidi\Desktop\Scala_Project\poker\Combinations.scala. Using presentation compiler with project's scala-library version: 3.3.8
2026.09.29 08:26:06 INFO  no build target found for C:\Users\chidi\Desktop\Scala_Project\poker\Combinations.scala. Using presentation compiler with project's scala-library version: 3.3.8
2026.09.29 08:26:06 INFO  no build target found for C:\Users\chidi\Desktop\Scala_Project\poker\Combinations.scala. Using presentation compiler with project's scala-library version: 3.3.8
2026.09.29 08:26:06 INFO  no build target found for C:\Users\chidi\Desktop\Scala_Project\poker\Combinations.scala. Using presentation compiler with project's scala-library version: 3.3.8
2026.09.29 08:26:06 INFO  no build target found for C:\Users\chidi\Desktop\Scala_Project\poker\Combinations.scala. Using presentation compiler with project's scala-library version: 3.3.8
2026.09.29 08:26:07 INFO  no build target found for C:\Users\chidi\Desktop\Scala_Project\poker\Combinations.scala. Using presentation compiler with project's scala-library version: 3.3.8
2026.09.29 08:26:06 INFO  no build target found for C:\Users\chidi\Desktop\Scala_Project\poker\Combinations.scala. Using presentation compiler with project's scala-library version: 3.3.8
2026.09.29 08:26:06 INFO  no build target found for C:\Users\chidi\Desktop\Scala_Project\poker\Combinations.scala. Using presentation compiler with project's scala-library version: 3.3.8
2026.09.29 08:26:06 INFO  no build target found for C:\Users\chidi\Desktop\Scala_Project\poker\Combinations.scala. Using presentation compiler with project's scala-library version: 3.3.8
2026.09.29 08:26:06 INFO  no build target found for C:\Users\chidi\Desktop\Scala_Project\poker\Combinations.scala. Using presentation compiler with project's scala-library version: 3.3.8
2026.09.29 08:26:06 INFO  no build target found for C:\Users\chidi\Desktop\Scala_Project\poker\Combinations.scala. Using presentation compiler with project's scala-library version: 3.3.8
2026.09.29 08:26:06 INFO  no build target found for C:\Users\chidi\Desktop\Scala_Project\poker\Combinations.scala. Using presentation compiler with project's scala-library version: 3.3.8
2026.09.29 08:26:07 INFO  no build target found for C:\Users\chidi\Desktop\Scala_Project\poker\Combinations.scala. Using presentation compiler with project's scala-library version: 3.3.8
2026.09.29 08:26:06 INFO  no build target found for C:\Users\chidi\Desktop\Scala_Project\poker\Combinations.scala. Using presentation compiler with project's scala-library version: 3.3.8
2026.09.29 08:26:06 INFO  no build target found for C:\Users\chidi\Desktop\Scala_Project\poker\Combinations.scala. Using presentation compiler with project's scala-library version: 3.3.8
2026.09.29 08:26:06 INFO  no build target found for C:\Users\chidi\Desktop\Scala_Project\poker\Combinations.scala. Using presentation compiler with project's scala-library version: 3.3.8
2026.09.29 08:26:06 INFO  no build target found for C:\Users\chidi\Desktop\Scala_Project\poker\Combinations.scala. Using presentation compiler with project's scala-library version: 3.3.8
2026.09.29 08:26:06 INFO  no build target found for C:\Users\chidi\Desktop\Scala_Project\poker\Combinations.scala. Using presentation compiler with project's scala-library version: 3.3.8
2026.09.29 08:26:07 INFO  no build target found for C:\Users\chidi\Desktop\Scala_Project\poker\Combinations.scala. Using presentation compiler with project's scala-library version: 3.3.8
2026.09.29 08:26:07 INFO  no build target found for C:\Users\chidi\Desktop\Scala_Project\poker\Combinations.scala. Using presentation compiler with project's scala-library version: 3.3.8
2026.09.29 08:26:07 INFO  no build target found for C:\Users\chidi\Desktop\Scala_Project\poker\Combinations.scala. Using presentation compiler with project's scala-library version: 3.3.8
2026.09.29 08:26:07 INFO  no build target found for C:\Users\chidi\Desktop\Scala_Project\poker\Combinations.scala. Using presentation compiler with project's scala-library version: 3.3.8
2026.09.29 08:26:07 INFO  no build target found for C:\Users\chidi\Desktop\Scala_Project\poker\Combinations.scala. Using presentation compiler with project's scala-library version: 3.3.8
2026.09.29 08:26:07 INFO  no build target found for C:\Users\chidi\Desktop\Scala_Project\poker\Combinations.scala. Using presentation compiler with project's scala-library version: 3.3.8
2026.09.29 08:26:07 INFO  no build target found for C:\Users\chidi\Desktop\Scala_Project\poker\Combinations.scala. Using presentation compiler with project's scala-library version: 3.3.8
2026.09.29 08:26:07 INFO  no build target found for C:\Users\chidi\Desktop\Scala_Project\poker\Combinations.scala. Using presentation compiler with project's scala-library version: 3.3.8
2026.09.29 08:26:07 INFO  no build target found for C:\Users\chidi\Desktop\Scala_Project\poker\Combinations.scala. Using presentation compiler with project's scala-library version: 3.3.8
2026.09.29 08:26:07 INFO  no build target found for C:\Users\chidi\Desktop\Scala_Project\poker\Combinations.scala. Using presentation compiler with project's scala-library version: 3.3.8
2026.09.29 08:26:07 INFO  no build target found for C:\Users\chidi\Desktop\Scala_Project\poker\Combinations.scala. Using presentation compiler with project's scala-library version: 3.3.8
2026.09.29 08:26:08 INFO  no build target found for C:\Users\chidi\Desktop\Scala_Project\poker\Combinations.scala. Using presentation compiler with project's scala-library version: 3.3.8
2026.09.29 08:26:07 INFO  no build target found for C:\Users\chidi\Desktop\Scala_Project\poker\Combinations.scala. Using presentation compiler with project's scala-library version: 3.3.8
2026.09.29 08:26:08 INFO  no build target found for C:\Users\chidi\Desktop\Scala_Project\poker\Combinations.scala. Using presentation compiler with project's scala-library version: 3.3.8
2026.09.29 08:26:08 INFO  no build target found for C:\Users\chidi\Desktop\Scala_Project\poker\Combinations.scala. Using presentation compiler with project's scala-library version: 3.3.8
2026.09.29 08:26:08 INFO  no build target found for C:\Users\chidi\Desktop\Scala_Project\poker\Combinations.scala. Using presentation compiler with project's scala-library version: 3.3.8
2026.09.29 08:26:09 INFO  no build target found for C:\Users\chidi\Desktop\Scala_Project\poker\Combinations.scala. Using presentation compiler with project's scala-library version: 3.3.8
2026.09.29 08:26:08 WARN  no build target for: C:\Users\chidi\Desktop\Scala_Project\poker\Combinations.scala
2026.09.29 08:26:09 INFO  no build target found for C:\Users\chidi\Desktop\Scala_Project\poker\Combinations.scala. Using presentation compiler with project's scala-library version: 3.3.8
2026.09.29 08:26:09 INFO  no build target found for C:\Users\chidi\Desktop\Scala_Project\poker\Combinations.scala. Using presentation compiler with project's scala-library version: 3.3.8
2026.09.29 08:26:09 INFO  no build target found for C:\Users\chidi\Desktop\Scala_Project\poker\Combinations.scala. Using presentation compiler with project's scala-library version: 3.3.8
2026.09.29 08:26:09 INFO  no build target found for C:\Users\chidi\Desktop\Scala_Project\poker\Combinations.scala. Using presentation compiler with project's scala-library version: 3.3.8
2026.09.29 08:26:10 INFO  no build target found for C:\Users\chidi\Desktop\Scala_Project\poker\Combinations.scala. Using presentation compiler with project's scala-library version: 3.3.8
2026.09.29 08:26:09 INFO  no build target found for C:\Users\chidi\Desktop\Scala_Project\poker\Combinations.scala. Using presentation compiler with project's scala-library version: 3.3.8
2026.09.29 08:26:09 INFO  no build target found for C:\Users\chidi\Desktop\Scala_Project\poker\Combinations.scala. Using presentation compiler with project's scala-library version: 3.3.8
2026.09.29 08:26:11 INFO  no build target found for C:\Users\chidi\Desktop\Scala_Project\poker\Combinations.scala. Using presentation compiler with project's scala-library version: 3.3.8
2026.09.29 08:26:11 INFO  no build target found for C:\Users\chidi\Desktop\Scala_Project\poker\Combinations.scala. Using presentation compiler with project's scala-library version: 3.3.8
2026.09.29 08:26:11 INFO  no build target found for C:\Users\chidi\Desktop\Scala_Project\poker\Combinations.scala. Using presentation compiler with project's scala-library version: 3.3.8
2026.09.29 08:26:11 INFO  no build target found for C:\Users\chidi\Desktop\Scala_Project\poker\Combinations.scala. Using presentation compiler with project's scala-library version: 3.3.8
2026.09.29 08:26:11 INFO  no build target found for C:\Users\chidi\Desktop\Scala_Project\poker\Combinations.scala. Using presentation compiler with project's scala-library version: 3.3.8
2026.09.29 08:26:11 INFO  no build target found for C:\Users\chidi\Desktop\Scala_Project\poker\Combinations.scala. Using presentation compiler with project's scala-library version: 3.3.8
2026.09.29 08:26:12 INFO  no build target found for C:\Users\chidi\Desktop\Scala_Project\poker\Combinations.scala. Using presentation compiler with project's scala-library version: 3.3.8
2026.09.29 08:26:12 INFO  no build target found for C:\Users\chidi\Desktop\Scala_Project\poker\Combinations.scala. Using presentation compiler with project's scala-library version: 3.3.8
2026.09.29 08:26:12 INFO  no build target found for C:\Users\chidi\Desktop\Scala_Project\poker\Combinations.scala. Using presentation compiler with project's scala-library version: 3.3.8
2026.09.29 08:26:12 INFO  no build target found for C:\Users\chidi\Desktop\Scala_Project\poker\Combinations.scala. Using presentation compiler with project's scala-library version: 3.3.8
2026.09.29 08:26:12 INFO  no build target found for C:\Users\chidi\Desktop\Scala_Project\poker\Combinations.scala. Using presentation compiler with project's scala-library version: 3.3.8
2026.09.29 08:26:12 INFO  no build target found for C:\Users\chidi\Desktop\Scala_Project\poker\Combinations.scala. Using presentation compiler with project's scala-library version: 3.3.8
2026.09.29 08:26:12 INFO  no build target found for C:\Users\chidi\Desktop\Scala_Project\poker\Combinations.scala. Using presentation compiler with project's scala-library version: 3.3.8
2026.09.29 08:26:12 INFO  no build target found for C:\Users\chidi\Desktop\Scala_Project\poker\Combinations.scala. Using presentation compiler with project's scala-library version: 3.3.8
2026.09.29 08:26:12 INFO  no build target found for C:\Users\chidi\Desktop\Scala_Project\poker\Combinations.scala. Using presentation compiler with project's scala-library version: 3.3.8
2026.09.29 08:26:12 INFO  no build target found for C:\Users\chidi\Desktop\Scala_Project\poker\Combinations.scala. Using presentation compiler with project's scala-library version: 3.3.8
2026.09.29 08:26:12 INFO  no build target found for C:\Users\chidi\Desktop\Scala_Project\poker\Combinations.scala. Using presentation compiler with project's scala-library version: 3.3.8
2026.09.29 08:26:12 INFO  no build target found for C:\Users\chidi\Desktop\Scala_Project\poker\Combinations.scala. Using presentation compiler with project's scala-library version: 3.3.8
2026.09.29 08:26:12 INFO  no build target found for C:\Users\chidi\Desktop\Scala_Project\poker\Combinations.scala. Using presentation compiler with project's scala-library version: 3.3.8
2026.09.29 08:26:13 INFO  no build target found for C:\Users\chidi\Desktop\Scala_Project\poker\Combinations.scala. Using presentation compiler with project's scala-library version: 3.3.8
2026.09.29 08:26:13 INFO  no build target found for C:\Users\chidi\Desktop\Scala_Project\poker\Combinations.scala. Using presentation compiler with project's scala-library version: 3.3.8
2026.09.29 08:26:13 INFO  no build target found for C:\Users\chidi\Desktop\Scala_Project\poker\Combinations.scala. Using presentation compiler with project's scala-library version: 3.3.8
2026.09.29 08:26:13 INFO  no build target found for C:\Users\chidi\Desktop\Scala_Project\poker\Combinations.scala. Using presentation compiler with project's scala-library version: 3.3.8
2026.09.29 08:26:13 INFO  no build target found for C:\Users\chidi\Desktop\Scala_Project\poker\Combinations.scala. Using presentation compiler with project's scala-library version: 3.3.8
2026.09.29 08:26:13 INFO  no build target found for C:\Users\chidi\Desktop\Scala_Project\poker\Combinations.scala. Using presentation compiler with project's scala-library version: 3.3.8
2026.09.29 08:26:13 INFO  no build target found for C:\Users\chidi\Desktop\Scala_Project\poker\Combinations.scala. Using presentation compiler with project's scala-library version: 3.3.8
2026.09.29 08:26:13 INFO  no build target found for C:\Users\chidi\Desktop\Scala_Project\poker\Combinations.scala. Using presentation compiler with project's scala-library version: 3.3.8
2026.09.29 08:26:14 INFO  no build target found for C:\Users\chidi\Desktop\Scala_Project\poker\Combinations.scala. Using presentation compiler with project's scala-library version: 3.3.8
2026.09.29 08:26:14 INFO  no build target found for C:\Users\chidi\Desktop\Scala_Project\poker\Combinations.scala. Using presentation compiler with project's scala-library version: 3.3.8
2026.09.29 08:26:14 INFO  no build target found for C:\Users\chidi\Desktop\Scala_Project\poker\Combinations.scala. Using presentation compiler with project's scala-library version: 3.3.8
2026.09.29 08:26:14 INFO  no build target found for C:\Users\chidi\Desktop\Scala_Project\poker\Combinations.scala. Using presentation compiler with project's scala-library version: 3.3.8
2026.09.29 08:26:14 INFO  no build target found for C:\Users\chidi\Desktop\Scala_Project\poker\Combinations.scala. Using presentation compiler with project's scala-library version: 3.3.8
2026.09.29 08:26:14 INFO  no build target found for C:\Users\chidi\Desktop\Scala_Project\poker\Combinations.scala. Using presentation compiler with project's scala-library version: 3.3.8
2026.09.29 08:26:14 INFO  no build target found for C:\Users\chidi\Desktop\Scala_Project\poker\Combinations.scala. Using presentation compiler with project's scala-library version: 3.3.8
2026.09.29 08:26:14 INFO  no build target found for C:\Users\chidi\Desktop\Scala_Project\poker\Combinations.scala. Using presentation compiler with project's scala-library version: 3.3.8
2026.09.29 08:26:14 INFO  no build target found for C:\Users\chidi\Desktop\Scala_Project\poker\Combinations.scala. Using presentation compiler with project's scala-library version: 3.3.8
2026.09.29 08:26:14 INFO  no build target found for C:\Users\chidi\Desktop\Scala_Project\poker\Combinations.scala. Using presentation compiler with project's scala-library version: 3.3.8
2026.09.29 08:26:14 INFO  no build target found for C:\Users\chidi\Desktop\Scala_Project\poker\Combinations.scala. Using presentation compiler with project's scala-library version: 3.3.8
2026.09.29 08:26:14 INFO  no build target found for C:\Users\chidi\Desktop\Scala_Project\poker\Combinations.scala. Using presentation compiler with project's scala-library version: 3.3.8
2026.09.29 08:26:14 INFO  no build target found for C:\Users\chidi\Desktop\Scala_Project\poker\Combinations.scala. Using presentation compiler with project's scala-library version: 3.3.8
2026.09.29 08:26:15 INFO  no build target found for C:\Users\chidi\Desktop\Scala_Project\poker\Combinations.scala. Using presentation compiler with project's scala-library version: 3.3.8
2026.09.29 08:26:14 INFO  no build target found for C:\Users\chidi\Desktop\Scala_Project\poker\Combinations.scala. Using presentation compiler with project's scala-library version: 3.3.8
2026.09.29 08:26:15 INFO  no build target found for C:\Users\chidi\Desktop\Scala_Project\poker\Combinations.scala. Using presentation compiler with project's scala-library version: 3.3.8
2026.09.29 08:26:14 INFO  no build target found for C:\Users\chidi\Desktop\Scala_Project\poker\Combinations.scala. Using presentation compiler with project's scala-library version: 3.3.8
2026.09.29 08:26:15 INFO  no build target found for C:\Users\chidi\Desktop\Scala_Project\poker\Combinations.scala. Using presentation compiler with project's scala-library version: 3.3.8
2026.09.29 08:26:15 INFO  no build target found for C:\Users\chidi\Desktop\Scala_Project\poker\Combinations.scala. Using presentation compiler with project's scala-library version: 3.3.8
2026.09.29 08:26:15 INFO  no build target found for C:\Users\chidi\Desktop\Scala_Project\poker\Combinations.scala. Using presentation compiler with project's scala-library version: 3.3.8
2026.09.29 08:26:15 INFO  no build target found for C:\Users\chidi\Desktop\Scala_Project\poker\Combinations.scala. Using presentation compiler with project's scala-library version: 3.3.8
2026.09.29 08:26:15 INFO  no build target found for C:\Users\chidi\Desktop\Scala_Project\poker\Combinations.scala. Using presentation compiler with project's scala-library version: 3.3.8
2026.09.29 08:26:15 INFO  no build target found for C:\Users\chidi\Desktop\Scala_Project\poker\Combinations.scala. Using presentation compiler with project's scala-library version: 3.3.8
2026.09.29 08:26:15 INFO  no build target found for C:\Users\chidi\Desktop\Scala_Project\poker\Combinations.scala. Using presentation compiler with project's scala-library version: 3.3.8
2026.09.29 08:26:15 INFO  no build target found for C:\Users\chidi\Desktop\Scala_Project\poker\Combinations.scala. Using presentation compiler with project's scala-library version: 3.3.8
2026.09.29 08:26:15 INFO  no build target found for C:\Users\chidi\Desktop\Scala_Project\poker\Combinations.scala. Using presentation compiler with project's scala-library version: 3.3.8
2026.09.29 08:26:16 INFO  no build target found for C:\Users\chidi\Desktop\Scala_Project\poker\Combinations.scala. Using presentation compiler with project's scala-library version: 3.3.8
2026.09.29 08:26:16 WARN  no build target for: C:\Users\chidi\Desktop\Scala_Project\poker\Combinations.scala
2026.09.29 08:26:16 INFO  no build target found for C:\Users\chidi\Desktop\Scala_Project\poker\Combinations.scala. Using presentation compiler with project's scala-library version: 3.3.8
2026.09.29 08:26:16 INFO  no build target found for C:\Users\chidi\Desktop\Scala_Project\poker\Combinations.scala. Using presentation compiler with project's scala-library version: 3.3.8
2026.09.29 08:26:21 INFO  no build target found for C:\Users\chidi\Desktop\Scala_Project\poker\Combinations.scala. Using presentation compiler with project's scala-library version: 3.3.8
2026.09.29 08:26:21 INFO  no build target found for C:\Users\chidi\Desktop\Scala_Project\poker\Combinations.scala. Using presentation compiler with project's scala-library version: 3.3.8
2026.09.29 08:26:21 INFO  no build target found for C:\Users\chidi\Desktop\Scala_Project\poker\Combinations.scala. Using presentation compiler with project's scala-library version: 3.3.8
2026.09.29 08:26:21 INFO  no build target found for C:\Users\chidi\Desktop\Scala_Project\poker\Combinations.scala. Using presentation compiler with project's scala-library version: 3.3.8
2026.09.29 08:26:22 WARN  no build target for: C:\Users\chidi\Desktop\Scala_Project\poker\Combinations.scala
2026.09.29 08:26:22 INFO  no build target found for C:\Users\chidi\Desktop\Scala_Project\poker\Combinations.scala. Using presentation compiler with project's scala-library version: 3.3.8
2026.09.29 08:26:22 INFO  no build target found for C:\Users\chidi\Desktop\Scala_Project\poker\Combinations.scala. Using presentation compiler with project's scala-library version: 3.3.8
2026.09.29 08:26:26 INFO  no build target found for C:\Users\chidi\Desktop\Scala_Project\poker\Combinations.scala. Using presentation compiler with project's scala-library version: 3.3.8
2026.09.29 08:26:26 INFO  no build target found for C:\Users\chidi\Desktop\Scala_Project\poker\Combinations.scala. Using presentation compiler with project's scala-library version: 3.3.8
2026.09.29 08:26:26 INFO  no build target found for C:\Users\chidi\Desktop\Scala_Project\poker\Combinations.scala. Using presentation compiler with project's scala-library version: 3.3.8
2026.09.29 08:26:26 INFO  no build target found for C:\Users\chidi\Desktop\Scala_Project\poker\Combinations.scala. Using presentation compiler with project's scala-library version: 3.3.8
2026.09.29 08:26:27 INFO  no build target found for C:\Users\chidi\Desktop\Scala_Project\poker\Combinations.scala. Using presentation compiler with project's scala-library version: 3.3.8
2026.09.29 08:26:28 INFO  no build target found for C:\Users\chidi\Desktop\Scala_Project\poker\Combinations.scala. Using presentation compiler with project's scala-library version: 3.3.8
2026.09.29 08:26:28 WARN  no build target for: C:\Users\chidi\Desktop\Scala_Project\poker\Combinations.scala
2026.09.29 08:26:28 INFO  no build target found for C:\Users\chidi\Desktop\Scala_Project\poker\Combinations.scala. Using presentation compiler with project's scala-library version: 3.3.8
2026.09.29 08:26:34 INFO  no build target found for C:\Users\chidi\Desktop\Scala_Project\poker\Combinations.scala. Using presentation compiler with project's scala-library version: 3.3.8
2026.09.29 08:26:37 INFO  no build target found for C:\Users\chidi\Desktop\Scala_Project\poker\Combinations.scala. Using presentation compiler with project's scala-library version: 3.3.8
2026.09.29 08:26:37 INFO  no build target found for C:\Users\chidi\Desktop\Scala_Project\poker\Combinations.scala. Using presentation compiler with project's scala-library version: 3.3.8
2026.09.29 08:26:38 INFO  no build target found for C:\Users\chidi\Desktop\Scala_Project\poker\Combinations.scala. Using presentation compiler with project's scala-library version: 3.3.8
2026.09.29 08:26:38 INFO  no build target found for C:\Users\chidi\Desktop\Scala_Project\poker\Combinations.scala. Using presentation compiler with project's scala-library version: 3.3.8
2026.09.29 08:26:38 INFO  no build target found for C:\Users\chidi\Desktop\Scala_Project\poker\Combinations.scala. Using presentation compiler with project's scala-library version: 3.3.8
2026.09.29 08:26:39 INFO  no build target found for C:\Users\chidi\Desktop\Scala_Project\poker\Combinations.scala. Using presentation compiler with project's scala-library version: 3.3.8
2026.09.29 08:26:39 INFO  no build target found for C:\Users\chidi\Desktop\Scala_Project\poker\Combinations.scala. Using presentation compiler with project's scala-library version: 3.3.8
2026.09.29 08:26:39 INFO  no build target found for C:\Users\chidi\Desktop\Scala_Project\poker\Combinations.scala. Using presentation compiler with project's scala-library version: 3.3.8
2026.09.29 08:26:39 INFO  no build target found for C:\Users\chidi\Desktop\Scala_Project\poker\Combinations.scala. Using presentation compiler with project's scala-library version: 3.3.8
2026.09.29 08:26:39 INFO  no build target found for C:\Users\chidi\Desktop\Scala_Project\poker\Combinations.scala. Using presentation compiler with project's scala-library version: 3.3.8
2026.09.29 08:26:40 INFO  no build target found for C:\Users\chidi\Desktop\Scala_Project\poker\Combinations.scala. Using presentation compiler with project's scala-library version: 3.3.8
2026.09.29 08:26:40 INFO  no build target found for C:\Users\chidi\Desktop\Scala_Project\poker\Combinations.scala. Using presentation compiler with project's scala-library version: 3.3.8
2026.09.29 08:26:40 INFO  no build target found for C:\Users\chidi\Desktop\Scala_Project\poker\Combinations.scala. Using presentation compiler with project's scala-library version: 3.3.8
2026.09.29 08:26:41 INFO  no build target found for C:\Users\chidi\Desktop\Scala_Project\poker\Combinations.scala. Using presentation compiler with project's scala-library version: 3.3.8
2026.09.29 08:26:41 WARN  no build target for: C:\Users\chidi\Desktop\Scala_Project\poker\Combinations.scala
2026.09.29 08:26:41 INFO  no build target found for C:\Users\chidi\Desktop\Scala_Project\poker\Combinations.scala. Using presentation compiler with project's scala-library version: 3.3.8
2026.09.29 08:26:42 INFO  no build target found for C:\Users\chidi\Desktop\Scala_Project\poker\Combinations.scala. Using presentation compiler with project's scala-library version: 3.3.8
2026.09.29 08:26:42 INFO  no build target found for C:\Users\chidi\Desktop\Scala_Project\poker\Combinations.scala. Using presentation compiler with project's scala-library version: 3.3.8
2026.09.29 08:26:41 INFO  no build target found for C:\Users\chidi\Desktop\Scala_Project\poker\Combinations.scala. Using presentation compiler with project's scala-library version: 3.3.8
2026.09.29 08:26:42 INFO  no build target found for C:\Users\chidi\Desktop\Scala_Project\poker\Combinations.scala. Using presentation compiler with project's scala-library version: 3.3.8
2026.09.29 08:26:42 INFO  no build target found for C:\Users\chidi\Desktop\Scala_Project\poker\Combinations.scala. Using presentation compiler with project's scala-library version: 3.3.8
2026.09.29 08:26:42 INFO  no build target found for C:\Users\chidi\Desktop\Scala_Project\poker\Combinations.scala. Using presentation compiler with project's scala-library version: 3.3.8
2026.09.29 08:26:42 INFO  no build target found for C:\Users\chidi\Desktop\Scala_Project\poker\Combinations.scala. Using presentation compiler with project's scala-library version: 3.3.8
2026.09.29 08:26:43 INFO  no build target found for C:\Users\chidi\Desktop\Scala_Project\poker\Combinations.scala. Using presentation compiler with project's scala-library version: 3.3.8
2026.09.29 08:26:42 INFO  no build target found for C:\Users\chidi\Desktop\Scala_Project\poker\Combinations.scala. Using presentation compiler with project's scala-library version: 3.3.8
2026.09.29 08:26:42 INFO  no build target found for C:\Users\chidi\Desktop\Scala_Project\poker\Combinations.scala. Using presentation compiler with project's scala-library version: 3.3.8
2026.09.29 08:26:43 INFO  no build target found for C:\Users\chidi\Desktop\Scala_Project\poker\Combinations.scala. Using presentation compiler with project's scala-library version: 3.3.8
2026.09.29 08:26:43 INFO  no build target found for C:\Users\chidi\Desktop\Scala_Project\poker\Combinations.scala. Using presentation compiler with project's scala-library version: 3.3.8
2026.09.29 08:26:43 INFO  no build target found for C:\Users\chidi\Desktop\Scala_Project\poker\Combinations.scala. Using presentation compiler with project's scala-library version: 3.3.8
2026.09.29 08:26:43 INFO  no build target found for C:\Users\chidi\Desktop\Scala_Project\poker\Combinations.scala. Using presentation compiler with project's scala-library version: 3.3.8
2026.09.29 08:26:43 INFO  no build target found for C:\Users\chidi\Desktop\Scala_Project\poker\Combinations.scala. Using presentation compiler with project's scala-library version: 3.3.8
2026.09.29 08:26:43 INFO  no build target found for C:\Users\chidi\Desktop\Scala_Project\poker\Combinations.scala. Using presentation compiler with project's scala-library version: 3.3.8
2026.09.29 08:26:43 INFO  no build target found for C:\Users\chidi\Desktop\Scala_Project\poker\Combinations.scala. Using presentation compiler with project's scala-library version: 3.3.8
2026.09.29 08:26:43 INFO  no build target found for C:\Users\chidi\Desktop\Scala_Project\poker\Combinations.scala. Using presentation compiler with project's scala-library version: 3.3.8
2026.09.29 08:26:44 INFO  no build target found for C:\Users\chidi\Desktop\Scala_Project\poker\Combinations.scala. Using presentation compiler with project's scala-library version: 3.3.8
2026.09.29 08:26:44 INFO  no build target found for C:\Users\chidi\Desktop\Scala_Project\poker\Combinations.scala. Using presentation compiler with project's scala-library version: 3.3.8
2026.09.29 08:26:44 INFO  no build target found for C:\Users\chidi\Desktop\Scala_Project\poker\Combinations.scala. Using presentation compiler with project's scala-library version: 3.3.8
2026.09.29 08:26:44 INFO  no build target found for C:\Users\chidi\Desktop\Scala_Project\poker\Combinations.scala. Using presentation compiler with project's scala-library version: 3.3.8
2026.09.29 08:26:44 INFO  no build target found for C:\Users\chidi\Desktop\Scala_Project\poker\Combinations.scala. Using presentation compiler with project's scala-library version: 3.3.8
2026.09.29 08:26:44 INFO  no build target found for C:\Users\chidi\Desktop\Scala_Project\poker\Combinations.scala. Using presentation compiler with project's scala-library version: 3.3.8
2026.09.29 08:26:44 INFO  no build target found for C:\Users\chidi\Desktop\Scala_Project\poker\Combinations.scala. Using presentation compiler with project's scala-library version: 3.3.8
2026.09.29 08:26:45 INFO  no build target found for C:\Users\chidi\Desktop\Scala_Project\poker\Combinations.scala. Using presentation compiler with project's scala-library version: 3.3.8
2026.09.29 08:26:45 INFO  no build target found for C:\Users\chidi\Desktop\Scala_Project\poker\Combinations.scala. Using presentation compiler with project's scala-library version: 3.3.8
2026.09.29 08:26:45 INFO  no build target found for C:\Users\chidi\Desktop\Scala_Project\poker\Combinations.scala. Using presentation compiler with project's scala-library version: 3.3.8
2026.09.29 08:26:45 INFO  no build target found for C:\Users\chidi\Desktop\Scala_Project\poker\Combinations.scala. Using presentation compiler with project's scala-library version: 3.3.8
2026.09.29 08:26:45 INFO  no build target found for C:\Users\chidi\Desktop\Scala_Project\poker\Combinations.scala. Using presentation compiler with project's scala-library version: 3.3.8
2026.09.29 08:26:45 INFO  no build target found for C:\Users\chidi\Desktop\Scala_Project\poker\Combinations.scala. Using presentation compiler with project's scala-library version: 3.3.8
2026.09.29 08:26:45 INFO  no build target found for C:\Users\chidi\Desktop\Scala_Project\poker\Combinations.scala. Using presentation compiler with project's scala-library version: 3.3.8
2026.09.29 08:26:45 INFO  no build target found for C:\Users\chidi\Desktop\Scala_Project\poker\Combinations.scala. Using presentation compiler with project's scala-library version: 3.3.8
2026.09.29 08:26:45 INFO  no build target found for C:\Users\chidi\Desktop\Scala_Project\poker\Combinations.scala. Using presentation compiler with project's scala-library version: 3.3.8
2026.09.29 08:26:45 INFO  no build target found for C:\Users\chidi\Desktop\Scala_Project\poker\Combinations.scala. Using presentation compiler with project's scala-library version: 3.3.8
2026.09.29 08:26:45 INFO  no build target found for C:\Users\chidi\Desktop\Scala_Project\poker\Combinations.scala. Using presentation compiler with project's scala-library version: 3.3.8
2026.09.29 08:26:45 INFO  no build target found for C:\Users\chidi\Desktop\Scala_Project\poker\Combinations.scala. Using presentation compiler with project's scala-library version: 3.3.8
2026.09.29 08:26:45 INFO  no build target found for C:\Users\chidi\Desktop\Scala_Project\poker\Combinations.scala. Using presentation compiler with project's scala-library version: 3.3.8
2026.09.29 08:26:46 INFO  no build target found for C:\Users\chidi\Desktop\Scala_Project\poker\Combinations.scala. Using presentation compiler with project's scala-library version: 3.3.8
2026.09.29 08:26:46 INFO  no build target found for C:\Users\chidi\Desktop\Scala_Project\poker\Combinations.scala. Using presentation compiler with project's scala-library version: 3.3.8
2026.09.29 08:26:46 INFO  no build target found for C:\Users\chidi\Desktop\Scala_Project\poker\Combinations.scala. Using presentation compiler with project's scala-library version: 3.3.8
2026.09.29 08:26:46 INFO  no build target found for C:\Users\chidi\Desktop\Scala_Project\poker\Combinations.scala. Using presentation compiler with project's scala-library version: 3.3.8
2026.09.29 08:26:47 INFO  no build target found for C:\Users\chidi\Desktop\Scala_Project\poker\Combinations.scala. Using presentation compiler with project's scala-library version: 3.3.8
2026.09.29 08:26:46 INFO  no build target found for C:\Users\chidi\Desktop\Scala_Project\poker\Combinations.scala. Using presentation compiler with project's scala-library version: 3.3.8
2026.09.29 08:26:46 INFO  no build target found for C:\Users\chidi\Desktop\Scala_Project\poker\Combinations.scala. Using presentation compiler with project's scala-library version: 3.3.8
2026.09.29 08:26:47 INFO  no build target found for C:\Users\chidi\Desktop\Scala_Project\poker\Combinations.scala. Using presentation compiler with project's scala-library version: 3.3.8
2026.09.29 08:26:47 INFO  no build target found for C:\Users\chidi\Desktop\Scala_Project\poker\Combinations.scala. Using presentation compiler with project's scala-library version: 3.3.8
2026.09.29 08:26:47 INFO  no build target found for C:\Users\chidi\Desktop\Scala_Project\poker\Combinations.scala. Using presentation compiler with project's scala-library version: 3.3.8
2026.09.29 08:26:48 INFO  no build target found for C:\Users\chidi\Desktop\Scala_Project\poker\Combinations.scala. Using presentation compiler with project's scala-library version: 3.3.8
2026.09.29 08:26:48 WARN  no build target for: C:\Users\chidi\Desktop\Scala_Project\poker\Combinations.scala
2026.09.29 08:26:48 INFO  no build target found for C:\Users\chidi\Desktop\Scala_Project\poker\Combinations.scala. Using presentation compiler with project's scala-library version: 3.3.8
2026.09.29 08:26:50 INFO  no build target found for C:\Users\chidi\Desktop\Scala_Project\poker\Combinations.scala. Using presentation compiler with project's scala-library version: 3.3.8
2026.09.29 08:26:50 INFO  no build target found for C:\Users\chidi\Desktop\Scala_Project\poker\Combinations.scala. Using presentation compiler with project's scala-library version: 3.3.8
2026.09.29 08:26:51 INFO  no build target found for C:\Users\chidi\Desktop\Scala_Project\poker\Combinations.scala. Using presentation compiler with project's scala-library version: 3.3.8
2026.09.29 08:26:51 WARN  no build target for: C:\Users\chidi\Desktop\Scala_Project\poker\Combinations.scala
2026.09.29 08:26:51 INFO  no build target found for C:\Users\chidi\Desktop\Scala_Project\poker\Combinations.scala. Using presentation compiler with project's scala-library version: 3.3.8
2026.09.29 08:26:52 INFO  no build target found for C:\Users\chidi\Desktop\Scala_Project\poker\Combinations.scala. Using presentation compiler with project's scala-library version: 3.3.8
2026.09.29 08:26:52 INFO  no build target found for C:\Users\chidi\Desktop\Scala_Project\poker\Combinations.scala. Using presentation compiler with project's scala-library version: 3.3.8
2026.09.29 08:26:52 INFO  no build target found for C:\Users\chidi\Desktop\Scala_Project\poker\Combinations.scala. Using presentation compiler with project's scala-library version: 3.3.8
2026.09.29 08:26:52 INFO  no build target found for C:\Users\chidi\Desktop\Scala_Project\poker\Combinations.scala. Using presentation compiler with project's scala-library version: 3.3.8
2026.09.29 08:26:52 INFO  no build target found for C:\Users\chidi\Desktop\Scala_Project\poker\Combinations.scala. Using presentation compiler with project's scala-library version: 3.3.8
2026.09.29 08:26:53 INFO  no build target found for C:\Users\chidi\Desktop\Scala_Project\poker\Combinations.scala. Using presentation compiler with project's scala-library version: 3.3.8
2026.09.29 08:26:52 INFO  no build target found for C:\Users\chidi\Desktop\Scala_Project\poker\Combinations.scala. Using presentation compiler with project's scala-library version: 3.3.8
2026.09.29 08:26:53 WARN  no build target for: C:\Users\chidi\Desktop\Scala_Project\poker\Combinations.scala
2026.09.29 08:26:53 INFO  no build target found for C:\Users\chidi\Desktop\Scala_Project\poker\Combinations.scala. Using presentation compiler with project's scala-library version: 3.3.8
2026.09.29 08:26:53 INFO  no build target found for C:\Users\chidi\Desktop\Scala_Project\poker\Combinations.scala. Using presentation compiler with project's scala-library version: 3.3.8
2026.09.29 08:27:03 INFO  no build target found for C:\Users\chidi\Desktop\Scala_Project\poker\Combinations.scala. Using presentation compiler with project's scala-library version: 3.3.8
2026.09.29 08:27:03 INFO  no build target found for C:\Users\chidi\Desktop\Scala_Project\Main.scala. Using presentation compiler with project's scala-library version: 3.3.8
2026.09.29 08:27:03 WARN  no build target for: C:\Users\chidi\Desktop\Scala_Project\Main.scala
2026.09.29 08:27:03 INFO  no build target found for C:\Users\chidi\Desktop\Scala_Project\Main.scala. Using presentation compiler with project's scala-library version: 3.3.8
2026.09.29 08:27:03 INFO  no build target found for C:\Users\chidi\Desktop\Scala_Project\Main.scala. Using presentation compiler with project's scala-library version: 3.3.8
2026.09.29 08:27:03 INFO  no build target found for C:\Users\chidi\Desktop\Scala_Project\Main.scala. Using presentation compiler with project's scala-library version: 3.3.8
2026.09.29 08:27:03 INFO  no build target found for C:\Users\chidi\Desktop\Scala_Project\Main.scala. Using presentation compiler with project's scala-library version: 3.3.8
2026.09.29 08:27:04 INFO  no build target found for C:\Users\chidi\Desktop\Scala_Project\Main.scala. Using presentation compiler with project's scala-library version: 3.3.8
2026.09.29 08:27:04 INFO  no build target found for C:\Users\chidi\Desktop\Scala_Project\Main.scala. Using presentation compiler with project's scala-library version: 3.3.8
2026.09.29 08:27:04 INFO  no build target found for C:\Users\chidi\Desktop\Scala_Project\Main.scala. Using presentation compiler with project's scala-library version: 3.3.8
2026.09.29 08:27:04 INFO  no build target found for C:\Users\chidi\Desktop\Scala_Project\Main.scala. Using presentation compiler with project's scala-library version: 3.3.8
2026.09.29 08:27:04 INFO  no build target found for C:\Users\chidi\Desktop\Scala_Project\Main.scala. Using presentation compiler with project's scala-library version: 3.3.8
2026.09.29 08:27:04 WARN  no build target for: C:\Users\chidi\Desktop\Scala_Project\Main.scala
2026.09.29 08:27:04 INFO  no build target found for C:\Users\chidi\Desktop\Scala_Project\Main.scala. Using presentation compiler with project's scala-library version: 3.3.8
2026.09.29 08:27:04 INFO  no build target found for C:\Users\chidi\Desktop\Scala_Project\Main.scala. Using presentation compiler with project's scala-library version: 3.3.8
2026.09.29 08:27:14 INFO  no build target found for C:\Users\chidi\Desktop\Scala_Project\Main.scala. Using presentation compiler with project's scala-library version: 3.3.8
2026.09.29 08:27:14 INFO  no build target found for C:\Users\chidi\Desktop\Scala_Project\Main.scala. Using presentation compiler with project's scala-library version: 3.3.8
2026.09.29 08:27:14 INFO  no build target found for C:\Users\chidi\Desktop\Scala_Project\Main.scala. Using presentation compiler with project's scala-library version: 3.3.8
2026.09.29 08:27:16 INFO  no build target found for C:\Users\chidi\Desktop\Scala_Project\poker\Combinations.scala. Using presentation compiler with project's scala-library version: 3.3.8
2026.09.29 08:27:16 WARN  no build target for: C:\Users\chidi\Desktop\Scala_Project\poker\Combinations.scala
2026.09.29 08:27:16 INFO  no build target found for C:\Users\chidi\Desktop\Scala_Project\poker\Combinations.scala. Using presentation compiler with project's scala-library version: 3.3.8
2026.09.29 08:27:16 INFO  no build target found for C:\Users\chidi\Desktop\Scala_Project\poker\Combinations.scala. Using presentation compiler with project's scala-library version: 3.3.8
2026.09.29 08:27:16 INFO  no build target found for C:\Users\chidi\Desktop\Scala_Project\poker\Combinations.scala. Using presentation compiler with project's scala-library version: 3.3.8
2026.09.29 08:27:16 INFO  no build target found for C:\Users\chidi\Desktop\Scala_Project\poker\Combinations.scala. Using presentation compiler with project's scala-library version: 3.3.8
2026.09.29 08:27:16 INFO  no build target found for C:\Users\chidi\Desktop\Scala_Project\poker\Combinations.scala. Using presentation compiler with project's scala-library version: 3.3.8
2026.09.29 08:27:18 INFO  no build target found for C:\Users\chidi\Desktop\Scala_Project\poker\Combinations.scala. Using presentation compiler with project's scala-library version: 3.3.8
2026.09.29 08:27:18 INFO  no build target found for C:\Users\chidi\Desktop\Scala_Project\poker\Combinations.scala. Using presentation compiler with project's scala-library version: 3.3.8
2026.09.29 08:27:18 INFO  no build target found for C:\Users\chidi\Desktop\Scala_Project\poker\Combinations.scala. Using presentation compiler with project's scala-library version: 3.3.8
2026.09.29 08:27:18 INFO  no build target found for C:\Users\chidi\Desktop\Scala_Project\poker\Combinations.scala. Using presentation compiler with project's scala-library version: 3.3.8
2026.09.29 08:27:18 INFO  no build target found for C:\Users\chidi\Desktop\Scala_Project\poker\Combinations.scala. Using presentation compiler with project's scala-library version: 3.3.8
2026.09.29 08:27:19 INFO  no build target found for C:\Users\chidi\Desktop\Scala_Project\poker\Combinations.scala. Using presentation compiler with project's scala-library version: 3.3.8
2026.09.29 08:27:18 INFO  no build target found for C:\Users\chidi\Desktop\Scala_Project\poker\Combinations.scala. Using presentation compiler with project's scala-library version: 3.3.8
2026.09.29 08:27:19 INFO  no build target found for C:\Users\chidi\Desktop\Scala_Project\poker\Combinations.scala. Using presentation compiler with project's scala-library version: 3.3.8
2026.09.29 08:27:19 WARN  no build target for: C:\Users\chidi\Desktop\Scala_Project\poker\Combinations.scala
2026.09.29 08:27:19 INFO  no build target found for C:\Users\chidi\Desktop\Scala_Project\poker\Combinations.scala. Using presentation compiler with project's scala-library version: 3.3.8
2026.09.29 08:27:21 WARN  no build target for: C:\Users\chidi\Desktop\Scala_Project\poker\Combinations.scala
2026.09.29 08:27:21 INFO  no build target found for C:\Users\chidi\Desktop\Scala_Project\poker\Combinations.scala. Using presentation compiler with project's scala-library version: 3.3.8
2026.09.29 08:27:33 INFO  no build target found for C:\Users\chidi\Desktop\Scala_Project\poker\Combinations.scala. Using presentation compiler with project's scala-library version: 3.3.8
2026.09.29 08:27:35 INFO  no build target found for C:\Users\chidi\Desktop\Scala_Project\poker\Combinations.scala. Using presentation compiler with project's scala-library version: 3.3.8
2026.09.29 08:27:35 INFO  no build target found for C:\Users\chidi\Desktop\Scala_Project\poker\Combinations.scala. Using presentation compiler with project's scala-library version: 3.3.8
2026.09.29 08:27:35 INFO  no build target found for C:\Users\chidi\Desktop\Scala_Project\poker\Combinations.scala. Using presentation compiler with project's scala-library version: 3.3.8
2026.09.29 08:27:35 INFO  no build target found for C:\Users\chidi\Desktop\Scala_Project\poker\Combinations.scala. Using presentation compiler with project's scala-library version: 3.3.8
2026.09.29 08:27:42 INFO  no build target found for C:\Users\chidi\Desktop\Scala_Project\poker\Combinations.scala. Using presentation compiler with project's scala-library version: 3.3.8
2026.09.29 08:27:42 INFO  no build target found for C:\Users\chidi\Desktop\Scala_Project\poker\Combinations.scala. Using presentation compiler with project's scala-library version: 3.3.8
2026.09.29 08:27:42 INFO  no build target found for C:\Users\chidi\Desktop\Scala_Project\poker\Combinations.scala. Using presentation compiler with project's scala-library version: 3.3.8
2026.09.29 08:27:42 INFO  no build target found for C:\Users\chidi\Desktop\Scala_Project\poker\Combinations.scala. Using presentation compiler with project's scala-library version: 3.3.8
2026.09.29 08:27:42 INFO  no build target found for C:\Users\chidi\Desktop\Scala_Project\poker\Combinations.scala. Using presentation compiler with project's scala-library version: 3.3.8
2026.09.29 08:27:42 INFO  no build target found for C:\Users\chidi\Desktop\Scala_Project\poker\Combinations.scala. Using presentation compiler with project's scala-library version: 3.3.8
2026.09.29 08:27:43 INFO  no build target found for C:\Users\chidi\Desktop\Scala_Project\poker\Combinations.scala. Using presentation compiler with project's scala-library version: 3.3.8
2026.09.29 08:27:43 INFO  no build target found for C:\Users\chidi\Desktop\Scala_Project\poker\Combinations.scala. Using presentation compiler with project's scala-library version: 3.3.8
2026.09.29 08:27:44 WARN  no build target for: C:\Users\chidi\Desktop\Scala_Project\poker\Combinations.scala
2026.09.29 08:27:44 INFO  no build target found for C:\Users\chidi\Desktop\Scala_Project\poker\Combinations.scala. Using presentation compiler with project's scala-library version: 3.3.8
2026.09.29 08:27:44 INFO  no build target found for C:\Users\chidi\Desktop\Scala_Project\poker\Combinations.scala. Using presentation compiler with project's scala-library version: 3.3.8
2026.09.29 08:27:44 WARN  no build target for: C:\Users\chidi\Desktop\Scala_Project\poker\Combinations.scala
2026.09.29 08:27:44 INFO  no build target found for C:\Users\chidi\Desktop\Scala_Project\poker\Combinations.scala. Using presentation compiler with project's scala-library version: 3.3.8
2026.09.29 08:27:54 INFO  no build target found for C:\Users\chidi\Desktop\Scala_Project\poker\Combinations.scala. Using presentation compiler with project's scala-library version: 3.3.8
